id,name,parent_id,color,label_tree_id,source_id,rank,scientificname,status,valid_AphiaID,valid_name,valid_rank
443113,Substrate,,f26f55,3270,,Arbitrary,,,,,
443114,Substrate_A,443113,f26f55,3270,,Arbitrary,,,,,
443115,Substrate_B,443113,f26f55,3270,,Arbitrary,,,,,
443116,Substrate_C,443113,f26f55,3270,,Arbitrary,,,,,
443117,Bedrock,443114,f26f55,3270,,Arbitrary,,,,,
443118,Boulders,443114,f26f55,3270,,Arbitrary,,,,,
443119,Cobbles,443114,f26f55,3270,,Arbitrary,,,,,
443120,Pebbles,443114,f26f55,3270,,Arbitrary,,,,,
443121,Gravel,443114,f26f55,3270,,Arbitrary,,,,,
443122,Sand,443114,f26f55,3270,,Arbitrary,,,,,
443123,Muddy sed,443114,f26f55,3270,,Arbitrary,,,,,
443124,Sulphidic sed.,443114,f26f55,3270,,Arbitrary,,,,,
443125,bacterial mat,443116,f26f55,3270,,Arbitrary,,,,,
443126,outcrop,443115,f26f55,3270,,Arbitrary,,,,,
443127,smooth,443115,f26f55,3270,,Arbitrary,,,,,
443128,irregular,443115,f26f55,3270,,Arbitrary,,,,,
443129,waves,443115,f26f55,3270,,Arbitrary,,,,,
443130,ripples,443115,f26f55,3270,,Arbitrary,,,,,
443131,flat,443115,f26f55,3270,,Arbitrary,,,,,
443132,mud overlay,443115,f26f55,3270,,Arbitrary,,,,,
443133,sand overlay,443115,f26f55,3270,,Arbitrary,,,,,
443134,cobble overlay,443115,f26f55,3270,,Arbitrary,,,,,
443135,Epifauna high,443116,f26f55,3270,,Arbitrary,,,,,
443136,Epifauna low,443116,f26f55,3270,,Arbitrary,,,,,
443137,Anthropogenic,,b830f2,3270,,Arbitrary,,,,,
443138,Trawl Marks,443137,b830f2,3270,,Arbitrary,,,,,
443139,Fishing gear,443137,b830f2,3270,,Arbitrary,,,,,
443140,Rubbish,443137,b830f2,3270,,Arbitrary,,,,,
443141,OBSCURED,443114,f26f55,3270,,Arbitrary,,,,,
443146,Biota,,30c8f2,3270,1,Superdomain,Biota,accepted,1,Biota,Superdomain
443147,Animalia,443146,30c8f2,3270,2,Kingdom,Animalia,accepted,2,Animalia,Kingdom
443148,Chordata,443147,30c8f2,3270,1821,Phylum,Chordata,accepted,1821,Chordata,Phylum
443149,Vertebrata,443148,30c8f2,3270,146419,Subphylum,Vertebrata,accepted,146419,Vertebrata,Subphylum
443150,Gnathostomata,443149,30c8f2,3270,1828,Infraphylum,Gnathostomata,accepted,1828,Gnathostomata,Infraphylum
443151,Osteichthyes,443150,30c8f2,3270,152352,Parvphylum,Osteichthyes,accepted,152352,Osteichthyes,Parvphylum
443152,Actinopterygii,443151,30c8f2,3270,10194,Gigaclass,Actinopterygii,accepted,10194,Actinopterygii,Gigaclass
443153,Actinopteri,443152,30c8f2,3270,843664,Superclass,Actinopteri,accepted,843664,Actinopteri,Superclass
443154,Teleostei,443153,30c8f2,3270,293496,Class,Teleostei,accepted,293496,Teleostei,Class
443155,Perciformes,443154,30c8f2,3270,11014,Order,Perciformes,accepted,11014,Perciformes,Order
443156,Notothenioidei,443155,30c8f2,3270,151728,Suborder,Notothenioidei,accepted,151728,Notothenioidei,Suborder
443157,Nototheniidae,443156,30c8f2,3270,151404,Family,Nototheniidae,accepted,151404,Nototheniidae,Family
443158,Fish,,e645b5,3270,,Arbitrary,,,,,
443159,Pogos,443158,e645b5,3270,,Arbitrary,,,,,
443160,Nototheniids,443157,bbaaaa,3270,,Arbitrary,,,,,
443161,Channichthyidae,443156,30c8f2,3270,234518,Family,Channichthyidae,accepted,234518,Channichthyidae,Family
443162,Icefish,443161,bbaaaa,3270,,Arbitrary,,,,,
443163,Echinodermata,443147,2ee693,3270,1806,Phylum,Echinodermata,accepted,1806,Echinodermata,Phylum
443164,Asterozoa,443163,2ee693,3270,148743,Subphylum,Asterozoa,accepted,148743,Asterozoa,Subphylum
443165,Asteroidea,443164,2ee693,3270,123080,Class,Asteroidea,accepted,123080,Asteroidea,Class
443166,Asteroid,443165,bbaaaa,3270,,Arbitrary,,,,,
443167,Ophiuroidea,443164,2ee693,3270,123084,Class,Ophiuroidea,accepted,123084,Ophiuroidea,Class
443168,Ophiuroid,443167,bbaaaa,3270,,Arbitrary,,,,,
443169,Echinozoa,443163,2cdd8d,3270,148744,Subphylum,Echinozoa,accepted,148744,Echinozoa,Subphylum
443170,Echinoidea,443169,2ee592,3270,123082,Class,Echinoidea,accepted,123082,Echinoidea,Class
443171,Echinoid,443170,bbaaaa,3270,,Arbitrary,,,,,
443172,Holothuroidea,443169,2ee592,3270,123083,Class,Holothuroidea,accepted,123083,Holothuroidea,Class
443173,Holothurian,443172,bbaaaa,3270,,Arbitrary,,,,,
443174,Crinozoa,443163,2ee592,3270,147423,Subphylum,Crinozoa,accepted,147423,Crinozoa,Subphylum
443175,Crinoidea,443174,2ee592,3270,123081,Class,Crinoidea,accepted,123081,Crinoidea,Class
443176,Crinoid,443175,bbaaaa,3270,,Arbitrary,,,,,
443177,Arthropoda,443147,f230b8,3270,1065,Phylum,Arthropoda,accepted,1065,Arthropoda,Phylum
443178,Crustacea,443177,f230b8,3270,1066,Subphylum,Crustacea,accepted,1066,Crustacea,Subphylum
443179,Multicrustacea,443178,f230b8,3270,845959,Superclass,Multicrustacea,accepted,845959,Multicrustacea,Superclass
443180,Malacostraca,443179,f230b8,3270,1071,Class,Malacostraca,accepted,1071,Malacostraca,Class
443181,Crustacean (lobster),443180,bbaaaa,3270,,Arbitrary,,,,,
443182,Eumalacostraca,443180,f230b8,3270,1086,Subclass,Eumalacostraca,accepted,1086,Eumalacostraca,Subclass
443183,Eucarida,443182,f230b8,3270,1089,Superorder,Eucarida,accepted,1089,Eucarida,Superorder
443184,Decapoda,443183,f230b8,3270,1130,Order,Decapoda,accepted,1130,Decapoda,Order
443185,Pleocyemata,443184,f230b8,3270,106670,Suborder,Pleocyemata,accepted,106670,Pleocyemata,Suborder
443186,Brachyura,443185,f230b8,3270,106673,Infraorder,Brachyura,accepted,106673,Brachyura,Infraorder
443187,Crustacean (crab),443186,bbaaaa,3270,,Arbitrary,,,,,
443188,Anomura,443185,f230b8,3270,106671,Infraorder,Anomura,accepted,106671,Anomura,Infraorder
443189,Paguroidea,443188,f230b8,3270,106687,Superfamily,Paguroidea,accepted,106687,Paguroidea,Superfamily
443190,Paguridae,443189,f230b8,3270,106738,Family,Paguridae,accepted,106738,Paguridae,Family
443191,Crustacean (pagurid),443190,bbaaaa,3270,,Arbitrary,,,,,
443192,Caridea,443185,f255c3,3270,106674,Infraorder,Caridea,accepted,106674,Caridea,Infraorder
443193,Crustacean (shrimp),443192,bbaaaa,3270,,Arbitrary,,,,,
443194,Peracarida,443182,f230b8,3270,1090,Superorder,Peracarida,accepted,1090,Peracarida,Superorder
443195,Crustacean (peracarid),443194,bbaaaa,3270,,Arbitrary,,,,,
443196,Galatheoidea,443188,f230b8,3270,106685,Superfamily,Galatheoidea,accepted,106685,Galatheoidea,Superfamily
443197,Galatheidae,443196,f230b8,3270,106733,Family,Galatheidae,accepted,106733,Galatheidae,Family
443198,Crustacean (galatheid/Chirostylidae),443197,bbaaaa,3270,,Arbitrary,,,,,
443199,Astacidea,443185,f230b8,3270,106672,Infraorder,Astacidea,accepted,106672,Astacidea,Infraorder
443200,Nephropoidea,443199,f230b8,3270,155750,Superfamily,Nephropoidea,accepted,155750,Nephropoidea,Superfamily
443201,Nephropidae,443200,f230b8,3270,106741,Family,Nephropidae,accepted,106741,Nephropidae,Family
443202,Metanephrops,443201,f230b8,3270,206076,Genus,Metanephrops,accepted,206076,Metanephrops,Genus
443203,Metanephrops challengeri,443202,f230b8,3270,382850,Species,Metanephrops challengeri,accepted,382850,Metanephrops challengeri,Species
443204,Crustacean (scampi),443203,bbaaaa,3270,,Arbitrary,,,,,
443205,Mollusca,443147,f2d649,3270,51,Phylum,Mollusca,accepted,51,Mollusca,Phylum
443206,Gastropoda,443205,f2d649,3270,101,Class,Gastropoda,accepted,101,Gastropoda,Class
443207,Mollusc (gastropod),443206,bbaaaa,3270,,Arbitrary,,,,,
443208,Cephalopoda,443205,f2d649,3270,11707,Class,Cephalopoda,accepted,11707,Cephalopoda,Class
443209,Mollusc (cephalopod),443208,bbaaaa,3270,,Arbitrary,,,,,
443210,Heterobranchia,443206,f2d649,3270,14712,Subclass,Heterobranchia,accepted,14712,Heterobranchia,Subclass
443211,Opisthobranchia,443210,f2d649,3270,382226,Infraclass,Opisthobranchia,taxon inquirendum,382226,Opisthobranchia,Infraclass
443212,Mollusc (opisthobranch),443211,bbaaaa,3270,,Arbitrary,,,,,
443213,Nemertea,443147,f28f0c,3270,152391,Phylum,Nemertea,accepted,152391,Nemertea,Phylum
443214,Nemertean,443213,bbaaaa,3270,,Arbitrary,,,,,
443215,Annelida,443147,94ff4d,3270,882,Phylum,Annelida,accepted,882,Annelida,Phylum
443216,Polychaeta,443215,94ff4d,3270,883,Class,Polychaeta,accepted,883,Polychaeta,Class
443217,Polychaete (errant),443216,bbaaaa,3270,,Arbitrary,,,,,
443218,Worm (indeterminate),443215,bbaaaa,3270,,Arbitrary,,,,,
443219,Chelicerata,443177,f230b8,3270,1274,Subphylum,Chelicerata,accepted,1274,Chelicerata,Subphylum
443220,Pycnogonida,443219,f230b8,3270,1302,Class,Pycnogonida,accepted,1302,Pycnogonida,Class
443221,Pycnogonid,443220,bbaaaa,3270,,Arbitrary,,,,,
443222,Ambuloasteroidea,443165,2ee693,3270,1562575,Subclass,Ambuloasteroidea,accepted,1562575,Ambuloasteroidea,Subclass
443223,Neoasteroidea,443222,2ee693,3270,1562576,Infraclass,Neoasteroidea,accepted,1562576,Neoasteroidea,Infraclass
443224,Forcipulatacea,443223,2ee693,3270,582527,Superorder,Forcipulatacea,accepted,582527,Forcipulatacea,Superorder
443225,Brisingida,443224,2ee693,3270,123085,Order,Brisingida,accepted,123085,Brisingida,Order
443226,Scaphopoda,443205,f2d649,3270,104,Class,Scaphopoda,accepted,104,Scaphopoda,Class
443227,Polychelida,443185,f230b8,3270,383015,Infraorder,Polychelida,accepted,383015,Polychelida,Infraorder
443228,Eryonoidea,443227,f230b8,3270,383016,Superfamily,Eryonoidea,accepted,383016,Eryonoidea,Superfamily
443229,Polychelidae,443228,f230b8,3270,106793,Family,Polychelidae,accepted,106793,Polychelidae,Family
443230,Crustacean (polychelidae),443229,bbaaaa,3270,,Arbitrary,,,,,
443231,Euphausiacea,443183,f230b8,3270,1128,Order,Euphausiacea,accepted,1128,Euphausiacea,Order
443232,Mysidacea,443194,f230b8,3270,2824,Order,Mysidacea,unaccepted,149668,Mysida,Order
443233,Amphipoda,443194,f230b8,3270,1135,Order,Amphipoda,accepted,1135,Amphipoda,Order
443234,Isopoda,443194,f230b8,3270,1131,Order,Isopoda,accepted,1131,Isopoda,Order
443235,Coleoidea,443208,f2d649,3270,11709,Subclass,Coleoidea,accepted,11709,Coleoidea,Subclass
443236,Octopodiformes,443235,f2d649,3270,325343,Superorder,Octopodiformes,accepted,325343,Octopodiformes,Superorder
443237,Octopoda,443236,f2d649,3270,11718,Order,Octopoda,accepted,11718,Octopoda,Order
443238,Mollusc (octopod),443237,bbaaaa,3270,,Arbitrary,,,,,
443239,Vampyromorpha,443236,f2d649,3270,11717,Order,Vampyromorpha,accepted,11717,Vampyromorpha,Order
443240,Vampyroteuthidae,443239,f2d649,3270,11775,Family,Vampyroteuthidae,accepted,11775,Vampyroteuthidae,Family
443241,Vampyroteuthis,443240,f2d649,3270,138623,Genus,Vampyroteuthis,accepted,138623,Vampyroteuthis,Genus
443242,Mollusc (vampire squid),443241,bbaaaa,3270,,Arbitrary,,,,,
443243,Hemichordata,443147,3d8bf2,3270,1818,Phylum,Hemichordata,accepted,1818,Hemichordata,Phylum
443244,Hemichordate,443243,bbaaaa,3270,,Arbitrary,,,,,
443245,Errantia,443216,94ff4d,3270,754174,Subclass,Errantia,accepted,754174,Errantia,Subclass
443246,Eunicida,443245,94ff4d,3270,895,Order,Eunicida,accepted,895,Eunicida,Order
443247,Onuphidae,443246,94ff4d,3270,965,Family,Onuphidae,accepted,965,Onuphidae,Family
443248,Hyalinoeciinae,443247,94ff4d,3270,298366,Subfamily,Hyalinoeciinae,accepted,298366,Hyalinoeciinae,Subfamily
443249,Hyalinoecia,443248,94ff4d,3270,129400,Genus,Hyalinoecia,accepted,129400,Hyalinoecia,Genus
443250,Hyalinoecia longibranchiata,443249,94ff4d,3270,1591579,Species,Hyalinoecia longibranchiata,accepted,1591579,Hyalinoecia longibranchiata,Species
443251,Quill worm,443250,bbaaaa,3270,,Arbitrary,,,,,
443252,Porifera,443147,ba66ff,3270,558,Phylum,Porifera,accepted,558,Porifera,Phylum
443253,Hexactinellida,443252,ba66ff,3270,22612,Class,Hexactinellida,accepted,22612,Hexactinellida,Class
443254,Hexasterophora,443253,ba66ff,3270,131590,Subclass,Hexasterophora,accepted,131590,Hexasterophora,Subclass
443255,Hexactinosida,443254,ba66ff,3270,171628,Order,Hexactinosida,unaccepted,605841,Sceptrulophora,Order
443256,Cnidaria,443147,c50707,3270,1267,Phylum,Cnidaria,accepted,1267,Cnidaria,Phylum
443257,Anthozoa,443256,c50707,3270,1292,Subphylum,Anthozoa,accepted,1292,Anthozoa,Subphylum
443258,Hexacorallia,443257,c50707,3270,1340,Class,Hexacorallia,accepted,1340,Hexacorallia,Class
443259,Actiniaria,443258,c50707,3270,1360,Order,Actiniaria,accepted,1360,Actiniaria,Order
443264,Anemones,443259,bbaaaa,3270,,Arbitrary,,,,,
443266,Demospongiae,443252,ba66ff,3270,164811,Class,Demospongiae,accepted,164811,Demospongiae,Class
443267,Sponge (demospongiae),443266,bbaaaa,3270,,Arbitrary,,,,,
443268,Sponge (hexactinellidae),443253,bbaaaa,3270,,Arbitrary,,,,,
443269,Corals (hard),443256,bbaaaa,3270,,Arbitrary,,,,,
443270,Corals (soft),443256,bbaaaa,3270,,Arbitrary,,,,,
443271,Medusozoa,443256,c50707,3270,1740301,Subphylum,Medusozoa,accepted,1740301,Medusozoa,Subphylum
443272,Hydrozoa,443271,c50707,3270,1337,Class,Hydrozoa,accepted,1337,Hydrozoa,Class
443273,Hydroids,443272,bbaaaa,3270,,Arbitrary,,,,,
443274,Bivalvia,443205,f2d649,3270,105,Class,Bivalvia,accepted,105,Bivalvia,Class
443275,Molluscs (bivalves),443274,bbaaaa,3270,,Arbitrary,,,,,
443276,Brachiopoda,443147,bbe62e,3270,1803,Phylum,Brachiopoda,accepted,1803,Brachiopoda,Phylum
443277,Brachiopods,443276,bbaaaa,3270,,Arbitrary,,,,,
443278,Bryozoa,443147,0dff6a,3270,146142,Phylum,Bryozoa,accepted,146142,Bryozoa,Phylum
443279,Bryozoans,443278,bbaaaa,3270,,Arbitrary,,,,,
443280,Tube worms,443216,bbaaaa,3270,,Arbitrary,,,,,
443281,Tunicata,443148,30c8f2,3270,146420,Subphylum,Tunicata,accepted,146420,Tunicata,Subphylum
443282,Ascidiacea,443281,30c8f2,3270,1839,Class,Ascidiacea,accepted,1839,Ascidiacea,Class
443283,Ascidians (clonal),443282,bbaaaa,3270,,Arbitrary,,,,,
443284,Ascidians (solitary),443282,bbaaaa,3270,,Arbitrary,,,,,
443285,Thecostraca,443179,f230b8,3270,22388,Class,Thecostraca,accepted,22388,Thecostraca,Class
443286,Cirripedia,443285,f230b8,3270,1082,Subclass,Cirripedia,accepted,1082,Cirripedia,Subclass
443287,Barnacles,443286,bbaaaa,3270,,Arbitrary,,,,,
443288,Echiura,443216,94ff4d,3270,1269,Subclass,Echiura,accepted,1269,Echiura,Subclass
443289,Chromista,443146,7cd5b4,3270,7,Kingdom,Chromista,accepted,7,Chromista,Kingdom
443290,Harosa,443289,7cd5b4,3270,582419,Subkingdom,Harosa,accepted,582419,Harosa,Subkingdom
443291,Rhizaria,443290,7cd5b4,3270,582420,Infrakingdom,Rhizaria,accepted,582420,Rhizaria,Infrakingdom
443292,Foraminifera,443291,7cd5b4,3270,1410,Phylum,Foraminifera,accepted,1410,Foraminifera,Phylum
443293,Monothalamea,443292,7cd5b4,3270,744106,Class,Monothalamea,accepted,744106,Monothalamea,Class
443294,Xenophyophoroidea,443293,7cd5b4,3270,736980,Suborder,Xenophyophoroidea,accepted,736980,Xenophyophoroidea,Suborder
443295,Xenophyophore,443294,bbaaaa,3270,,Arbitrary,,,,,
443296,Chemoherm,443116,f26f55,3270,,Arbitrary,,,,,
443297,Bioturbation,,640cf2,3270,,Arbitrary,,,,,
443298,Spiral (hemichordate),443297,640cf2,3270,,Arbitrary,,,,,
443299,Thaliacea,443281,30c8f2,3270,22626,Class,Thaliacea,accepted,22626,Thaliacea,Class
443300,Salpida,443299,30c8f2,3270,137214,Order,Salpida,accepted,137214,Salpida,Order
443301,Salp,443300,bbaaaa,3270,,Arbitrary,,,,,
443302,Bony fish,443151,bbaaaa,3270,,Arbitrary,,,,,
443303,Chondrichthyes,443150,30c8f2,3270,1517375,Parvphylum,Chondrichthyes,accepted,1517375,Chondrichthyes,Parvphylum
443304,Cartilagenous fish,443303,bbaaaa,3270,,Arbitrary,,,,,
443305,Trachichthyiformes,443154,30c8f2,3270,1517487,Order,Trachichthyiformes,accepted,1517487,Trachichthyiformes,Order
443306,Trachichthyidae,443305,30c8f2,3270,125459,Family,Trachichthyidae,accepted,125459,Trachichthyidae,Family
443307,Hoplostethus,443306,30c8f2,3270,125706,Genus,Hoplostethus,accepted,125706,Hoplostethus,Genus
443308,Hoplostethus atlanticus,443307,30c8f2,3270,126402,Species,Hoplostethus atlanticus,accepted,126402,Hoplostethus atlanticus,Species
443309,Orange Roughy,443308,bbaaaa,3270,,Arbitrary,,,,,
443310,Zeiformes,443154,30c8f2,3270,10919,Order,Zeiformes,accepted,10919,Zeiformes,Order
443311,Oreosomatidae,443310,30c8f2,3270,125616,Family,Oreosomatidae,accepted,125616,Oreosomatidae,Family
443312,Oreos,443311,bbaaaa,3270,,Arbitrary,,,,,
443313,Gadiformes,443154,30c8f2,3270,10313,Order,Gadiformes,accepted,10313,Gadiformes,Order
443314,Macrouridae,443313,30c8f2,3270,125471,Family,Macrouridae,accepted,125471,Macrouridae,Family
443315,Rattails,443314,bbaaaa,3270,,Arbitrary,,,,,
443316,Elasmobranchii,443303,30c8f2,3270,10193,Class,Elasmobranchii,accepted,10193,Elasmobranchii,Class
443317,Neoselachii,443316,30c8f2,3270,368407,Subclass,Neoselachii,accepted,368407,Neoselachii,Subclass
443320,Batoidea,443317,30c8f2,3270,368409,Infraclass,Batoidea,accepted,368409,Batoidea,Infraclass
443321,Rays,443320,bbaaaa,3270,,Arbitrary,,,,,
443322,Decapodiformes,443235,f2d649,3270,325342,Superorder,Decapodiformes,accepted,325342,Decapodiformes,Superorder
443323,Squid (Mollusc Teuthidae),443322,bbaaaa,3270,,Arbitrary,,,,,
443324,Anguilliformes,443154,30c8f2,3270,10295,Order,Anguilliformes,accepted,10295,Anguilliformes,Order
443325,Eels,443324,bbaaaa,3270,,Arbitrary,,,,,
443326,Forcipulatida,443224,2ee693,3270,123086,Order,Forcipulatida,accepted,123086,Forcipulatida,Order
443327,Zoroasteridae,443326,2ee693,3270,123125,Family,Zoroasteridae,accepted,123125,Zoroasteridae,Family
443329,Zoroaster,443327,2ee693,3270,123237,Genus,Zoroaster,accepted,123237,Zoroaster,Genus
443330,Zoroaster sp,443329,2ee693,3270,,Arbitrary,,,,,
443331,Asteriidae,443326,2ee693,3270,123121,Family,Asteriidae,accepted,123121,Asteriidae,Family
443332,Zoroasteridae/Asteriidae,443326,2ee693,3270,,Arbitrary,,,,,
443333,Stichasteridae,443326,2ee693,3270,152515,Family,Stichasteridae,accepted,152515,Stichasteridae,Family
443334,Cosmasterias,443333,2ee693,3270,172541,Genus,Cosmasterias,accepted,172541,Cosmasterias,Genus
443335,Cosmasterias dyscrita,443334,2ee693,3270,291597,Species,Cosmasterias dyscrita,accepted,291597,Cosmasterias dyscrita,Species
443336,Pseudechinaster,443333,2ee693,3270,255060,Genus,Pseudechinaster,accepted,255060,Pseudechinaster,Genus
443337,Pseudechinaster rubens,443336,2ee693,3270,255061,Species,Pseudechinaster rubens,accepted,255061,Pseudechinaster rubens,Species
443338,Valvatacea,443223,2ee693,3270,582528,Superorder,Valvatacea,accepted,582528,Valvatacea,Superorder
443339,Paxillosida,443338,2ee693,3270,123088,Order,Paxillosida,accepted,123088,Paxillosida,Order
443340,Benthopectinidae,443339,2ee693,3270,123126,Family,Benthopectinidae,accepted,123126,Benthopectinidae,Family
443341,Benthopecten,443340,2ee693,3270,123239,Genus,Benthopecten,accepted,123239,Benthopecten,Genus
443342,Benthopecten sp,443341,2ee693,3270,,Arbitrary,,,,,
443343,Spinulosacea,443223,2ee693,3270,582529,Superorder,Spinulosacea,accepted,582529,Spinulosacea,Superorder
443344,Spinulosida,443343,2ee693,3270,123089,Order,Spinulosida,accepted,123089,Spinulosida,Order
443345,Echinasteridae,443344,2ee693,3270,123132,Family,Echinasteridae,accepted,123132,Echinasteridae,Family
443346,Henricia,443345,30f2a8,3270,123276,Genus,Henricia,accepted,123276,Henricia,Genus
443347,Henricia sp.,443346,30f2a8,3270,,Arbitrary,,,,,
443348,Astropectinidae,443339,2ee693,3270,123127,Family,Astropectinidae,accepted,123127,Astropectinidae,Family
443349,Dipsacaster,443348,2ee693,3270,178680,Genus,Dipsacaster,accepted,178680,Dipsacaster,Genus
443350,Dipsacaster sp,443349,2ee693,3270,,Arbitrary,,,,,
443351,Dipsacaster magnificus,443349,2ee693,3270,291693,Species,Dipsacaster magnificus,accepted,291693,Dipsacaster magnificus,Species
443352,Plutonaster/Dytaster,443348,2ee693,3270,,Arbitrary,,,,,
443353,Astromesites/Psilaster/Proserpinaster,443348,2ad487,3270,,Arbitrary,,,,,
443354,Radiasteridae,443339,2ee693,3270,123131,Family,Radiasteridae,accepted,123131,Radiasteridae,Family
443355,Radiaster,443354,2ee693,3270,123272,Genus,Radiaster,accepted,123272,Radiaster,Genus
443356,Radiaster sp,443355,2ee693,3270,,Arbitrary,,,,,
443357,Valvatida,443338,2ee693,3270,123090,Order,Valvatida,accepted,123090,Valvatida,Order
443358,Goniasteridae,443357,2ee693,3270,123135,Family,Goniasteridae,accepted,123135,Goniasteridae,Family
443359,Hippasterinae,443358,2ee693,3270,292827,Subfamily,Hippasterinae,accepted,292827,Hippasterinae,Subfamily
443360,Hippasteria,443359,2ee693,3270,123297,Genus,Hippasteria,accepted,123297,Hippasteria,Genus
443361,Hippasteria sp,443360,2ee693,3270,,Arbitrary,,,,,
443362,Mediasterinae,443358,2ee693,3270,932110,Subfamily,Mediasterinae,accepted,932110,Mediasterinae,Subfamily
443363,Mediaster,443362,2ee693,3270,123298,Genus,Mediaster,accepted,123298,Mediaster,Genus
443364,Mediaster sp,443363,2ee693,3270,,Arbitrary,,,,,
443365,Plinthaster/Ceramaster,443358,2ee693,3270,,Arbitrary,,,,,
443366,Pillsburiaster,443358,2ee693,3270,178131,Genus,Pillsburiaster,accepted,178131,Pillsburiaster,Genus
443367,Pillsburiaster sp.,443366,2ee693,3270,,Arbitrary,,,,,
443368,Ceramaster,443358,2ee693,3270,123291,Genus,Ceramaster,accepted,123291,Ceramaster,Genus
443369,Ceramaster sp,443368,2ee693,3270,,Arbitrary,,,,,
443370,Lithosoma/Pseudarchaster,443358,2ee693,3270,,Arbitrary,,,,,
443371,Lithosoma,443358,2ee693,3270,206643,Genus,Lithosoma,accepted,206643,Lithosoma,Genus
443372,Lithosoma novaezelandiae,443371,2ee693,3270,291642,Species,Lithosoma novaezelandiae,accepted,291642,Lithosoma novaezelandiae,Species
443373,Lithosoma novazealandiae,443372,e62d2d,3270,,Arbitrary,,,,,
443374,Velatida,443223,2ee693,3270,123091,Order,Velatida,accepted,123091,Velatida,Order
443375,Pterasteridae,443374,2ee693,3270,123142,Family,Pterasteridae,accepted,123142,Pterasteridae,Family
443376,Hymenaster,443375,2ee693,3270,123333,Genus,Hymenaster,accepted,123333,Hymenaster,Genus
443377,Hymenaster sp,443376,2ee693,3270,,Arbitrary,,,,,
443378,Solasteridae,443357,2ee693,3270,123143,Family,Solasteridae,accepted,123143,Solasteridae,Family
443379,Solaster,443378,79f2b6,3270,123338,Genus,Solaster,accepted,123338,Solaster,Genus
443380,Solaster torulatus,443379,79f2b6,3270,291557,Species,Solaster torulatus,accepted,291557,Solaster torulatus,Species
443381,Crossaster,443378,2ee693,3270,123336,Genus,Crossaster,accepted,123336,Crossaster,Genus
443382,Crossaster multispinus,443381,2ee693,3270,291558,Species,Crossaster multispinus,unaccepted,178534,Crossaster penicillatus,Species
443383,Brisingid 1,443225,bbaaaa,3270,,Arbitrary,,,,,
443384,Brisingid 2,443225,bbaaaa,3270,,Arbitrary,,,,,
443385,Brisingid 3,443225,bbaaaa,3270,,Arbitrary,,,,,
443386,Myophiuroida,443167,2ee693,3270,1416548,Subclass,Myophiuroida,accepted,1416548,Myophiuroida,Subclass
443387,Metophiurida,443386,2ee693,3270,1062634,Infraclass,Metophiurida,accepted,1062634,Metophiurida,Infraclass
443388,Euryophiurida,443387,2ee693,3270,1062636,Superorder,Euryophiurida,accepted,1062636,Euryophiurida,Superorder
443389,Ophiurida,443388,2ee693,3270,123117,Order,Ophiurida,accepted,123117,Ophiurida,Order
443390,Ophiomusina,443389,2ee693,3270,1075310,Suborder,Ophiomusina,accepted,1075310,Ophiomusina,Suborder
443391,Ophiosphalmidae,443390,2ee693,3270,1116865,Family,Ophiosphalmidae,accepted,1116865,Ophiosphalmidae,Family
443392,Ophiomusium,443391,2ee693,3270,123566,Genus,Ophiomusium,accepted,123566,Ophiomusium,Genus
443393,Ophiomusium lymani,443392,2ee693,3270,124895,Species,Ophiomusium lymani,unaccepted,245559,Ophiomusa lymani,Species
443394,Ophintegrida,443387,2ee693,3270,1062660,Superorder,Ophintegrida,accepted,1062660,Ophintegrida,Superorder
443395,Ophiacanthida,443394,2ee693,3270,1062662,Order,Ophiacanthida,accepted,1062662,Ophiacanthida,Order
443396,Ophiacanthina,443395,2ee693,3270,1062663,Suborder,Ophiacanthina,accepted,1062663,Ophiacanthina,Suborder
443397,Ophiacanthidae,443396,2ee693,3270,123204,Family,Ophiacanthidae,accepted,123204,Ophiacanthidae,Family
443398,Amphilepidida,443394,2ee693,3270,1062666,Order,Amphilepidida,accepted,1062666,Amphilepidida,Order
443399,Gnathophiurina,443398,2ee693,3270,196221,Suborder,Gnathophiurina,accepted,196221,Gnathophiurina,Suborder
443400,Amphiuroidea,443399,2ee693,3270,1077097,Superfamily,Amphiuroidea,accepted,1077097,Amphiuroidea,Superfamily
443401,Amphiuridae,443400,2ee693,3270,123206,Family,Amphiuridae,accepted,123206,Amphiuridae,Family
443402,Ophiodermatina,443395,2ee693,3270,368125,Suborder,Ophiodermatina,accepted,368125,Ophiodermatina,Suborder
443403,Ophiodermatoidea,443402,2ee693,3270,1062664,Superfamily,Ophiodermatoidea,accepted,1062664,Ophiodermatoidea,Superfamily
443404,Ophiomyxidae,443403,2ee693,3270,123209,Family,Ophiomyxidae,accepted,123209,Ophiomyxidae,Family
443405,Ophiomyxa,443404,2ee693,3270,123631,Genus,Ophiomyxa,accepted,123631,Ophiomyxa,Genus
443406,Ophiomyxa brevirima,443405,2ee693,3270,243858,Species,Ophiomyxa brevirima,accepted,243858,Ophiomyxa brevirima,Species
443407,Ophiurida unspecified,443389,bbaaaa,3270,,Arbitrary,,,,,
443408,Unknown ophiurida 1,443389,bbaaaa,3270,,Arbitrary,,,,,
443409,Euryalida,443388,2ee693,3270,242196,Order,Euryalida,accepted,242196,Euryalida,Order
443410,Gorgonocephalidae,443409,2ee693,3270,123203,Family,Gorgonocephalidae,accepted,123203,Gorgonocephalidae,Family
443411,Cidaroidea,443170,2ee693,3270,510498,Subclass,Cidaroidea,accepted,510498,Cidaroidea,Subclass
443412,Cidaroida,443411,2ee693,3270,123099,Order,Cidaroida,accepted,123099,Cidaroida,Order
443413,Cidaroidea,443412,2ee693,3270,852318,Superfamily,Cidaroidea,accepted,852318,Cidaroidea,Superfamily
443414,Cidaridae,443413,2ee693,3270,123158,Family,Cidaridae,accepted,123158,Cidaridae,Family
443415,Goniocidarinae,443414,2ee693,3270,510894,Subfamily,Goniocidarinae,accepted,510894,Goniocidarinae,Subfamily
443416,Goniocidaris,443415,2ee693,3270,411385,Genus,Goniocidaris,accepted,411385,Goniocidaris,Genus
443417,Goniocidaris sp,443416,2ee693,3270,,Arbitrary,,,,,
443418,Ogmocidaris,443415,2ee693,3270,411387,Genus,Ogmocidaris,accepted,411387,Ogmocidaris,Genus
443419,Ogmocidaris benhami,443418,2ee693,3270,414200,Species,Ogmocidaris benhami,accepted,414200,Ogmocidaris benhami,Species
443420,Histocidaroidea,443412,2ee693,3270,689195,Superfamily,Histocidaroidea,accepted,689195,Histocidaroidea,Superfamily
443421,Histocidaridae,443420,2ee693,3270,510768,Family,Histocidaridae,accepted,510768,Histocidaridae,Family
443422,Stereocidarinae,443414,2ee693,3270,510906,Subfamily,Stereocidarinae,accepted,510906,Stereocidarinae,Subfamily
443423,Stereocidaris,443422,2ee693,3270,123382,Genus,Stereocidaris,accepted,123382,Stereocidaris,Genus
443424,Stereocidaridae,443422,e62d2d,3270,,Arbitrary,,,,,
443425,Euechinoidea,443170,2ee592,3270,149854,Subclass,Euechinoidea,accepted,149854,Euechinoidea,Subclass
443426,Carinacea,443425,2ee592,3270,510517,Infraclass,Carinacea,accepted,510517,Carinacea,Infraclass
443427,Echinacea,443426,2ee592,3270,149855,Subterclass,Echinacea,accepted,149855,Echinacea,Subterclass
443428,Echinoida,443427,e52e2e,3270,123101,Order,Echinoida,unaccepted,510534,Echinidea,Infraorder
443429,Aulodonta,443425,2ee592,3270,510502,Infraclass,Aulodonta,accepted,510502,Aulodonta,Infraclass
443430,Echinothuriacea,443429,2ee592,3270,1572005,Superorder,Echinothuriacea,accepted,1572005,Echinothuriacea,Superorder
443431,Echinothurioida,443430,2ee592,3270,160732,Order,Echinothurioida,accepted,160732,Echinothurioida,Order
443432,Echinothuriidae/Phormosomatidae,443431,2ee592,3270,,Arbitrary,,,,,
443433,Phormosomatidae,443431,2ee693,3270,196184,Family,Phormosomatidae,accepted,196184,Phormosomatidae,Family
443434,Phormosoma,443433,2ee693,3270,123401,Genus,Phormosoma,accepted,123401,Phormosoma,Genus
443435,Phormosoma bursarium,443434,2ee693,3270,214650,Species,Phormosoma bursarium,accepted,214650,Phormosoma bursarium,Species
443436,Camarodonta,443427,2ee693,3270,510518,Order,Camarodonta,accepted,510518,Camarodonta,Order
443437,Echinidea,443436,2ee693,3270,510534,Infraorder,Echinidea,accepted,510534,Echinidea,Infraorder
443438,Echinidae,443437,2ee693,3270,123160,Family,Echinidae,accepted,123160,Echinidae,Family
443439,Gracilechinus,443438,2ee693,3270,411391,Genus,Gracilechinus,accepted,411391,Gracilechinus,Genus
443440,Gracilechinus multidentatus,443439,2ee693,3270,414223,Species,Gracilechinus multidentatus,accepted,414223,Gracilechinus multidentatus,Species
443441,Dermechinus,443438,2ee693,3270,160745,Genus,Dermechinus,accepted,160745,Dermechinus,Genus
443442,Dermechinus horridus,443441,2ee693,3270,160803,Species,Dermechinus horridus,accepted,160803,Dermechinus horridus,Species
443443,Pedinoida,443430,2ee693,3270,123103,Order,Pedinoida,accepted,123103,Pedinoida,Order
443444,Pedinidae,443443,2ee693,3270,123165,Family,Pedinidae,accepted,123165,Pedinidae,Family
443445,Caenopedina,443444,2ee693,3270,123404,Genus,Caenopedina,accepted,123404,Caenopedina,Genus
443446,Caenopedina spp,443445,2ee693,3270,,Arbitrary,,,,,
443447,Temnopleuridea,443436,2ee693,3270,510536,Infraorder,Temnopleuridea,accepted,510536,Temnopleuridea,Infraorder
443448,Temnopleuridae,443447,2ee693,3270,123178,Family,Temnopleuridae,accepted,123178,Temnopleuridae,Family
443449,Pseudechinus,443448,2ee693,3270,160753,Genus,Pseudechinus,accepted,160753,Pseudechinus,Genus
443450,Pseudechinus flemingi,443449,2ee693,3270,414218,Species,Pseudechinus flemingi,accepted,414218,Pseudechinus flemingi,Species
443451,Irregularia,443425,2ee693,3270,510499,Infraclass,Irregularia,accepted,510499,Irregularia,Infraclass
443452,Atelostomata,443451,2ee693,3270,149864,Subterclass,Atelostomata,accepted,149864,Atelostomata,Subterclass
443453,Spatangoida,443452,2ee693,3270,123106,Order,Spatangoida,accepted,123106,Spatangoida,Order
443454,Brissidina,443453,2ee693,3270,510538,Suborder,Brissidina,accepted,510538,Brissidina,Suborder
443455,Spatangoidea,443454,2ee693,3270,852322,Superfamily,Spatangoidea,accepted,852322,Spatangoidea,Superfamily
443456,Spatangidae,443455,2ee693,3270,123177,Family,Spatangidae,accepted,123177,Spatangidae,Family
443457,Eurypatagidae,443455,2ee693,3270,510698,Family,Eurypatagidae,accepted,510698,Eurypatagidae,Family
443458,Paramaretia,443457,2ee693,3270,411402,Genus,Paramaretia,accepted,411402,Paramaretia,Genus
443459,Paramaretia peloria,443458,2ee693,3270,414249,Species,Paramaretia peloria,accepted,414249,Paramaretia peloria,Species
443460,Spatangus,443456,2ee693,3270,123430,Genus,Spatangus,accepted,123430,Spatangus,Genus
443461,Spatangus sp,443460,2ee693,3270,,Arbitrary,,,,,
443462,Actinopoda,443172,2ee693,3270,1393249,Subclass,Actinopoda,accepted,1393249,Actinopoda,Subclass
443463,Synallactida,443462,2ee693,3270,1036229,Order,Synallactida,accepted,1036229,Synallactida,Order
443464,Synallactidae,443463,2ee693,3270,123185,Family,Synallactidae,accepted,123185,Synallactidae,Family
443465,Bathyplotes,443464,2ee693,3270,123460,Genus,Bathyplotes,accepted,123460,Bathyplotes,Genus
443466,Bathyplotes moseleyi,443465,2ee693,3270,174115,Species,Bathyplotes moseleyi,accepted,174115,Bathyplotes moseleyi,Species
443467,Bathyplotes sulcatus,443465,2ee693,3270,241783,Species,Bathyplotes sulcatus,accepted,241783,Bathyplotes sulcatus,Species
443468,Persiculida,443462,2ee592,3270,1036230,Order,Persiculida,accepted,1036230,Persiculida,Order
443469,Pseudostichopodidae,443468,2ee592,3270,1036232,Family,Pseudostichopodidae,accepted,1036232,Pseudostichopodidae,Family
443470,Pseudostichopus,443469,2ee592,3270,123469,Genus,Pseudostichopus,accepted,123469,Pseudostichopus,Genus
443471,Pseudostichopus sp,443470,2ee592,3270,,Arbitrary,,,,,
443472,Pseudostichopus mollis,443470,2ee693,3270,152565,Species,Pseudostichopus mollis,accepted,152565,Pseudostichopus mollis,Species
443473,Pseudostichopus peripatus,443470,2ee693,3270,529641,Species,Pseudostichopus peripatus,accepted,529641,Pseudostichopus peripatus,Species
443474,Elasipodida,443462,2ee693,3270,123112,Order,Elasipodida,accepted,123112,Elasipodida,Order
443475,Laetmogonidae,443474,2ee693,3270,123192,Family,Laetmogonidae,accepted,123192,Laetmogonidae,Family
443476,Laetmogone,443475,2ee693,3270,123524,Genus,Laetmogone,accepted,123524,Laetmogone,Genus
443477,Laetmogone sp,443476,2ee693,3270,,Arbitrary,,,,,
443478,Pannychia,443475,2ee693,3270,123525,Genus,Pannychia,accepted,123525,Pannychia,Genus
443479,Pannychia sp,443478,2ee693,3270,,Arbitrary,,,,,
443480,Deimatidae,443463,2ee693,3270,123190,Family,Deimatidae,accepted,123190,Deimatidae,Family
443481,Psychropotidae,443474,2ee693,3270,123194,Family,Psychropotidae,accepted,123194,Psychropotidae,Family
443482,Benthodytes,443481,2ee693,3270,123529,Genus,Benthodytes,accepted,123529,Benthodytes,Genus
443483,Benthodytes incerta,443482,2ee693,3270,428597,Species,Benthodytes incerta,accepted,428597,Benthodytes incerta,Species
443484,Stichopodidae,443463,45e682,3270,123184,Family,Stichopodidae,accepted,123184,Stichopodidae,Family
443485,Australostichopus,443484,2ee693,3270,528615,Genus,Australostichopus,accepted,528615,Australostichopus,Genus
443486,Australostichopus mollis,443485,2ee693,3270,529443,Species,Australostichopus mollis,accepted,529443,Australostichopus mollis,Species
443487,Pelagothuriidae,443474,18f2a6,3270,123193,Family,Pelagothuriidae,accepted,123193,Pelagothuriidae,Family
443488,Pelagothuridae,443487,f21818,3270,,Arbitrary,,,,,
443489,Enypniastes,443487,2ee693,3270,123526,Genus,Enypniastes,accepted,123526,Enypniastes,Genus
443490,Enypniastes eximia,443489,2ee693,3270,124759,Species,Enypniastes eximia,accepted,124759,Enypniastes eximia,Species
443491,holothurian uni 1,443173,bbaaaa,3270,,Arbitrary,,,,,
443492,holothurian uni 2,443173,bbaaaa,3270,,Arbitrary,,,,,
443493,holothurian uni 3,443173,bbaaaa,3270,,Arbitrary,,,,,
443494,holothurian uni 4,443173,b2a2a2,3270,,Arbitrary,,,,,
443495,Brisingid 4,443225,bbaaaa,3270,,Arbitrary,,,,,
443496,Octocorallia,443257,c50707,3270,1341,Class,Octocorallia,accepted,1341,Octocorallia,Class
443497,Alcyonacea,443496,c59c07,3270,1365,Order,Alcyonacea,unaccepted,1341,Octocorallia,Class
443498,Pennatulacea,443496,c59c07,3270,1367,Order,Pennatulacea,superseded rank,1609360,Pennatuloidea,Superfamily
443499,Gorgonacea,443496,c59c07,3270,1366,Order,Gorgonacea,unaccepted,1341,Octocorallia,Class
443500,Scleractinia,443258,c50707,3270,1363,Order,Scleractinia,accepted,1363,Scleractinia,Order
443501,Antipatharia,443258,c50707,3270,22549,Order,Antipatharia,accepted,22549,Antipatharia,Order
443502,Hydroidolina,443272,c50707,3270,19494,Subclass,Hydroidolina,accepted,19494,Hydroidolina,Subclass
443503,Anthoathecata,443502,c50707,3270,13551,Order,Anthoathecata,accepted,13551,Anthoathecata,Order
443504,Filifera,443503,c50707,3270,16352,Suborder,Filifera,accepted,16352,Filifera,Suborder
443505,Stylasteridae,443504,c50707,3270,22805,Family,Stylasteridae,accepted,22805,Stylasteridae,Family
443506,Crinoidea (motile),443175,bbaaaa,3270,,Arbitrary,,,,,
443507,Eubrachyura,443186,f230b8,3270,106679,Section,Eubrachyura,accepted,106679,Eubrachyura,Section
443508,Heterotremata,443507,f230b8,3270,106680,Subsection,Heterotremata,accepted,106680,Heterotremata,Subsection
443509,Cancroidea,443508,f230b8,3270,106695,Superfamily,Cancroidea,accepted,106695,Cancroidea,Superfamily
443510,Atelecyclidae,443509,f230b8,3270,106748,Family,Atelecyclidae,accepted,106748,Atelecyclidae,Family
443511,Trichopeltarioidea,443508,f230b8,3270,550538,Superfamily,Trichopeltarioidea,accepted,550538,Trichopeltarioidea,Superfamily
443512,Trichopeltariidae,443511,f230b8,3270,550539,Family,Trichopeltariidae,accepted,550539,Trichopeltariidae,Family
443513,Trichopeltarion,443512,f230b8,3270,416093,Genus,Trichopeltarion,accepted,416093,Trichopeltarion,Genus
443514,Trichopeltarion fantasticum,443513,f230b8,3270,440365,Species,Trichopeltarion fantasticum,accepted,440365,Trichopeltarion fantasticum,Species
443515,Goneplacoidea,443508,f230b8,3270,106698,Superfamily,Goneplacoidea,accepted,106698,Goneplacoidea,Superfamily
443516,Goneplacidae,443515,f230b8,3270,106757,Family,Goneplacidae,accepted,106757,Goneplacidae,Family
443517,Carcinoplax,443516,f230b8,3270,106885,Genus,Carcinoplax,accepted,106885,Carcinoplax,Genus
443518,Carcinoplax victoriensis,443517,f23131,3270,452457,Species,Carcinoplax victoriensis,superseded combination,440991,Pycnoplax victoriensis,Species
443519,Neommatocarcinus,443516,f230b8,3270,439365,Genus,Neommatocarcinus,accepted,439365,Neommatocarcinus,Genus
443520,Neommatocarcinus huttoni,443519,f230b8,3270,440975,Species,Neommatocarcinus huttoni,accepted,440975,Neommatocarcinus huttoni,Species
443521,Majoidea,443508,f230b8,3270,106700,Superfamily,Majoidea,accepted,106700,Majoidea,Superfamily
443522,Inachidae,443521,f230b8,3270,148427,Family,Inachidae,accepted,148427,Inachidae,Family
443523,Oregoniidae,443521,f230d8,3270,368557,Family,Oregoniidae,accepted,368557,Oregoniidae,Family
443524,Pleistacanthinae,443523,f230d8,3270,877491,Subfamily,Pleistacanthinae,accepted,877491,Pleistacanthinae,Subfamily
443525,Vitjazmaia,443524,f230d8,3270,439420,Genus,Vitjazmaia,accepted,439420,Vitjazmaia,Genus
443526,Vitjazmaia latidactyla,443525,f230d8,3270,441969,Species,Vitjazmaia latidactyla,accepted,441969,Vitjazmaia latidactyla,Species
443527,Platymaia,443524,f230b8,3270,205899,Genus,Platymaia,accepted,205899,Platymaia,Genus
443528,Platymaia maoria,443527,f230b8,3270,441942,Species,Platymaia maoria,accepted,441942,Platymaia maoria,Species
443529,Lithodidae,443189,f230b8,3270,106737,Family,Lithodidae,accepted,106737,Lithodidae,Family
443530,Lithodinae,443529,f230b8,3270,1722303,Subfamily,Lithodinae,accepted,1722303,Lithodinae,Subfamily
443531,Paralomis,443530,f230b8,3270,106848,Genus,Paralomis,accepted,106848,Paralomis,Genus
443532,Paralomis zealandica,443531,f230b8,3270,509217,Species,Paralomis zealandica,accepted,509217,Paralomis zealandica,Species
443533,Lithodes,443530,f230b8,3270,106845,Genus,Lithodes,accepted,106845,Lithodes,Genus
443534,Lithodes murrayi,443533,f230b8,3270,241288,Species,Lithodes murrayi,accepted,241288,Lithodes murrayi,Species
443535,Lithodes longispina,443533,f230b8,3270,550629,Species,Lithodes longispina,accepted,550629,Lithodes longispina,Species
443536,Lithodes cf. longispinus,443535,f23131,3270,,Arbitrary,,,,,
443537,Neolithodes,443530,f230b8,3270,106846,Genus,Neolithodes,accepted,106846,Neolithodes,Genus
443538,Neolithodes brodiei,443537,f230b8,3270,509196,Species,Neolithodes brodiei,accepted,509196,Neolithodes brodiei,Species
443539,Majidae,443521,f230b8,3270,106760,Family,Majidae,accepted,106760,Majidae,Family
443540,Majinae,443539,f230b8,3270,148435,Subfamily,Majinae,accepted,148435,Majinae,Subfamily
443541,Teratomaia,443540,f230b8,3270,439478,Genus,Teratomaia,accepted,439478,Teratomaia,Genus
443542,Teratomaia richardsoni,443541,f230b8,3270,442084,Species,Teratomaia richardsoni,accepted,442084,Teratomaia richardsoni,Species
443543,Leptomithrax,443540,f230b8,3270,439466,Genus,Leptomithrax,accepted,439466,Leptomithrax,Genus
443544,Leptomithrax longipes,443543,f230b8,3270,442016,Species,Leptomithrax longipes,accepted,442016,Leptomithrax longipes,Species
443545,Campylonotoidea,443192,f230b8,3270,106711,Superfamily,Campylonotoidea,accepted,106711,Campylonotoidea,Superfamily
443546,Campylonotidae,443545,f230b8,3270,196142,Family,Campylonotidae,accepted,196142,Campylonotidae,Family
443547,Campylonotus,443546,f230b8,3270,342626,Genus,Campylonotus,accepted,342626,Campylonotus,Genus
443548,Campylonotus rathbunae,443547,f230b8,3270,342627,Species,Campylonotus rathbunae,accepted,342627,Campylonotus rathbunae,Species
443549,Pandaloidea,443192,f230b8,3270,106716,Superfamily,Pandaloidea,accepted,106716,Pandaloidea,Superfamily
443550,Pandalidae,443549,f230b8,3270,106789,Family,Pandalidae,accepted,106789,Pandalidae,Family
443551,Pandalidae prob Plesionika sp.,443550,f230b8,3270,,Arbitrary,,,,,
443552,Nematocarcinoidea,443192,f230b8,3270,106713,Superfamily,Nematocarcinoidea,accepted,106713,Nematocarcinoidea,Superfamily
443553,Nematocarcinidae,443552,f230b8,3270,106784,Family,Nematocarcinidae,accepted,106784,Nematocarcinidae,Family
443554,Nematocarcinus,443553,f230b8,3270,107015,Genus,Nematocarcinus,accepted,107015,Nematocarcinus,Genus
443555,Nematocarcinus sp.,443554,f230b8,3270,,Arbitrary,,,,,
443556,Dendrobranchiata,443184,f230b8,3270,106669,Suborder,Dendrobranchiata,accepted,106669,Dendrobranchiata,Suborder
443557,Penaeoidea,443556,f230b8,3270,106683,Superfamily,Penaeoidea,accepted,106683,Penaeoidea,Superfamily
443558,Solenoceridae,443557,f230b8,3270,106729,Family,Solenoceridae,accepted,106729,Solenoceridae,Family
443559,Haliporoides,443558,f230b8,3270,205296,Genus,Haliporoides,accepted,205296,Haliporoides,Genus
443560,Haliporoides sibogae,443559,f230b8,3270,220285,Species,Haliporoides sibogae,accepted,220285,Haliporoides sibogae,Species
443561,Munididae,443196,f230b8,3270,562645,Family,Munididae,accepted,562645,Munididae,Family
443562,Munida,443561,f230b8,3270,106835,Genus,Munida,accepted,106835,Munida,Genus
443563,Munida gracilis,443562,f23131,3270,210336,Species,Munida gracilis,superseded combination,1605919,Scolonida gracilis,Species
443564,Chirostyloidea,443188,f230b8,3270,562583,Superfamily,Chirostyloidea,accepted,562583,Chirostyloidea,Superfamily
443565,Chirostylidae,443564,f230b8,3270,106732,Family,Chirostylidae,accepted,106732,Chirostylidae,Family
443566,Gastroptychus,443565,f230b8,3270,106832,Genus,Gastroptychus,accepted,106832,Gastroptychus,Genus
443567,Gastroptychus novaezelandiae,443566,f230b8,3270,392029,Species,Gastroptychus novaezelandiae,accepted,392029,Gastroptychus novaezelandiae,Species
443568,Achelata,443185,ff0d9e,3270,383017,Infraorder,Achelata,accepted,383017,Achelata,Infraorder
443569,Scyllaridae,443568,ff0d9e,3270,106795,Family,Scyllaridae,accepted,106795,Scyllaridae,Family
443570,Ibacinae,443569,f230b8,3270,382773,Subfamily,Ibacinae,accepted,382773,Ibacinae,Subfamily
443571,Ibacus,443570,f230b8,3270,206491,Genus,Ibacus,accepted,206491,Ibacus,Genus
443572,Ibacus alticrenatus,443571,f230b8,3270,382918,Species,Ibacus alticrenatus,accepted,382918,Ibacus alticrenatus,Species
443573,Polychelinae,443229,f230b8,3270,1715211,Subfamily,Polychelinae,accepted,1715211,Polychelinae,Subfamily
443574,Polycheles,443573,f230b8,3270,107056,Genus,Polycheles,accepted,107056,Polycheles,Genus
443575,Polycheles spp.,443574,f230b8,3270,,Arbitrary,,,,,
443576,Sphaeromatidea,443234,f230b8,3270,292949,Suborder,Sphaeromatidea,accepted,292949,Sphaeromatidea,Suborder
443577,Seroloidea,443576,f230b8,3270,292951,Superfamily,Seroloidea,accepted,292951,Seroloidea,Superfamily
443578,Serolidae,443577,f230b8,3270,118276,Family,Serolidae,accepted,118276,Serolidae,Family
443579,Acutiserolis,443578,f230b8,3270,175135,Genus,Acutiserolis,accepted,175135,Acutiserolis,Genus
443580,Acutiserolis sp.,443579,f230b8,3270,,Arbitrary,,,,,
443581,Pantopoda,443220,f230b8,3270,1358,Order,Pantopoda,accepted,1358,Pantopoda,Order
443582,Eupantopodida,443581,f230b8,3270,379601,Suborder,Eupantopodida,accepted,379601,Eupantopodida,Suborder
443583,Colossendeoidea,443582,f230b8,3270,1702221,Superfamily,Colossendeoidea,accepted,1702221,Colossendeoidea,Superfamily
443584,Colossendeidae,443583,f230b8,3270,22617,Family,Colossendeidae,accepted,22617,Colossendeidae,Family
443585,Colossendeinae,443584,f230b8,3270,379613,Subfamily,Colossendeinae,accepted,379613,Colossendeinae,Subfamily
443586,Colossendeis,443585,f230b8,3270,134586,Genus,Colossendeis,accepted,134586,Colossendeis,Genus
443587,Collossendeis sp.,443586,ef2fb6,3270,,Arbitrary,,,,,
443588,Caenogastropoda,443206,f2d649,3270,224570,Subclass,Caenogastropoda,accepted,224570,Caenogastropoda,Subclass
443589,Neogastropoda,443588,f2d649,3270,146,Order,Neogastropoda,accepted,146,Neogastropoda,Order
443590,Volutoidea,443589,f2d649,3270,1055738,Superfamily,Volutoidea,accepted,1055738,Volutoidea,Superfamily
443591,Volutidae,443590,f2d649,3270,23141,Family,Volutidae,accepted,23141,Volutidae,Family
443592,Turbinelloidea,443589,f2d649,3270,988101,Superfamily,Turbinelloidea,accepted,988101,Turbinelloidea,Superfamily
443593,Volutomitridae,443592,f2d649,3270,23142,Family,Volutomitridae,accepted,23142,Volutomitridae,Family
443594,Volutomitra,443593,f2d649,3270,138662,Genus,Volutomitra,accepted,138662,Volutomitra,Genus
443595,Volutomitra banksi,443594,f2d649,3270,450665,Species,Volutomitra banksi,accepted,450665,Volutomitra banksi,Species
443596,Volutomitira banksi,443595,f24a4a,3270,,Arbitrary,,,,,
443597,Conoidea,443589,f2d649,3270,15140,Superfamily,Conoidea,accepted,15140,Conoidea,Superfamily
443598,Turridae,443597,f2d649,3270,152,Family,Turridae,accepted,152,Turridae,Family
443599,Pseudomelatomidae,443597,f2d649,3270,411814,Family,Pseudomelatomidae,accepted,411814,Pseudomelatomidae,Family
443600,Comitas,443599,f2d649,3270,432433,Genus,Comitas,accepted,432433,Comitas,Genus
443601,Comitas onokeana,443600,f2d649,3270,599031,Species,Comitas onokeana,accepted,599031,Comitas onokeana,Species
443602,Comitas onokeana vivens,443601,f2d649,3270,599033,Subspecies,Comitas onokeana vivens,accepted,599033,Comitas onokeana vivens,Subspecies
443603,Buccinoidea,443589,f2d649,3270,382214,Superfamily,Buccinoidea,accepted,382214,Buccinoidea,Superfamily
443604,Buccinidae,443603,f2d649,3270,149,Family,Buccinidae,accepted,149,Buccinidae,Family
443605,Prosiphonidae,443603,f2d649,3270,1522144,Family,Prosiphonidae,accepted,1522144,Prosiphonidae,Family
443606,Austrofusus,443605,f2d649,3270,490630,Genus,Austrofusus,accepted,490630,Austrofusus,Genus
443607,Austrofusus glans,443606,f2d649,3270,490748,Species,Austrofusus glans,accepted,490748,Austrofusus glans,Species
443608,Austrosiphonidae,443603,f2d649,3270,1522370,Family,Austrosiphonidae,accepted,1522370,Austrosiphonidae,Family
443609,Penion,443608,f2d649,3270,488452,Genus,Penion,accepted,488452,Penion,Genus
443610,Penion sp.,443609,f2d649,3270,,Arbitrary,,,,,
443611,Tudiclidae,443603,f2d649,3270,1296552,Family,Tudiclidae,accepted,1296552,Tudiclidae,Family
443612,Aeneator,443611,f2d649,3270,368555,Genus,Aeneator,accepted,368555,Aeneator,Genus
443613,Aeneator recens,443612,f2d649,3270,490675,Species,Aeneator recens,accepted,490675,Aeneator recens,Species
443614,Littorinimorpha,443588,f2d649,3270,382213,Order,Littorinimorpha,accepted,382213,Littorinimorpha,Order
443615,Tonnoidea,443614,f2d649,3270,14777,Superfamily,Tonnoidea,accepted,14777,Tonnoidea,Superfamily
443616,Ranellidae,443615,f2d649,3270,10109,Family,Ranellidae,accepted,10109,Ranellidae,Family
443617,Cymatiidae,443615,f2d649,3270,196332,Family,Cymatiidae,accepted,196332,Cymatiidae,Family
443618,Fusitriton,443617,f2d649,3270,390535,Genus,Fusitriton,accepted,390535,Fusitriton,Genus
443619,Fusitriton magellanicus,443618,f2d649,3270,476494,Species,Fusitriton magellanicus,accepted,476494,Fusitriton magellanicus,Species
443620,Muricoidea,443589,f2d649,3270,15138,Superfamily,Muricoidea,accepted,15138,Muricoidea,Superfamily
443621,Muricidae,443620,f2d649,3270,148,Family,Muricidae,accepted,148,Muricidae,Family
443622,Pagodulinae,443621,f2d649,3270,711570,Subfamily,Pagodulinae,accepted,711570,Pagodulinae,Subfamily
443623,Pagodula,443622,f2d649,3270,181038,Genus,Pagodula,accepted,181038,Pagodula,Genus
443624,Pagodula sp,443623,f2d649,3270,,Arbitrary,,,,,
443625,Olivoidea,443589,f2d649,3270,411805,Superfamily,Olivoidea,accepted,411805,Olivoidea,Superfamily
443626,Olividae,443625,f2d649,3270,23082,Family,Olividae,accepted,23082,Olividae,Family
443627,Ancillariidae,443625,f2d649,3270,993219,Family,Ancillariidae,accepted,993219,Ancillariidae,Family
443628,Amalda,443627,f2d649,3270,390993,Genus,Amalda,accepted,390993,Amalda,Genus
443629,Amalda sp,443628,f2d649,3270,,Arbitrary,,,,,
443630,Naticoidea,443614,f2d649,3270,14776,Superfamily,Naticoidea,accepted,14776,Naticoidea,Superfamily
443631,Naticidae,443630,f2d649,3270,145,Family,Naticidae,accepted,145,Naticidae,Family
443632,Vetigastropoda,443206,f2d649,3270,156485,Subclass,Vetigastropoda,accepted,156485,Vetigastropoda,Subclass
443633,Trochida,443632,f2d649,3270,1052448,Order,Trochida,accepted,1052448,Trochida,Order
443634,Trochoidea,443633,f2d649,3270,156489,Superfamily,Trochoidea,accepted,156489,Trochoidea,Superfamily
443635,Calliostomatidae,443634,f2d649,3270,382180,Family,Calliostomatidae,accepted,382180,Calliostomatidae,Family
443636,Callostomatidae,443635,f24a4a,3270,,Arbitrary,,,,,
443637,Calliostomatinae,443635,f2d649,3270,411630,Subfamily,Calliostomatinae,accepted,411630,Calliostomatinae,Subfamily
443638,Calliostoma,443637,f2d649,3270,138584,Genus,Calliostoma,accepted,138584,Calliostoma,Genus
443639,Calliostoma alertae,443638,f24a4a,3270,467159,Species,Calliostoma alertae,unaccepted,1264397,Maurea alertae,Species
443640,Turbinellidae,443592,f2d649,3270,23134,Family,Turbinellidae,accepted,23134,Turbinellidae,Family
443641,Columbariidae,443592,f2d649,3270,390776,Family,Columbariidae,accepted,390776,Columbariidae,Family
443642,Coluzea,443641,f2d649,3270,456389,Genus,Coluzea,accepted,456389,Coluzea,Genus
443643,Coluzea sp,443642,f2d649,3270,,Arbitrary,,,,,
443644,Cassidae,443615,f2d649,3270,22999,Family,Cassidae,accepted,22999,Cassidae,Family
443645,Octopodinae,443237,f24a4a,3270,,Arbitrary,,,,,
443646,Incirrata,443237,f2d649,3270,11733,Suborder,Incirrata,accepted,11733,Incirrata,Suborder
443647,Octopodoidea,443646,f2d649,3270,14672,Superfamily,Octopodoidea,accepted,14672,Octopodoidea,Superfamily
443648,Enteroctopodidae,443647,f2d649,3270,834049,Family,Enteroctopodidae,accepted,834049,Enteroctopodidae,Family
443649,Enteroctopus,443648,f2d649,3270,341422,Genus,Enteroctopus,accepted,341422,Enteroctopus,Genus
443650,Enteroctopus zealandicus,443649,f2d649,3270,534424,Species,Enteroctopus zealandicus,accepted,534424,Enteroctopus zealandicus,Species
443651,Enteroctopus zealandicus (yellow),443650,f2d649,3270,,Arbitrary,,,,,
443652,Octopodidae,443647,f2d649,3270,11782,Family,Octopodidae,accepted,11782,Octopodidae,Family
443653,Pinnoctopus,443652,f2d649,3270,341453,Genus,Pinnoctopus,accepted,341453,Pinnoctopus,Genus
443654,Pinnoctopus cordiformis,443653,f2d649,3270,342381,Species,Pinnoctopus cordiformis,accepted,342381,Pinnoctopus cordiformis,Species
443655,Bathypolypodinae,443652,f24a4a,3270,746991,Subfamily,Bathypolypodinae,superseded rank,834051,Bathypolypodidae,Family
443656,Bathypolypodidae,443647,f2d649,3270,834051,Family,Bathypolypodidae,accepted,834051,Bathypolypodidae,Family
443657,Benthoctopus,443656,f24a4a,3270,138266,Genus,Benthoctopus,unaccepted,138265,Bathypolypus,Genus
443658,Benthoctopus sp,443657,f24a4a,3270,,Arbitrary,,,,,
443659,Megaleledonidae,443647,f2d649,3270,834050,Family,Megaleledonidae,accepted,834050,Megaleledonidae,Family
443660,Graneledone,443659,f2d649,3270,157018,Genus,Graneledone,accepted,157018,Graneledone,Genus
443661,Graneledoninae,443659,f24a4a,3270,,Arbitrary,,,,,
443662,Graneledone sp.,443660,f2d649,3270,,Arbitrary,,,,,
443663,Cirrata,443237,f2d649,3270,11732,Suborder,Cirrata,accepted,11732,Cirrata,Suborder
443664,Opisthoteuthoidea,443663,f2d649,3270,1765494,Superfamily,Opisthoteuthoidea,accepted,1765494,Opisthoteuthoidea,Superfamily
443665,Opisthoteuthidae,443664,f2d649,3270,23083,Family,Opisthoteuthidae,accepted,23083,Opisthoteuthidae,Family
443666,Opisthoteuthis,443665,f2d649,3270,138294,Genus,Opisthoteuthis,accepted,138294,Opisthoteuthis,Genus
443667,Opisthoteuthididae,443665,f24a4a,3270,,Arbitrary,,,,,
443668,Opisthoteuthis sp,443666,f2d649,3270,,Arbitrary,,,,,
443669,Cirroteuthididae/Luteuthididae,443663,f24a4a,3270,,Arbitrary,,,,,
443670,Crangonoidea,443192,f230b8,3270,106712,Superfamily,Crangonoidea,accepted,106712,Crangonoidea,Superfamily
443671,Glyphocrangonidae,443670,f230b8,3270,106783,Family,Glyphocrangonidae,accepted,106783,Glyphocrangonidae,Family
443672,Glyphocrangon,443671,f230b8,3270,107014,Genus,Glyphocrangon,accepted,107014,Glyphocrangon,Genus
443673,Elpidiidae,443474,2ee693,3270,123191,Family,Elpidiidae,accepted,123191,Elpidiidae,Family
443674,Scotoplanes,443673,2ee693,3270,123520,Genus,Scotoplanes,accepted,123520,Scotoplanes,Genus
443675,Scotoplanes sp,443674,2ee693,3270,,Arbitrary,,,,,
443677,Coral (intact),443116,f26f55,3270,,Arbitrary,,,,,
443678,Coral rubble,443116,f26f55,3270,,Arbitrary,,,,,
443679,Shell hash,443116,f26f55,3270,,Arbitrary,,,,,
443680,Shell-coral hash,443116,f26f55,3270,,Arbitrary,,,,,
443681,Calyptogena sp. shell,443116,f26f55,3270,,Arbitrary,,,,,
443682,Burrow,443297,640cf2,3270,,Arbitrary,,,,,
443683,Track,443297,640cf2,3270,,Arbitrary,,,,,
443684,Mound,443297,640cf2,3270,,Arbitrary,,,,,
443685,Pit,443297,640cf2,3270,,Arbitrary,,,,,
443686,Autobranchia,443274,f2d649,3270,1424948,Subclass,Autobranchia,accepted,1424948,Autobranchia,Subclass
443687,Pteriomorphia,443686,f2d649,3270,206,Infraclass,Pteriomorphia,accepted,206,Pteriomorphia,Infraclass
443688,Pectinida,443687,f2d649,3270,387324,Order,Pectinida,accepted,387324,Pectinida,Order
443689,Pectinoidea,443688,f2d649,3270,151320,Superfamily,Pectinoidea,accepted,151320,Pectinoidea,Superfamily
443690,Pectinidae,443689,f2d649,3270,213,Family,Pectinidae,accepted,213,Pectinidae,Family
443691,Camptonectinae,443690,f2d649,3270,391786,Subfamily,Camptonectinae,accepted,391786,Camptonectinae,Subfamily
443692,Delectopecten,443691,f2d649,3270,138318,Genus,Delectopecten,accepted,138318,Delectopecten,Genus
443693,Delectopecten fosterianus,443692,f2d649,3270,391790,Species,Delectopecten fosterianus,accepted,391790,Delectopecten fosterianus,Species
443694,Faecal coil,443297,640cf2,3270,,Arbitrary,,,,,
443696,Barnacle plates,443116,f26f55,3270,,Arbitrary,,,,,
443697,Heteroconchia,443686,f2d649,3270,1424949,Infraclass,Heteroconchia,accepted,1424949,Heteroconchia,Infraclass
443698,Euheterodonta,443697,f2d649,3270,382296,Subterclass,Euheterodonta,accepted,382296,Euheterodonta,Subterclass
443699,Anomalodesmata,443698,f2d649,3270,254,Superorder,Anomalodesmata,accepted,254,Anomalodesmata,Superorder
443700,Verticordioidea,443699,f2d649,3270,382319,Superfamily,Verticordioidea,accepted,382319,Verticordioidea,Superfamily
443701,Euciroidae,443700,f2d649,3270,406059,Family,Euciroidae,accepted,406059,Euciroidae,Family
443702,Euciroa,443701,f2d649,3270,406060,Genus,Euciroa,accepted,406060,Euciroa,Genus
443703,Euciroa galatheae,443702,f2d649,3270,406392,Species,Euciroa galatheae,accepted,406392,Euciroa galatheae,Species
443723,Corallimorpharia,443258,c50707,3270,1362,Order,Corallimorpharia,accepted,1362,Corallimorpharia,Order
443724,Corallimorpharia 1,443723,bbaaaa,3270,,Arbitrary,,,,,
443725,Corallimorpharia 2,443723,bbaaaa,3270,,Arbitrary,,,,,
443726,Corallimorpharia 3,443723,bbaaaa,3270,,Arbitrary,,,,,
443727,Zoanthidea,443258,c59c07,3270,16327,Order,Zoanthidea,unaccepted,607338,Zoantharia,Order
443728,Lithistida,443266,ff6666,3270,131605,Order,Lithistida,unaccepted,607950,Heteroscleromorpha,Subclass
443729,Lithistid,443728,ff6666,3270,,Arbitrary,,,,,
443730,Heteroscleromorpha,443266,ba66ff,3270,607950,Subclass,Heteroscleromorpha,accepted,607950,Heteroscleromorpha,Subclass
443731,Tetractinellida,443730,ba66ff,3270,597812,Order,Tetractinellida,accepted,597812,Tetractinellida,Order
443732,Astrophorina,443731,ba66ff,3270,131602,Suborder,Astrophorina,accepted,131602,Astrophorina,Suborder
443733,Phymatellidae,443732,ba66ff,3270,171154,Family,Phymatellidae,accepted,171154,Phymatellidae,Family
443734,Neoaulaxinia,443733,ba66ff,3270,171155,Genus,Neoaulaxinia,accepted,171155,Neoaulaxinia,Genus
443735,Neoaulaxinia persicum,443734,ba66ff,3270,246619,Species,Neoaulaxinia persicum,accepted,246619,Neoaulaxinia persicum,Species
443736,Isoraphiniidae,443732,ba66ff,3270,171107,Family,Isoraphiniidae,accepted,171107,Isoraphiniidae,Family
443737,Costifer,443736,ba66ff,3270,171108,Genus,Costifer,accepted,171108,Costifer,Genus
443738,Costifer wilsoni,443737,ba66ff,3270,171110,Species,Costifer wilsoni,accepted,171110,Costifer wilsoni,Species
443739,Corallistidae,443732,ba66ff,3270,131679,Family,Corallistidae,accepted,131679,Corallistidae,Family
443740,Awhiowhio,443739,ba66ff,3270,246622,Genus,Awhiowhio,accepted,246622,Awhiowhio,Genus
443741,Awhiowhio sepulchrum,443740,ba66ff,3270,246625,Species,Awhiowhio sepulchrum,accepted,246625,Awhiowhio sepulchrum,Species
443742,Poecilosclerida,443730,ba66ff,3270,131599,Order,Poecilosclerida,accepted,131599,Poecilosclerida,Order
443743,Poecilosclerid,443742,bbaaaa,3270,,Arbitrary,,,,,
443744,Latrunculiidae,443742,ba66ff,3270,131671,Family,Latrunculiidae,accepted,131671,Latrunculiidae,Family
443745,Latrunculia,443744,ba66ff,3270,132038,Genus,Latrunculia,alternative representation,231637,Latrunculia (Latrunculia),Subgenus
443746,Latrunculia spp,443745,ba66ff,3270,,Arbitrary,,,,,
443747,Astrophorida,443730,ff6666,3270,847773,Order,Astrophorida,unaccepted,131602,Astrophorina,Suborder
443748,Astrophorid,443747,ff6666,3270,,Arbitrary,,,,,
443749,Geodiidae,443732,ba66ff,3270,131664,Family,Geodiidae,accepted,131664,Geodiidae,Family
443750,Geodiinae,443749,ba66ff,3270,597252,Subfamily,Geodiinae,accepted,597252,Geodiinae,Subfamily
443751,Geodia,443750,ba66ff,3270,132005,Genus,Geodia,accepted,132005,Geodia,Genus
443752,Geodia regina,443751,ba66ff,3270,170165,Species,Geodia regina,accepted,170165,Geodia regina,Species
443753,Ancorinidae,443732,ba66ff,3270,131662,Family,Ancorinidae,accepted,131662,Ancorinidae,Family
443754,Tethyopsis,443753,ba66ff,3270,170022,Genus,Tethyopsis,accepted,170022,Tethyopsis,Genus
443755,Tethyopsis n. sp.,443754,ba66ff,3270,,Arbitrary,,,,,
443756,Theneidae,443732,ba66ff,3270,131666,Family,Theneidae,accepted,131666,Theneidae,Family
443757,Thenea,443756,ba66ff,3270,132019,Genus,Thenea,accepted,132019,Thenea,Genus
443758,Thenea novaezealandiae,443757,ba66ff,3270,170310,Species,Thenea novaezealandiae,accepted,170310,Thenea novaezealandiae,Species
443759,Pachastrellidae,443732,c973ff,3270,131665,Family,Pachastrellidae,accepted,131665,Pachastrellidae,Family
443760,Hadromerida,443730,ff6666,3270,131604,Order,Hadromerida,unaccepted,607950,Heteroscleromorpha,Subclass
443761,Hadromerid,443760,ff6666,3270,,Arbitrary,,,,,
443762,Suberitida,443730,ba66ff,3270,845509,Order,Suberitida,accepted,845509,Suberitida,Order
443763,Suberitidae,443762,ba66ff,3270,131676,Family,Suberitidae,accepted,131676,Suberitidae,Family
443764,Suberites,443763,ba66ff,3270,132072,Genus,Suberites,accepted,132072,Suberites,Genus
443765,Suberites affinis,443764,ba66ff,3270,170832,Species,Suberites affinis,accepted,170832,Suberites affinis,Species
443766,Halichondrida,443730,ff6666,3270,131596,Order,Halichondrida,unaccepted,607950,Heteroscleromorpha,Subclass
443767,Halichondrid,443766,ff6666,3270,,Arbitrary,,,,,
443768,Axinellida,443730,ba66ff,3270,163084,Order,Axinellida,accepted,163084,Axinellida,Order
443769,Axinellidae,443768,ba66ff,3270,131629,Family,Axinellidae,accepted,131629,Axinellidae,Family
443770,Axinella,443769,ba66ff,3270,131774,Genus,Axinella,accepted,131774,Axinella,Genus
443771,Axinella spp,443770,ba66ff,3270,,Arbitrary,,,,,
443772,Axinella_Pararaphoxya,443770,ba66ff,3270,,Arbitrary,,,,,
443773,Spirophorida,443730,ff6666,3270,847774,Order,Spirophorida,unaccepted,131606,Spirophorina,Suborder
443774,Spirophorina,443731,ba66ff,3270,131606,Suborder,Spirophorina,accepted,131606,Spirophorina,Suborder
443775,Tetillidae,443774,ba66ff,3270,131683,Family,Tetillidae,accepted,131683,Tetillidae,Family
443776,Antarctotetilla,443775,ba66ff,3270,885824,Genus,Antarctotetilla,accepted,885824,Antarctotetilla,Genus
443777,Antarctotetilla leptoderma,443776,ba66ff,3270,885825,Species,Antarctotetilla leptoderma,accepted,885825,Antarctotetilla leptoderma,Species
443778,Haplosclerida,443730,ba66ff,3270,131598,Order,Haplosclerida,accepted,131598,Haplosclerida,Order
443779,Haplosclerid,443778,bbaaaa,3270,,Arbitrary,,,,,
443780,Petrosiidae,443778,ba66ff,3270,131638,Family,Petrosiidae,accepted,131638,Petrosiidae,Family
443781,Petrosia,443780,ba66ff,3270,131847,Genus,Petrosia,accepted,131847,Petrosia,Genus
443782,Encrusting sponges,443252,bbaaaa,3270,,Arbitrary,,,,,
443783,Lyssacinosida,443254,ba66ff,3270,171834,Order,Lyssacinosida,accepted,171834,Lyssacinosida,Order
443784,Rossellidae,443783,ba66ff,3270,131694,Family,Rossellidae,accepted,131694,Rossellidae,Family
443785,Hyalascus,443784,ba66ff,3270,172083,Genus,Hyalascus,accepted,172083,Hyalascus,Genus
443786,Hyalascus n. sp,443785,ba66ff,3270,,Arbitrary,,,,,
443787,Euplectellidae,443783,ba66ff,3270,131692,Family,Euplectellidae,accepted,131692,Euplectellidae,Family
443788,Euplectellinae,443787,b262f4,3270,171888,Subfamily,Euplectellinae,accepted,171888,Euplectellinae,Subfamily
443789,Euplectella,443788,b965fd,3270,132114,Genus,Euplectella,accepted,132114,Euplectella,Genus
443790,Euplectella regalis,443789,ff6666,3270,171907,Species,Euplectella regalis,unaccepted,387345,Euplectella aspergillum regalis,Subspecies
443791,Sceptrulophora,443254,ba66ff,3270,605841,Order,Sceptrulophora,accepted,605841,Sceptrulophora,Order
443792,Farreidae,443791,ba66ff,3270,131689,Family,Farreidae,accepted,131689,Farreidae,Family
443793,Farreidae (?),443792,ba66ff,3270,,Arbitrary,,,,,
443794,Malacalcyonacea,443496,c50707,3270,1609357,Order,Malacalcyonacea,accepted,1609357,Malacalcyonacea,Order
443795,Isididae,443794,c50707,3270,125276,Family,Isididae,accepted,125276,Isididae,Family
443796,Pennatulacea 1,443498,c59c07,3270,,Arbitrary,,,,,
443797,Pennatulacea 2,443498,c59c07,3270,,Arbitrary,,,,,
443798,Pennatulacea 3,443498,c59c07,3270,,Arbitrary,,,,,
443799,Pennatulacea 4,443498,c59c07,3270,,Arbitrary,,,,,
443800,Pennatulacea 5,443498,c59c07,3270,,Arbitrary,,,,,
443801,Vacatina,443500,c50707,3270,1517259,Suborder,Vacatina,accepted,1517259,Vacatina,Suborder
443802,Caryophylliidae,443801,c50707,3270,135073,Family,Caryophylliidae,accepted,135073,Caryophylliidae,Family
443803,Solenosmilia,443802,c50707,3270,135101,Genus,Solenosmilia,accepted,135101,Solenosmilia,Genus
443804,Solenosmilia variabilis,443803,c50707,3270,135168,Species,Solenosmilia variabilis,accepted,135168,Solenosmilia variabilis,Species
443805,Madreporidae,443801,c50707,3270,1749892,Family,Madreporidae,accepted,1749892,Madreporidae,Family
443806,Madrepora,443805,c50707,3270,135123,Genus,Madrepora,accepted,135123,Madrepora,Genus
443807,Madrepora spp.,443806,c50707,3270,,Arbitrary,,,,,
443808,Refertina,443500,c50707,3270,1517258,Suborder,Refertina,accepted,1517258,Refertina,Suborder
443809,Dendrophylliidae,443808,c50707,3270,135074,Family,Dendrophylliidae,accepted,135074,Dendrophylliidae,Family
443810,Enallopsammia,443809,c50707,3270,135112,Genus,Enallopsammia,accepted,135112,Enallopsammia,Genus
443811,Enallopsammia spp.,443810,c50707,3270,,Arbitrary,,,,,
443812,cup corals (stalked),443500,bbaaaa,3270,,Arbitrary,,,,,
443813,cup corals (cup),443500,bbaaaa,3270,,Arbitrary,,,,,
443814,Desmophyllum/ Caryophyllia,443500,c50707,3270,,Arbitrary,,,,,
443815,Megaleledone,443659,f2d649,3270,325323,Genus,Megaleledone,accepted,325323,Megaleledone,Genus
443816,Megaleledone setebos,443815,f2d649,3270,325324,Species,Megaleledone setebos,accepted,325324,Megaleledone setebos,Species
443817,Flabellidae,443808,c50707,3270,135075,Family,Flabellidae,accepted,135075,Flabellidae,Family
443818,Flabellum,443817,c50707,3270,135114,Genus,Flabellum,accepted,135114,Flabellum,Genus
443819,Flabellum rubrum,443818,c59c07,3270,1417099,Species,Flabellum rubrum,superseded combination,287039,Monomyces rubrum,Species
443820,Flabellum 1,443818,c50707,3270,,Arbitrary,,,,,
443821,Flabellum 3,443818,c50707,3270,,Arbitrary,,,,,
443822,Flabellum loure kexeii,443818,c59c07,3270,,Arbitrary,,,,,
443823,Flabellum knoxi,443818,c59c07,3270,1449415,Species,Flabellum knoxi,alternative representation,287012,Flabellum (Flabellum) knoxi,Species
443824,Scleralcyonacea,443496,c50707,3270,1609355,Order,Scleralcyonacea,accepted,1609355,Scleralcyonacea,Order
443825,Coralliidae,443824,c50707,3270,125280,Family,Coralliidae,accepted,125280,Coralliidae,Family
443826,Anthomastinae,443825,c50707,3270,1510270,Subfamily,Anthomastinae,accepted,1510270,Anthomastinae,Subfamily
443827,Anthomastus,443826,c50707,3270,125285,Genus,Anthomastus,accepted,125285,Anthomastus,Genus
443828,Anthomastus sp.,443827,c50707,3270,,Arbitrary,,,,,
443829,Goniocorella,443802,c50707,3270,267452,Genus,Goniocorella,accepted,267452,Goniocorella,Genus
443830,Goniocorella dumosa,443829,c50707,3270,290021,Species,Goniocorella dumosa,accepted,290021,Goniocorella dumosa,Species
443831,Primnoidae,443824,c50707,3270,125278,Family,Primnoidae,accepted,125278,Primnoidae,Family
443832,Callogorgia,443831,c50707,3270,125317,Genus,Callogorgia,accepted,125317,Callogorgia,Genus
443833,Callogorgia spp,443832,c50707,3270,,Arbitrary,,,,,
443834,Primnoella,443831,c50707,3270,125322,Genus,Primnoella,accepted,125322,Primnoella,Genus
443835,Primnoella spp,443834,c50707,3270,,Arbitrary,,,,,
443836,Thouarella,443831,c50707,3270,125323,Genus,Thouarella,accepted,125323,Thouarella,Genus
443837,Paragorgiidae,443824,c59c07,3270,125281,Family,Paragorgiidae,junior subjective synonym,125280,Coralliidae,Family
443838,paragorgiidae,443837,c59c07,3270,,Arbitrary,,,,,
443839,Paragorgia,443825,c50707,3270,125326,Genus,Paragorgia,accepted,125326,Paragorgia,Genus
443840,Paragorgia spp,443839,c50707,3270,,Arbitrary,,,,,
443841,Sibogagorgia,443825,c50707,3270,267835,Genus,Sibogagorgia,accepted,267835,Sibogagorgia,Genus
443842,Sibogagorgia spp,443841,c50707,3270,,Arbitrary,,,,,
443843,Chrysogorgiidae,443824,c50707,3270,125273,Family,Chrysogorgiidae,accepted,125273,Chrysogorgiidae,Family
443844,Radicipes,443843,c50707,3270,125297,Genus,Radicipes,accepted,125297,Radicipes,Genus
443845,Radicipes spp,443844,c50707,3270,,Arbitrary,,,,,
443846,Corallium,443825,c50707,3270,125325,Genus,Corallium,accepted,125325,Corallium,Genus
443847,Corallium sp.,443846,c50707,3270,,Arbitrary,,,,,
443848,Errina,443505,c50707,3270,117242,Genus,Errina,accepted,117242,Errina,Genus
443849,Errina spp,443848,c50707,3270,,Arbitrary,,,,,
443850,Schizopathidae,443501,c50707,3270,266964,Family,Schizopathidae,accepted,266964,Schizopathidae,Family
443851,Bathypathes,443850,c50707,3270,103304,Genus,Bathypathes,accepted,103304,Bathypathes,Genus
443852,Alcyoniidae,443794,c50707,3270,125269,Family,Alcyoniidae,accepted,125269,Alcyoniidae,Family
443853,Dendrobathypathes,443850,c50707,3270,267372,Genus,Dendrobathypathes,accepted,267372,Dendrobathypathes,Genus
443854,Clavulariidae,443794,c50707,3270,125270,Family,Clavulariidae,accepted,125270,Clavulariidae,Family
443855,Clavularia,443854,c50707,3270,125286,Genus,Clavularia,accepted,125286,Clavularia,Genus
443856,Clavularia spp,443855,c50707,3270,,Arbitrary,,,,,
443857,Antipathidae,443501,c50707,3270,103301,Family,Antipathidae,accepted,103301,Antipathidae,Family
443858,Antipathes,443857,c50707,3270,103302,Genus,Antipathes,accepted,103302,Antipathes,Genus
443859,Ceriantharia,443258,c50707,3270,1361,Order,Ceriantharia,accepted,1361,Ceriantharia,Order
443860,Ceriantharia spp,443859,c50707,3270,,Arbitrary,,,,,
443861,Taiaroidae,443794,c50707,3270,266951,Family,Taiaroidae,accepted,266951,Taiaroidae,Family
443862,Taiaroa,443861,c50707,3270,267887,Genus,Taiaroa,accepted,267887,Taiaroa,Genus
443863,Taiaroa tauhou,443862,c50707,3270,291172,Species,Taiaroa tauhou,accepted,291172,Taiaroa tauhou,Species
443864,Sedentaria,443216,94ff4d,3270,754175,Subclass,Sedentaria,accepted,754175,Sedentaria,Subclass
443865,Canalipalpata,443864,94ff4d,3270,154974,Infraclass,Canalipalpata,accepted,154974,Canalipalpata,Infraclass
443866,Sabellida,443865,94ff4d,3270,901,Order,Sabellida,accepted,901,Sabellida,Order
443867,Sabellidae,443866,94ff4d,3270,985,Family,Sabellidae,accepted,985,Sabellidae,Family
443868,Sabellidae (fan worm),443867,bbaaaa,3270,,Arbitrary,,,,,
443869,Crinoidea (stalked),443175,bbaaaa,3270,,Arbitrary,,,,,
443870,Cnidaria incertae sedis,443256,c59c07,3270,135218,Subphylum,Cnidaria incertae sedis,temporary name,135218,Cnidaria incertae sedis,Subphylum
443871,Medusa,443870,c59c07,3270,596365,Genus,Medusa,nomen dubium,,,
443878,Tubiporidae,443794,c50707,3270,196208,Family,Tubiporidae,accepted,196208,Tubiporidae,Family
443879,Telesto,443878,c50707,3270,177688,Genus,Telesto,accepted,177688,Telesto,Genus
443880,Telesto sp.,443879,c50707,3270,,Arbitrary,,,,,
443881,Rhodelinda,443878,c50707,3270,267809,Genus,Rhodelinda,accepted,267809,Rhodelinda,Genus
443882,Rhodelinda spp,443881,c50707,3270,,Arbitrary,,,,,
443883,FISH,443158,e645b5,3270,,Arbitrary,,,,,
443884,Pleuronectiformes,443154,30c8f2,3270,10331,Order,Pleuronectiformes,accepted,10331,Pleuronectiformes,Order
443885,Achiropsettidae,443884,30c8f2,3270,154169,Family,Achiropsettidae,accepted,154169,Achiropsettidae,Family
443886,ACHIROPSETTIDAE,443885,30c8f2,3270,,Arbitrary,,,,,
443887,Mancopsetta,443885,30c8f2,3270,205796,Genus,Mancopsetta,accepted,205796,Mancopsetta,Genus
443888,Mancopsetta maculata,443887,30c8f2,3270,234783,Species,Mancopsetta maculata,accepted,234783,Mancopsetta maculata,Species
443889,Alepocephaliformes,443154,30c8f2,3270,1517449,Order,Alepocephaliformes,accepted,1517449,Alepocephaliformes,Order
443890,Alepocephalidae,443889,30c8f2,3270,125507,Family,Alepocephalidae,accepted,125507,Alepocephalidae,Family
443891,ALEPOCEPHALIDAE,443890,30c8f2,3270,,Arbitrary,,,,,
443892,Aulopiformes,443154,30c8f2,3270,10308,Order,Aulopiformes,accepted,10308,Aulopiformes,Order
443893,Anotopteridae,443892,30c8f2,3270,125440,Family,Anotopteridae,accepted,125440,Anotopteridae,Family
443894,ANOTOPTERIDAE,443893,30c8f2,3270,,Arbitrary,,,,,
443895,Anotopterus,443893,30c8f2,3270,125662,Genus,Anotopterus,accepted,125662,Anotopterus,Genus
443896,Anotopterus pharao,443895,30c8f2,3270,126334,Species,Anotopterus pharao,accepted,126334,Anotopterus pharao,Species
443897,Artedidraconidae,443156,30c8f2,3270,151398,Family,Artedidraconidae,accepted,151398,Artedidraconidae,Family
443898,ARTEDIDRACONIDAE,443897,30c8f2,3270,,Arbitrary,,,,,
443899,Artedidraco,443897,30c8f2,3270,234581,Genus,Artedidraco,accepted,234581,Artedidraco,Genus
443900,Artedidraco glareobarbatus,443899,30c8f2,3270,279404,Species,Artedidraco glareobarbatus,accepted,279404,Artedidraco glareobarbatus,Species
443901,Artedidraco loennbergi,443899,f23131,3270,234615,Species,Artedidraco loennbergi,unaccepted,1803734,Neodraco lonnbergi,Species
443902,Artedidraco orianae,443899,30c8f2,3270,234592,Species,Artedidraco orianae,accepted,234592,Artedidraco orianae,Species
443903,Artedidraco shackletoni,443899,30c8f2,3270,234817,Species,Artedidraco shackletoni,accepted,234817,Artedidraco shackletoni,Species
443904,Artedidraco skottsbergi,443899,f23131,3270,234621,Species,Artedidraco skottsbergi,superseded combination,1765023,Neodraco skottsbergi,Species
443905,Dolloidraco,443897,30c8f2,3270,234530,Genus,Dolloidraco,accepted,234530,Dolloidraco,Genus
443906,Dolloidraco longedorsalis,443905,30c8f2,3270,234696,Species,Dolloidraco longedorsalis,accepted,234696,Dolloidraco longedorsalis,Species
443907,Histiodraco,443897,30c8f2,3270,234548,Genus,Histiodraco,accepted,234548,Histiodraco,Genus
443908,Histiodraco velifer,443907,30c8f2,3270,234790,Species,Histiodraco velifer,accepted,234790,Histiodraco velifer,Species
443909,Pogonophryne,443897,30c8f2,3270,234571,Genus,Pogonophryne,accepted,234571,Pogonophryne,Genus
443910,Pogonophryne albipinna,443909,30c8f2,3270,279379,Species,Pogonophryne albipinna,accepted,279379,Pogonophryne albipinna,Species
443911,Pogonophryne barsukovi,443909,30c8f2,3270,234826,Species,Pogonophryne barsukovi,accepted,234826,Pogonophryne barsukovi,Species
443912,Pogonophryne cerebropogon,443909,30c8f2,3270,234832,Species,Pogonophryne cerebropogon,accepted,234832,Pogonophryne cerebropogon,Species
443913,Pogonophryne immaculata,443909,39a1e6,3270,234814,Species,Pogonophryne immaculata,accepted,234814,Pogonophryne immaculata,Species
443914,Pogonophryne lanceobarbata,443909,30c8f2,3270,234838,Species,Pogonophryne lanceobarbata,accepted,234838,Pogonophryne lanceobarbata,Species
443915,Pogonophryne macropogon,443909,30c8f2,3270,234756,Species,Pogonophryne macropogon,accepted,234756,Pogonophryne macropogon,Species
443916,Pogonophryne marmorata,443909,30c8f2,3270,234730,Species,Pogonophryne marmorata,accepted,234730,Pogonophryne marmorata,Species
443917,Pogonophryne mentella,443909,30c8f2,3270,234668,Species,Pogonophryne mentella,accepted,234668,Pogonophryne mentella,Species
443918,Pogonophryne permitini,443909,30c8f2,3270,234611,Species,Pogonophryne permitini,accepted,234611,Pogonophryne permitini,Species
443919,Pogonophryne scotti,443909,30c8f2,3270,234837,Species,Pogonophryne scotti,accepted,234837,Pogonophryne scotti,Species
443920,Pogonophryne ventrimaculata,443909,30c8f2,3270,234793,Species,Pogonophryne ventrimaculata,accepted,234793,Pogonophryne ventrimaculata,Species
443921,ASTRONESTHIDAE,443158,e645b5,3270,,Arbitrary,,,,,
443922,Stomiiformes,443154,30c8f2,3270,10306,Order,Stomiiformes,accepted,10306,Stomiiformes,Order
443923,Stomiidae,443922,30c8f2,3270,125604,Family,Stomiidae,accepted,125604,Stomiidae,Family
443924,Astronesthinae,443923,30c8f2,3270,154228,Subfamily,Astronesthinae,accepted,154228,Astronesthinae,Subfamily
443925,Borostomias,443924,30c8f2,3270,126204,Genus,Borostomias,accepted,126204,Borostomias,Genus
443926,Borostomias antarcticus,443925,30c8f2,3270,127334,Species,Borostomias antarcticus,accepted,127334,Borostomias antarcticus,Species
443927,Bathydraconidae,443156,30c8f2,3270,151405,Family,Bathydraconidae,accepted,151405,Bathydraconidae,Family
443928,BATHYDRACONIDAE,443927,30c8f2,3270,,Arbitrary,,,,,
443929,Gymnodraconinae,443927,30c8f2,3270,826601,Subfamily,Gymnodraconinae,accepted,826601,Gymnodraconinae,Subfamily
443930,Acanthodraco,443929,30c8f2,3270,234567,Genus,Acanthodraco,accepted,234567,Acanthodraco,Genus
443931,Acanthodraco dewitti,443930,30c8f2,3270,234690,Species,Acanthodraco dewitti,accepted,234690,Acanthodraco dewitti,Species
443932,Bathydraconinae,443927,30c8f2,3270,826600,Subfamily,Bathydraconinae,accepted,826600,Bathydraconinae,Subfamily
443933,Akarotaxis,443932,30c8f2,3270,234543,Genus,Akarotaxis,accepted,234543,Akarotaxis,Genus
443934,Akarotaxis nudiceps,443933,ff7119,3270,234600,Species,Akarotaxis nudiceps,accepted,234600,Akarotaxis nudiceps,Species
443935,Bathydraco,443932,2cb7dd,3270,234552,Genus,Bathydraco,accepted,234552,Bathydraco,Genus
443936,Bathydraco antarcticus,443935,2fc6ef,3270,234794,Species,Bathydraco antarcticus,accepted,234794,Bathydraco antarcticus,Species
443937,Bathydraco c.f. antarcticus,443936,2fc6ef,3270,,Arbitrary,,,,,
443938,Bathydraco macrolepis,443935,30c8f2,3270,234597,Species,Bathydraco macrolepis,accepted,234597,Bathydraco macrolepis,Species
443939,Bathydraco marri,443935,30c8f2,3270,234816,Species,Bathydraco marri,accepted,234816,Bathydraco marri,Species
443940,Bathydraco scotiae,443935,18adf2,3270,234736,Species,Bathydraco scotiae,accepted,234736,Bathydraco scotiae,Species
443941,Cygnodraco,443932,30c8f2,3270,234584,Genus,Cygnodraco,accepted,234584,Cygnodraco,Genus
443942,Cygnodraco mawsoni,443941,30c8f2,3270,234834,Species,Cygnodraco mawsoni,accepted,234834,Cygnodraco mawsoni,Species
443943,Gerlachea,443932,30c8f2,3270,234529,Genus,Gerlachea,accepted,234529,Gerlachea,Genus
443944,Gerlachea australis,443943,30c8f2,3270,234808,Species,Gerlachea australis,accepted,234808,Gerlachea australis,Species
443945,Gymnodraco,443929,30c8f2,3270,234534,Genus,Gymnodraco,accepted,234534,Gymnodraco,Genus
443946,Gymnodraco acuticeps,443945,30c8f2,3270,234800,Species,Gymnodraco acuticeps,accepted,234800,Gymnodraco acuticeps,Species
443947,Prionodraco,443932,30c8f2,3270,234537,Genus,Prionodraco,accepted,234537,Prionodraco,Genus
443948,Prionodraco evansii,443947,30c8f2,3270,234777,Species,Prionodraco evansii,accepted,234777,Prionodraco evansii,Species
443949,Racovitzia,443932,30c8f2,3270,234574,Genus,Racovitzia,accepted,234574,Racovitzia,Genus
443950,Racovitzia glacialis,443949,30c8f2,3270,234799,Species,Racovitzia glacialis,accepted,234799,Racovitzia glacialis,Species
443951,Vomeridens,443932,30c8f2,3270,234528,Genus,Vomeridens,accepted,234528,Vomeridens,Genus
443952,Vomeridens infuscipinnis,443951,30c8f2,3270,234750,Species,Vomeridens infuscipinnis,accepted,234750,Vomeridens infuscipinnis,Species
443953,Argentiniformes,443154,30c8f2,3270,1321884,Order,Argentiniformes,accepted,1321884,Argentiniformes,Order
443954,Bathylagidae,443953,30c8f2,3270,125509,Family,Bathylagidae,accepted,125509,Bathylagidae,Family
443955,BATHYLAGIDAE,443954,30c8f2,3270,,Arbitrary,,,,,
443956,Bathylagus,443954,30c8f2,3270,125888,Genus,Bathylagus,accepted,125888,Bathylagus,Genus
443957,Bathylagus antarcticus,443956,30c8f2,3270,234631,Species,Bathylagus antarcticus,accepted,234631,Bathylagus antarcticus,Species
443958,Beryciformes,443154,30c8f2,3270,10322,Order,Beryciformes,accepted,10322,Beryciformes,Order
443959,Cetomimidae,443958,30c8f2,3270,125460,Family,Cetomimidae,accepted,125460,Cetomimidae,Family
443960,CETOMIMIDAE,443959,30c8f2,3270,,Arbitrary,,,,,
443961,Gyrinomimus,443959,30c8f2,3270,205036,Genus,Gyrinomimus,accepted,205036,Gyrinomimus,Genus
443962,Gyrinomimus grahami,443961,30c8f2,3270,221398,Species,Gyrinomimus grahami,accepted,221398,Gyrinomimus grahami,Species
443963,CHANNICHTHYIDAE,443161,30c8f2,3270,,Arbitrary,,,,,
443964,Chionobathyscus,443161,30c8f2,3270,234541,Genus,Chionobathyscus,accepted,234541,Chionobathyscus,Genus
443965,Chionobathyscus dewitti,443964,30c8f2,3270,234650,Species,Chionobathyscus dewitti,accepted,234650,Chionobathyscus dewitti,Species
443966,Cryodraco,443161,30c8f2,3270,234551,Genus,Cryodraco,accepted,234551,Cryodraco,Genus
443967,Cryodraco antarcticus,443966,30c8f2,3270,234720,Species,Cryodraco antarcticus,accepted,234720,Cryodraco antarcticus,Species
443968,Cryodraco atkinsoni,443966,f23131,3270,234773,Species,Cryodraco atkinsoni,superseded combination,1802004,Pagetodes atkinsoni,Species
443969,Chionodraco,443161,30c8f2,3270,234582,Genus,Chionodraco,accepted,234582,Chionodraco,Genus
443970,Chionodraco sp,443969,30c8f2,3270,,Arbitrary,,,,,
443971,Chionodraco hamatus,443969,30c8f2,3270,234795,Species,Chionodraco hamatus,accepted,234795,Chionodraco hamatus,Species
443972,Chionodraco myersi,443969,30c8f2,3270,234646,Species,Chionodraco myersi,accepted,234646,Chionodraco myersi,Species
443973,Chaenodraco,443161,30c8f2,3270,234533,Genus,Chaenodraco,accepted,234533,Chaenodraco,Genus
443974,Chaenodraco wilsoni,443973,30c8f2,3270,234609,Species,Chaenodraco wilsoni,accepted,234609,Chaenodraco wilsoni,Species
443975,Dacodraco,443161,30c8f2,3270,234522,Genus,Dacodraco,accepted,234522,Dacodraco,Genus
443976,Dacodraco hunteri,443975,30c8f2,3270,234614,Species,Dacodraco hunteri,accepted,234614,Dacodraco hunteri,Species
443977,Neopagetopsis,443161,30c8f2,3270,234521,Genus,Neopagetopsis,accepted,234521,Neopagetopsis,Genus
443978,Neopagetopsis ionah,443977,30c8f2,3270,234685,Species,Neopagetopsis ionah,accepted,234685,Neopagetopsis ionah,Species
443979,Pagetopsis,443161,30c8f2,3270,234539,Genus,Pagetopsis,accepted,234539,Pagetopsis,Genus
443980,Pagetopsis macropterus,443979,30c8f2,3270,234707,Species,Pagetopsis macropterus,accepted,234707,Pagetopsis macropterus,Species
443981,Pagetopsis maculatus,443979,f23131,3270,1621601,Species,Pagetopsis maculatus,misspelling - incorrect subsequent spelling,234796,Pagetopsis maculata,Species
443982,Scombriformes,443154,30c8f2,3270,1517490,Order,Scombriformes,accepted,1517490,Scombriformes,Order
443983,Chiasmodontidae,443982,30c8f2,3270,125529,Family,Chiasmodontidae,accepted,125529,Chiasmodontidae,Family
443984,CHIASMODONTIDAE,443983,30c8f2,3270,,Arbitrary,,,,,
443985,Kali,443983,2ebfe8,3270,125957,Genus,Kali,accepted,125957,Kali,Genus
443986,Kali sp.,443985,2ebfe8,3270,,Arbitrary,,,,,
443987,Gempylidae,443982,30c8f2,3270,125536,Family,Gempylidae,accepted,125536,Gempylidae,Family
443988,GEMPYLIDAE,443987,30c8f2,3270,,Arbitrary,,,,,
443989,Paradiplospinus,443987,30c8f2,3270,206025,Genus,Paradiplospinus,accepted,206025,Paradiplospinus,Genus
443990,Paradiplospinus gracilis,443989,30c8f2,3270,219693,Species,Paradiplospinus gracilis,accepted,219693,Paradiplospinus gracilis,Species
443991,Gonostomatidae,443922,30c8f2,3270,125601,Family,Gonostomatidae,accepted,125601,Gonostomatidae,Family
443992,GONOSTOMATIDAE,443991,30c8f2,3270,,Arbitrary,,,,,
443993,Cyclothone,443991,30c8f2,3270,126187,Genus,Cyclothone,accepted,126187,Cyclothone,Genus
443994,Cyclothone microdon,443993,30c8f2,3270,127286,Species,Cyclothone microdon,accepted,127286,Cyclothone microdon,Species
443995,Cyclothone pseudopallida,443993,30c8f2,3270,127289,Species,Cyclothone pseudopallida,accepted,127289,Cyclothone pseudopallida,Species
443996,Cottoidei,443155,30c8f2,3270,154417,Suborder,Cottoidei,accepted,154417,Cottoidei,Suborder
443997,Liparidae,443996,30c8f2,3270,234519,Family,Liparidae,accepted,234519,Liparidae,Family
443998,LIPARIDIDAE,443997,f23131,3270,,Arbitrary,,,,,
443999,Careproctus,443997,26f4ff,3270,126156,Genus,Careproctus,accepted,126156,Careproctus,Genus
444000,Careproctus ampliceps,443999,26f4ff,3270,234764,Species,Careproctus ampliceps,accepted,234764,Careproctus ampliceps,Species
444001,Careproctus catherinae,443999,30c8f2,3270,234620,Species,Careproctus catherinae,accepted,234620,Careproctus catherinae,Species
444002,Careproctus inflexidens,443999,30c8f2,3270,234598,Species,Careproctus inflexidens,accepted,234598,Careproctus inflexidens,Species
444003,Careproctus polarsterni,443999,3dc5f2,3270,234818,Species,Careproctus polarsterni,accepted,234818,Careproctus polarsterni,Species
444004,Careproctus pseudoprofundicola,443999,30c8f2,3270,234746,Species,Careproctus pseudoprofundicola,accepted,234746,Careproctus pseudoprofundicola,Species
444005,Careproctus vladibeckeri,443999,30c8f2,3270,274482,Species,Careproctus vladibeckeri,accepted,274482,Careproctus vladibeckeri,Species
444006,Edentoliparis,443997,30c8f2,3270,234526,Genus,Edentoliparis,unaccepted,126161,Paraliparis,Genus
444007,Edentoliparis terraenovae,444006,30c8f2,3270,234699,Species,Edentoliparis terraenovae,accepted,234699,Edentoliparis terraenovae,Species
444008,Paraliparis,443997,30c8f2,3270,126161,Genus,Paraliparis,accepted,126161,Paraliparis,Genus
444009,Paraliparis sp.,444008,30c8f2,3270,,Arbitrary,,,,,
444010,Paraliparis c.f. longipectoralis,444008,f23131,3270,,Arbitrary,,,,,
444011,Paraliparis andriashevi,444008,30c8f2,3270,234755,Species,Paraliparis andriashevi,accepted,234755,Paraliparis andriashevi,Species
444012,Paraliparis antarcticus,444008,30c8f2,3270,274548,Species,Paraliparis antarcticus,accepted,274548,Paraliparis antarcticus,Species
444013,Paraliparis devriesi,444008,30c8f2,3270,234658,Species,Paraliparis devriesi,accepted,234658,Paraliparis devriesi,Species
444014,Paraliparis fuscolingua,444008,30c8f2,3270,234634,Species,Paraliparis fuscolingua,accepted,234634,Paraliparis fuscolingua,Species
444015,Paraliparis macrocephalus,444008,30c8f2,3270,234652,Species,Paraliparis macrocephalus,accepted,234652,Paraliparis macrocephalus,Species
444016,Paraliparis rossi,444008,18bcf2,3270,234760,Species,Paraliparis rossi,accepted,234760,Paraliparis rossi,Species
444017,MACROURIDAE,443314,30c8f2,3270,,Arbitrary,,,,,
444018,Macrourinae,443314,30c8f2,3270,154232,Subfamily,Macrourinae,accepted,154232,Macrourinae,Subfamily
444019,Coryphaenoides,444018,30c8f2,3270,125748,Genus,Coryphaenoides,accepted,125748,Coryphaenoides,Genus
444020,Coryphaenoides armatus,444019,30c8f2,3270,158952,Species,Coryphaenoides armatus,accepted,158952,Coryphaenoides armatus,Species
444021,Coryphaenoides ferrieri,444019,30c8f2,3270,234589,Species,Coryphaenoides ferrieri,accepted,234589,Coryphaenoides ferrieri,Species
444022,Coryphaenoides lecointei,444019,30e9f2,3270,234596,Species,Coryphaenoides lecointei,accepted,234596,Coryphaenoides lecointei,Species
444023,Cynomacrurus,444018,30c8f2,3270,234535,Genus,Cynomacrurus,accepted,234535,Cynomacrurus,Genus
444024,Cynomacrurus piriei,444023,30c8f2,3270,234823,Species,Cynomacrurus piriei,accepted,234823,Cynomacrurus piriei,Species
444025,Macrourus,444018,30c8f2,3270,125752,Genus,Macrourus,accepted,125752,Macrourus,Genus
444026,Macrourus holotrachys,444025,30c8f2,3270,234831,Species,Macrourus holotrachys,accepted,234831,Macrourus holotrachys,Species
444027,Macrourus whitsoni,444025,30c8f2,3270,234606,Species,Macrourus whitsoni,accepted,234606,Macrourus whitsoni,Species
444028,Lophiiformes,443154,30c8f2,3270,10316,Order,Lophiiformes,accepted,10316,Lophiiformes,Order
444029,Melanocetidae,444028,30c8f2,3270,125494,Family,Melanocetidae,accepted,125494,Melanocetidae,Family
444030,MELANOCETIDAE,444029,30c8f2,3270,,Arbitrary,,,,,
444031,Melanocetus,444029,30c8f2,3270,125803,Genus,Melanocetus,accepted,125803,Melanocetus,Genus
444032,Melanocetus rossi,444031,30c8f2,3270,234637,Species,Melanocetus rossi,accepted,234637,Melanocetus rossi,Species
444033,Moridae,443313,30c8f2,3270,125474,Family,Moridae,accepted,125474,Moridae,Family
444034,Moridae (cods),444033,bbaaaa,3270,,Arbitrary,,,,,
444035,Antimora,444033,30c8f2,3270,125763,Genus,Antimora,accepted,125763,Antimora,Genus
444036,Antimora rostrata,444035,30c8f2,3270,126486,Species,Antimora rostrata,accepted,126486,Antimora rostrata,Species
444037,Halargyreus,444033,30c8f2,3270,125766,Genus,Halargyreus,accepted,125766,Halargyreus,Genus
444038,Halargyreus johnsonii,444037,30c8f2,3270,126489,Species,Halargyreus johnsonii,accepted,126489,Halargyreus johnsonii,Species
444039,Lepidion,444033,30c8f2,3270,125768,Genus,Lepidion,accepted,125768,Lepidion,Genus
444040,Lepidion sp.,444039,30c8f2,3270,,Arbitrary,,,,,
444041,Muraenolepididae,443313,30c8f2,3270,154631,Family,Muraenolepididae,accepted,154631,Muraenolepididae,Family
444042,MURAENOLEPIDIDAE,444041,30c8f2,3270,,Arbitrary,,,,,
444043,Muraenolepis,444041,2dbae1,3270,234525,Genus,Muraenolepis,accepted,234525,Muraenolepis,Genus
444044,Muraenolepis marmoratus,444043,f23131,3270,234705,Species,Muraenolepis marmoratus,unaccepted,313346,Muraenolepis marmorata,Species
444045,Muraenolepis microcephalus,444043,f23131,3270,234809,Species,Muraenolepis microcephalus,unaccepted,712467,Notomuraenobathys microcephalus,Species
444046,Muraenolepis microps,444043,30c8f2,3270,234742,Species,Muraenolepis microps,accepted,234742,Muraenolepis microps,Species
444047,Muraenolepis orangiensis,444043,30c8f2,3270,234824,Species,Muraenolepis orangiensis,accepted,234824,Muraenolepis orangiensis,Species
444048,Myctophiformes,443154,30c8f2,3270,10309,Order,Myctophiformes,accepted,10309,Myctophiformes,Order
444049,Myctophidae,444048,30c8f2,3270,125498,Family,Myctophidae,accepted,125498,Myctophidae,Family
444050,MYCTOPHIDAE,444049,30c8f2,3270,,Arbitrary,,,,,
444051,Electrona,444049,30c8f2,3270,125821,Genus,Electrona,accepted,125821,Electrona,Genus
444052,Electrona antarctica,444051,30c8f2,3270,217697,Species,Electrona antarctica,accepted,217697,Electrona antarctica,Species
444053,Electrona carlsbergi,444051,30c8f2,3270,234638,Species,Electrona carlsbergi,accepted,234638,Electrona carlsbergi,Species
444054,Electrona sp.,444051,30c8f2,3270,,Arbitrary,,,,,
444055,Gymnoscopelus,444049,30c8f2,3270,205276,Genus,Gymnoscopelus,accepted,205276,Gymnoscopelus,Genus
444056,Gymnoscopelus braueri,444055,30c8f2,3270,234642,Species,Gymnoscopelus braueri,accepted,234642,Gymnoscopelus braueri,Species
444057,Gymnoscopelus bolini,444055,17b9e6,3270,234729,Species,Gymnoscopelus bolini,accepted,234729,Gymnoscopelus bolini,Species
444058,Gymnoscopelus fraseri,444055,2fc5ee,3270,234657,Species,Gymnoscopelus fraseri,accepted,234657,Gymnoscopelus fraseri,Species
444059,Gymnoscopelus hintonoides,444055,30c8f2,3270,234656,Species,Gymnoscopelus hintonoides,accepted,234656,Gymnoscopelus hintonoides,Species
444060,Gymnoscopelus microlampas,444055,30c8f2,3270,234717,Species,Gymnoscopelus microlampas,accepted,234717,Gymnoscopelus microlampas,Species
444061,Gymnoscopelus microlampus,444060,f23131,3270,,Arbitrary,,,,,
444062,Gymnoscopelus nicholsi,444055,30c8f2,3270,234821,Species,Gymnoscopelus nicholsi,accepted,234821,Gymnoscopelus nicholsi,Species
444063,Gymnoscopelus opisthopterus,444055,30c8f2,3270,234749,Species,Gymnoscopelus opisthopterus,accepted,234749,Gymnoscopelus opisthopterus,Species
444064,Gymnoscopelus piabilis,444055,30c8f2,3270,217699,Species,Gymnoscopelus piabilis,accepted,217699,Gymnoscopelus piabilis,Species
444065,Krefftichthys,444049,30c8f2,3270,234580,Genus,Krefftichthys,accepted,234580,Krefftichthys,Genus
444066,Krefftichthys anderssoni,444065,30c8f2,3270,234641,Species,Krefftichthys anderssoni,accepted,234641,Krefftichthys anderssoni,Species
444067,Nannobrachium,444049,f23131,3270,158908,Genus,Nannobrachium,accepted,158908,Nannobrachium,Genus
444068,Nannobrachium achirus,444067,f23131,3270,221503,Species,Nannobrachium achirus,unaccepted,217707,Lampanyctus achirus,Species
444069,Protomyctophum,444049,30c8f2,3270,125832,Genus,Protomyctophum,accepted,125832,Protomyctophum,Genus
444070,Protomyctophum bolini,444069,30c8f2,3270,234714,Species,Protomyctophum bolini,accepted,234714,Protomyctophum bolini,Species
444071,NOTOTHENIIDAE,443157,30c8f2,3270,,Arbitrary,,,,,
444072,Pleuragrammatinae,443157,30c8f2,3270,826598,Subfamily,Pleuragrammatinae,accepted,826598,Pleuragrammatinae,Subfamily
444073,Aethotaxis,444072,30c8f2,3270,234568,Genus,Aethotaxis,accepted,234568,Aethotaxis,Genus
444074,Aethotaxis mitopteryx,444073,30c8f2,3270,234660,Species,Aethotaxis mitopteryx,accepted,234660,Aethotaxis mitopteryx,Species
444075,Dissostichus,444072,30c8f2,3270,234585,Genus,Dissostichus,accepted,234585,Dissostichus,Genus
444076,Dissostichus eleginoides,444075,30c8f2,3270,234700,Species,Dissostichus eleginoides,accepted,234700,Dissostichus eleginoides,Species
444077,Dissostichus mawsoni,444075,30c8f2,3270,234836,Species,Dissostichus mawsoni,accepted,234836,Dissostichus mawsoni,Species
444078,Gvozdarus,444072,30c8f2,3270,234540,Genus,Gvozdarus,accepted,234540,Gvozdarus,Genus
444079,Gvozdarus svetovidovi,444078,30c8f2,3270,234674,Species,Gvozdarus svetovidovi,accepted,234674,Gvozdarus svetovidovi,Species
444080,Nototheniinae,443157,2ec1e9,3270,826597,Subfamily,Nototheniinae,accepted,826597,Nototheniinae,Subfamily
444081,Lepidonotothen,444080,2ebfe7,3270,234524,Genus,Lepidonotothen,accepted,234524,Lepidonotothen,Genus
444082,Lepidonotothen kempi,444081,f23131,3270,313344,Species,Lepidonotothen kempi,unaccepted,234788,Lepidonotothen squamifrons,Species
444083,Lepidonotothen larseni,444081,f23131,3270,234610,Species,Lepidonotothen larseni,unaccepted,313400,Nototheniops larseni,Species
444084,Lepidonotothen squamifrons,444081,30c8f2,3270,234788,Species,Lepidonotothen squamifrons,accepted,234788,Lepidonotothen squamifrons,Species
444085,Notothenia,444080,30c8f2,3270,234532,Genus,Notothenia,accepted,234532,Notothenia,Genus
444086,Notothenia coriiceps,444085,30c8f2,3270,234679,Species,Notothenia coriiceps,accepted,234679,Notothenia coriiceps,Species
444087,Trematominae,443157,30c8f2,3270,826599,Subfamily,Trematominae,accepted,826599,Trematominae,Subfamily
444088,Pagothenia,444087,30c8f2,3270,234544,Genus,Pagothenia,accepted,234544,Pagothenia,Genus
444089,Pagothenia borchgrevinki,444088,30c8f2,3270,234801,Species,Pagothenia borchgrevinki,accepted,234801,Pagothenia borchgrevinki,Species
444090,Pagothenia brachysoma,444088,30c8f2,3270,234710,Species,Pagothenia brachysoma,accepted,234710,Pagothenia brachysoma,Species
444091,Paranotothenia,444080,30c8f2,3270,234560,Genus,Paranotothenia,accepted,234560,Paranotothenia,Genus
444092,Paranotothenia dewitti,444091,30c8f2,3270,279364,Species,Paranotothenia dewitti,accepted,279364,Paranotothenia dewitti,Species
444093,Paranotothenia magellanica,444091,30c8f2,3270,234645,Species,Paranotothenia magellanica,accepted,234645,Paranotothenia magellanica,Species
444094,Pleuragramma,444072,30c8f2,3270,234583,Genus,Pleuragramma,accepted,234583,Pleuragramma,Genus
444095,Pleuragramma antarcticum,444094,30c8f2,3270,234721,Species,Pleuragramma antarcticum,accepted,234721,Pleuragramma antarcticum,Species
444096,Trematomus,444087,30c8f2,3270,234566,Genus,Trematomus,accepted,234566,Trematomus,Genus
444097,Trematomus bernacchii,444096,30c8f2,3270,234802,Species,Trematomus bernacchii,accepted,234802,Trematomus bernacchii,Species
444098,Trematomus eulepidotus,444096,30c8f2,3270,234754,Species,Trematomus eulepidotus,accepted,234754,Trematomus eulepidotus,Species
444099,Trematomus hansoni,444096,30c8f2,3270,234772,Species,Trematomus hansoni,accepted,234772,Trematomus hansoni,Species
444100,Trematomus lepidorhinus,444096,30c8f2,3270,234770,Species,Trematomus lepidorhinus,accepted,234770,Trematomus lepidorhinus,Species
444101,Trematomus loennbergii,444096,30c8f2,3270,234828,Species,Trematomus loennbergii,accepted,234828,Trematomus loennbergii,Species
444102,Trematomus newnesi,444096,30c8f2,3270,234628,Species,Trematomus newnesi,accepted,234628,Trematomus newnesi,Species
444103,Trematomus nicolai,444096,30c8f2,3270,234644,Species,Trematomus nicolai,accepted,234644,Trematomus nicolai,Species
444104,Trematomus pennellii,444096,30c8f2,3270,234709,Species,Trematomus pennellii,accepted,234709,Trematomus pennellii,Species
444105,Trematomus scotti,444096,30c8f2,3270,234665,Species,Trematomus scotti,accepted,234665,Trematomus scotti,Species
444106,Trematomus tokarevi,444096,30c8f2,3270,234689,Species,Trematomus tokarevi,accepted,234689,Trematomus tokarevi,Species
444107,Oneirodidae,444028,30c8f2,3270,125496,Family,Oneirodidae,accepted,125496,Oneirodidae,Family
444108,ONEIRODIDAE,444107,30c8f2,3270,,Arbitrary,,,,,
444109,Oneirodes,444107,30c8f2,3270,125811,Genus,Oneirodes,accepted,125811,Oneirodes,Genus
444110,Oneirodes notius,444109,30c8f2,3270,234745,Species,Oneirodes notius,accepted,234745,Oneirodes notius,Species
444111,Paralepididae,443892,30c8f2,3270,125447,Family,Paralepididae,accepted,125447,Paralepididae,Family
444112,PARALEPIDIDAE,444111,30c8f2,3270,,Arbitrary,,,,,
444113,Notolepis,444111,f23131,3270,147036,Genus,Notolepis,accepted,147036,Notolepis,Genus
444114,Notolepis coatsi,444113,f23131,3270,234695,Species,Notolepis coatsi,unaccepted,1526062,Notolepis coatsorum,Species
444115,Rajiformes,443320,30c8f2,3270,10216,Order,Rajiformes,accepted,10216,Rajiformes,Order
444116,Rajidae,444115,30c8f2,3270,105711,Family,Rajidae,accepted,105711,Rajidae,Family
444117,RAJIDAE,444116,30c8f2,3270,,Arbitrary,,,,,
444118,Amblyraja,444116,39b5e6,3270,105760,Genus,Amblyraja,accepted,105760,Amblyraja,Genus
444119,Amblyraja georgiana,444118,39b5e6,3270,234607,Species,Amblyraja georgiana,accepted,234607,Amblyraja georgiana,Species
444120,Arhynchobatidae,444115,30c8f2,3270,714639,Family,Arhynchobatidae,accepted,714639,Arhynchobatidae,Family
444121,Bathyraja,444120,30c8f2,3270,105761,Genus,Bathyraja,accepted,105761,Bathyraja,Genus
444122,Bathyraja eatonii,444121,30c8f2,3270,234813,Species,Bathyraja eatonii,accepted,234813,Bathyraja eatonii,Species
444123,Bathyraja cf. eatonii,444122,30c8f2,3270,,Arbitrary,,,,,
444124,Bathyraja maccaini,444121,30c8f2,3270,234675,Species,Bathyraja maccaini,accepted,234675,Bathyraja maccaini,Species
444125,Bathyraja sp.,444121,30c8f2,3270,,Arbitrary,,,,,
444126,Scopelarchidae,443892,30c8f2,3270,125448,Family,Scopelarchidae,accepted,125448,Scopelarchidae,Family
444127,SCOPELARCHIDAE,444126,30c8f2,3270,,Arbitrary,,,,,
444128,Benthalbella,444126,30c8f2,3270,125681,Genus,Benthalbella,accepted,125681,Benthalbella,Genus
444129,Benthalbella elongata,444128,30c8f2,3270,234655,Species,Benthalbella elongata,accepted,234655,Benthalbella elongata,Species
444130,Benthalbella macropinna,444128,f23131,3270,217722,Species,Benthalbella macropinna,unaccepted,1524555,Lagiacrusichthys macropinna,Species
444131,Serrivomeridae,443324,30c8f2,3270,125435,Family,Serrivomeridae,accepted,125435,Serrivomeridae,Family
444132,SERRIVOMERIDAE,444131,30c8f2,3270,,Arbitrary,,,,,
444133,Serrivomer,444131,30c8f2,3270,125650,Genus,Serrivomer,accepted,125650,Serrivomer,Genus
444134,Serrivomer sp.,444133,30c8f2,3270,,Arbitrary,,,,,
444135,Zoarcoidei,443155,30c8f2,3270,151739,Suborder,Zoarcoidei,accepted,151739,Zoarcoidei,Suborder
444136,Zoarcidae,444135,30c8f2,3270,125575,Family,Zoarcidae,accepted,125575,Zoarcidae,Family
444137,ZOARCIDAE,444136,30c8f2,3270,,Arbitrary,,,,,
444138,Lycodinae,444136,30c8f2,3270,267127,Subfamily,Lycodinae,accepted,267127,Lycodinae,Subfamily
444139,Dieidolycus,444138,30c8f2,3270,234564,Genus,Dieidolycus,accepted,234564,Dieidolycus,Genus
444140,Dieidolycus leptodermatus,444139,30c8f2,3270,234724,Species,Dieidolycus leptodermatus,accepted,234724,Dieidolycus leptodermatus,Species
444141,Lycenchelys,444138,30c8f2,3270,126103,Genus,Lycenchelys,accepted,126103,Lycenchelys,Genus
444142,Lycenchelys antarctica,444141,30c8f2,3270,234625,Species,Lycenchelys antarctica,accepted,234625,Lycenchelys antarctica,Species
444143,Lycenchelys tristichodon,444141,30c8f2,3270,234739,Species,Lycenchelys tristichodon,accepted,234739,Lycenchelys tristichodon,Species
444144,Lycenchelys tristicodon,444143,f23131,3270,,Arbitrary,,,,,
444145,Lycodapus,444138,30c8f2,3270,234573,Genus,Lycodapus,accepted,234573,Lycodapus,Genus
444146,Lycodapus antarcticus,444145,30c8f2,3270,234662,Species,Lycodapus antarcticus,accepted,234662,Lycodapus antarcticus,Species
444147,Lycodichthys,444138,30c8f2,3270,234550,Genus,Lycodichthys,accepted,234550,Lycodichthys,Genus
444148,Lycodichthys dearborni,444147,30c8f2,3270,234713,Species,Lycodichthys dearborni,accepted,234713,Lycodichthys dearborni,Species
444149,Gymnelinae,444136,30c8f2,3270,267126,Subfamily,Gymnelinae,accepted,267126,Gymnelinae,Subfamily
444150,Melanostigma,444149,30c8f2,3270,126106,Genus,Melanostigma,accepted,126106,Melanostigma,Genus
444151,Melanostigma vitiazi,444150,30c8f2,3270,234680,Species,Melanostigma vitiazi,accepted,234680,Melanostigma vitiazi,Species
444152,Melanostigmata vitiazi,444151,f23131,3270,,Arbitrary,,,,,
444153,Ophthalmolycus,444138,30c8f2,3270,234561,Genus,Ophthalmolycus,accepted,234561,Ophthalmolycus,Genus
444154,Ophthalmolycus amberensis,444153,30c8f2,3270,234617,Species,Ophthalmolycus amberensis,accepted,234617,Ophthalmolycus amberensis,Species
444155,Ophthalmolycus bothriocephalus,444153,30c8f2,3270,234743,Species,Ophthalmolycus bothriocephalus,accepted,234743,Ophthalmolycus bothriocephalus,Species
444156,Pachycara,444138,30c8f2,3270,126107,Genus,Pachycara,accepted,126107,Pachycara,Genus
444157,Pachycara brachycephalum,444156,2ec0e9,3270,234688,Species,Pachycara brachycephalum,accepted,234688,Pachycara brachycephalum,Species
444158,Pachycara sp.,444156,30c8f2,3270,,Arbitrary,,,,,
444159,Seleniolycus,444149,30c8f2,3270,234579,Genus,Seleniolycus,accepted,234579,Seleniolycus,Genus
444160,Seleniolycus laevifasciatus,444159,30c8f2,3270,234701,Species,Seleniolycus laevifasciatus,accepted,234701,Seleniolycus laevifasciatus,Species
444161,Trematomus sp,444096,30c8f2,3270,,Arbitrary,,,,,
444162,Odontasteridae,443357,2ee693,3270,123136,Family,Odontasteridae,accepted,123136,Odontasteridae,Family
444163,Acodontaster,444162,2ee693,3270,172592,Genus,Acodontaster,accepted,172592,Acodontaster,Genus
444164,Acodontaster sp.,444163,2ee693,3270,,Arbitrary,,,,,
444165,Bathybiaster/Psilaster,443348,2ee693,3270,,Arbitrary,,,,,
444166,Diplasterias,443331,2ee693,3270,172529,Genus,Diplasterias,accepted,172529,Diplasterias,Genus
444167,Diplasterias brucei,444166,2ee693,3270,172650,Species,Diplasterias brucei,accepted,172650,Diplasterias brucei,Species
444168,Hippasteria phrygiana,443360,2ee693,3270,124043,Species,Hippasteria phrygiana,accepted,124043,Hippasteria phrygiana,Species
444169,Hippasteria phyrgiana,444168,e62d2d,3270,,Arbitrary,,,,,
444170,Heliasteridae,443326,2ee693,3270,255069,Family,Heliasteridae,accepted,255069,Heliasteridae,Family
444171,Labidiaster,444170,2ee693,3270,178808,Genus,Labidiaster,accepted,178808,Labidiaster,Genus
444172,Labidiaster annulatus,444171,2ee693,3270,234924,Species,Labidiaster annulatus,accepted,234924,Labidiaster annulatus,Species
444173,Leptychaster,443348,2ee693,3270,123250,Genus,Leptychaster,accepted,123250,Leptychaster,Genus
444174,Leptychaster flexuosus,444173,2ee693,3270,172720,Species,Leptychaster flexuosus,accepted,172720,Leptychaster flexuosus,Species
444175,Luidiaster,443340,2de391,3270,123241,Genus,Luidiaster,unaccepted,178248,Cheiraster (Luidiaster),Subgenus
444176,Luidiaster gerlachei,444175,e62d2d,3270,172732,Species,Luidiaster gerlachei,unaccepted,234884,Cheiraster (Luidiaster) gerlachei,Species
444177,Macroptychaster,443348,2ee693,3270,234929,Genus,Macroptychaster,accepted,234929,Macroptychaster,Genus
444178,Macroptychaster?,444177,2ee693,3270,,Arbitrary,,,,,
444179,Notasterias/Leptasterias,443331,2ee693,3270,,Arbitrary,,,,,
444180,Pteraster,443375,2ee693,3270,123335,Genus,Pteraster,accepted,123335,Pteraster,Genus
444181,Pteraster sp.,444180,2ee693,3270,,Arbitrary,,,,,
444182,Solaster regularis,443379,2ee693,3270,172792,Species,Solaster regularis,accepted,172792,Solaster regularis,Species
444183,Solaster regularis subarcuatus,444182,2ee693,3270,172793,Subspecies,Solaster regularis subarcuatus,unaccepted,172792,Solaster regularis,Species
444184,Solaster regularis arcuatus,444183,e62d2d,3270,,Arbitrary,,,,,
444185,Asterinidae,443357,2ee693,3270,123133,Family,Asterinidae,accepted,123133,Asterinidae,Family
444186,Tremasterinae,444185,2ee693,3270,1532229,Subfamily,Tremasterinae,accepted,1532229,Tremasterinae,Subfamily
444187,Tremaster,444186,2ee693,3270,123286,Genus,Tremaster,accepted,123286,Tremaster,Genus
444188,Tremaster mirabilis,444187,2ee693,3270,124002,Species,Tremaster mirabilis,accepted,124002,Tremaster mirabilis,Species
444189,Astrotominae,443410,2ee693,3270,1249712,Subfamily,Astrotominae,accepted,1249712,Astrotominae,Subfamily
444190,Astrotoma,444189,2ee693,3270,172601,Genus,Astrotoma,accepted,172601,Astrotoma,Genus
444191,Astrotoma agassizii,444190,2ee693,3270,173167,Species,Astrotoma agassizii,accepted,173167,Astrotoma agassizii,Species
444192,Crinoid 01 (IPY),443176,bbaaaa,3270,,Arbitrary,,,,,
444193,"Crinoid 02 ""Hyocrinid"""" (IPY)""",443176,bbaaaa,3270,,Arbitrary,,,,,
444194,Crinoid 03 (IPY),443176,b1a1a1,3270,,Arbitrary,,,,,
444195,Crinoid 04 (IPY),443176,b3a3a3,3270,,Arbitrary,,,,,
444196,Crinoid 05 (IPY),443176,bbaaaa,3270,,Arbitrary,,,,,
444197,Crinoid 06 (IPY),443176,b6a5a5,3270,,Arbitrary,,,,,
444198,Crinoid 07 (IPY),443176,b7a6a6,3270,,Arbitrary,,,,,
444199,Crinoid 08 (IPY),443176,b7a6a6,3270,,Arbitrary,,,,,
444200,Crinoid 09 (IPY),443176,baa9a9,3270,,Arbitrary,,,,,
444201,Paleopneustina,443453,2ee693,3270,510547,Suborder,Paleopneustina,accepted,510547,Paleopneustina,Suborder
444202,Schizasteridae,444201,2ee693,3270,123176,Family,Schizasteridae,accepted,123176,Schizasteridae,Family
444203,Abatus/Tripylus,444202,2ee693,3270,,Arbitrary,,,,,
444204,Ctenocidarinae,443413,e62d2d,3270,,Arbitrary,,,,,
444205,Ctenocidaridae,443413,2ee693,3270,510664,Family,Ctenocidaridae,accepted,510664,Ctenocidaridae,Family
444206,Notocidaris,444205,2ee693,3270,160751,Genus,Notocidaris,accepted,160751,Notocidaris,Genus
444207,Kamptosomatidae,443431,2ee693,3270,510777,Family,Kamptosomatidae,accepted,510777,Kamptosomatidae,Family
444208,Kamptosoma,444207,2ee693,3270,160749,Genus,Kamptosoma,accepted,160749,Kamptosoma,Genus
444209,Holasteroida,443452,2ee693,3270,160733,Order,Holasteroida,accepted,160733,Holasteroida,Order
444210,Meridosternata,444209,2ee693,3270,510543,Suborder,Meridosternata,accepted,510543,Meridosternata,Suborder
444211,Urechinina,444210,2ee693,3270,510568,Infraorder,Urechinina,accepted,510568,Urechinina,Infraorder
444212,Pourtalesiidae,444211,2ee693,3270,123168,Family,Pourtalesiidae,accepted,123168,Pourtalesiidae,Family
444213,Sterechinus,443438,2ee693,3270,160756,Genus,Sterechinus,accepted,160756,Sterechinus,Genus
444214,Sterechinus 01,444213,2ee693,3270,,Arbitrary,,,,,
444215,Sterechinus 02,444213,2ee693,3270,,Arbitrary,,,,,
444216,Sterechinus 03,444213,2ee693,3270,,Arbitrary,,,,,
444217,Amperima,443673,2ee693,3270,123510,Genus,Amperima,accepted,123510,Amperima,Genus
444218,Amperima robusta,444217,2ee693,3270,414289,Species,Amperima robusta,accepted,414289,Amperima robusta,Species
444219,Aspidochirotida,443462,e62d2d,3270,123109,Order,Aspidochirotida,uncertain,123109,Aspidochirotida,Order
444220,Aspidiochirotida 01 (IPY),444219,e62d2d,3270,,Arbitrary,,,,,
444221,Bathyplotes bongraini,443465,2ee693,3270,174113,Species,Bathyplotes bongraini,accepted,174113,Bathyplotes bongraini,Species
444222,Benthodytes sanguinolenta,443482,2ee693,3270,241785,Species,Benthodytes sanguinolenta,accepted,241785,Benthodytes sanguinolenta,Species
444223,Benthodytes sp.,443482,2ee693,3270,,Arbitrary,,,,,
444224,Dendrochirotida,443462,2ee693,3270,123111,Order,Dendrochirotida,accepted,123111,Dendrochirotida,Order
444225,Dendrochirotida 01 (IPY),444224,2ee693,3270,,Arbitrary,,,,,
444226,Elasipoda 01 (IPY),443474,e62d2d,3270,,Arbitrary,,,,,
444227,Elpidia,443673,2ee693,3270,123512,Genus,Elpidia,accepted,123512,Elpidia,Genus
444228,Elpidia glacialis,444227,2ee693,3270,124726,Species,Elpidia glacialis,accepted,124726,Elpidia glacialis,Species
444229,Elipidia glacialis,444228,e62d2d,3270,,Arbitrary,,,,,
444230,Holothurian 01 (IPY),443173,bbaaaa,3270,,Arbitrary,,,,,
444231,Laetmogone wyvillethomsoni,443476,2ee693,3270,124757,Species,Laetmogone wyvillethomsoni,accepted,124757,Laetmogone wyvillethomsoni,Species
444232,Laetmogone cf wyvillethomsoni,444231,2ee693,3270,,Arbitrary,,,,,
444233,Oneirophanta,443480,2ee693,3270,123508,Genus,Oneirophanta,accepted,123508,Oneirophanta,Genus
444234,Oneirophanta setigera,444233,2ee693,3270,241946,Species,Oneirophanta setigera,accepted,241946,Oneirophanta setigera,Species
444235,Pannychia moseleyi,443478,2ee693,3270,241954,Species,Pannychia moseleyi,accepted,241954,Pannychia moseleyi,Species
444236,Pannychia cf moseleyi,444235,2ee693,3270,,Arbitrary,,,,,
444237,Peniagone,443673,2ee693,3270,123515,Genus,Peniagone,accepted,123515,Peniagone,Genus
444238,Peniagone affinis,444237,2ee693,3270,241961,Species,Peniagone affinis,accepted,241961,Peniagone affinis,Species
444239,Peniagone sp.,444237,2ee693,3270,,Arbitrary,,,,,
444240,Protelpidia,443673,2ee693,3270,528598,Genus,Protelpidia,accepted,528598,Protelpidia,Genus
444241,Protelpidia murrayi,444240,2ee693,3270,529614,Species,Protelpidia murrayi,accepted,529614,Protelpidia murrayi,Species
444242,Pseudostichopus spiculiferus,443470,2ee693,3270,529642,Species,Pseudostichopus spiculiferus,accepted,529642,Pseudostichopus spiculiferus,Species
444243,Psolidae,444224,2ee693,3270,123189,Family,Psolidae,accepted,123189,Psolidae,Family
444244,Psolidium,444243,2ee693,3270,123505,Genus,Psolidium,accepted,123505,Psolidium,Genus
444245,Psolidium sp.,444244,2ee693,3270,,Arbitrary,,,,,
444246,Cucumariidae,444224,2ee693,3270,123187,Family,Cucumariidae,accepted,123187,Cucumariidae,Family
444247,Staurocucumis,444246,2ee693,3270,123492,Genus,Staurocucumis,accepted,123492,Staurocucumis,Genus
444248,Staurocucumis abyssorum,444247,e62d2d,3270,529670,Species,Staurocucumis abyssorum,unaccepted,124597,Abyssocucumis abyssorum,Species
444249,Synallactidae uni 01 (IPY),443464,2ee693,3270,,Arbitrary,,,,,
444250,Gorgonocephalinae,443410,2ee693,3270,242203,Subfamily,Gorgonocephalinae,accepted,242203,Gorgonocephalinae,Subfamily
444251,Gorgonocephalus,444250,2ee693,3270,123586,Genus,Gorgonocephalus,accepted,123586,Gorgonocephalus,Genus
444252,Gorgonocephalus chilensis,444251,2ee693,3270,173173,Species,Gorgonocephalus chilensis,accepted,173173,Gorgonocephalus chilensis,Species
444253,Ophiacantha,443397,e62d2d,3270,123587,Genus,Ophiacantha,accepted,123587,Ophiacantha,Genus
444254,Ophiacantha pentactis,444253,e62d2d,3270,173235,Species,Ophiacantha pentactis,unaccepted,1574977,Ophiosabine pentactis,Species
444255,Ophiacantha vivipara,444253,e62d2d,3270,173200,Species,Ophiacantha vivipara,unaccepted,1574978,Ophiosabine vivipara,Species
444256,Ophiocamacidae,443396,2ee693,3270,1116867,Family,Ophiocamacidae,accepted,1116867,Ophiocamacidae,Family
444257,Ophiocamax,444256,2ee693,3270,123590,Genus,Ophiocamax,accepted,123590,Ophiocamax,Genus
444258,Ophiocamax gigas,444257,2ee693,3270,173188,Species,Ophiocamax gigas,accepted,173188,Ophiocamax gigas,Species
444259,Ophiurina,443389,2ee693,3270,242195,Suborder,Ophiurina,accepted,242195,Ophiurina,Suborder
444260,Ophiuridae,444259,2ee693,3270,123200,Family,Ophiuridae,accepted,123200,Ophiuridae,Family
444261,Ophiurinae,444260,2ee693,3270,242216,Subfamily,Ophiurinae,accepted,242216,Ophiurinae,Subfamily
444262,Ophionotus,444261,2ee693,3270,172621,Genus,Ophionotus,accepted,172621,Ophionotus,Genus
444263,Ophionotus victoriae,444262,2ee693,3270,173593,Species,Ophionotus victoriae,accepted,173593,Ophionotus victoriae,Species
444264,Ophiopyrgidae,444259,2ee693,3270,1062638,Family,Ophiopyrgidae,accepted,1062638,Ophiopyrgidae,Family
444265,Ophioperla,444264,2ee693,3270,172622,Genus,Ophioperla,accepted,172622,Ophioperla,Genus
444266,Ophioperla koehleri,444265,2ee693,3270,173596,Species,Ophioperla koehleri,accepted,173596,Ophioperla koehleri,Species
444267,Ophiosparte,444264,2ee693,3270,172605,Genus,Ophiosparte,accepted,172605,Ophiosparte,Genus
444268,Ophiosparte gigas,444267,2ee693,3270,173270,Species,Ophiosparte gigas,accepted,173270,Ophiosparte gigas,Species
444269,Ophiosteira,444264,2ee693,3270,172626,Genus,Ophiosteira,accepted,172626,Ophiosteira,Genus
444270,Ophiosteira sp.,444269,2ee693,3270,,Arbitrary,,,,,
444271,Isopod pink (IPY),443234,bbaaaa,3270,,Arbitrary,,,,,
444272,Ophiuroglypha,444264,2ee693,3270,467707,Genus,Ophiuroglypha,accepted,467707,Ophiuroglypha,Genus
444273,Ophiuroglypha carinifera,444272,2ee693,3270,173680,Species,Ophiuroglypha carinifera,accepted,173680,Ophiuroglypha carinifera,Species
444274,Ophiurolepis,444261,e62d2d,3270,123575,Genus,Ophiurolepis,unaccepted,172623,Ophioplinthus,Genus
444275,Ophiurolepis sp.,444274,e62d2d,3270,,Arbitrary,,,,,
444276,Anenthemonae,443259,c50707,3270,888370,Suborder,Anenthemonae,accepted,888370,Anenthemonae,Suborder
444277,Actinernoidea,444276,c50707,3270,888372,Superfamily,Actinernoidea,accepted,888372,Actinernoidea,Superfamily
444278,Actinernidae,444277,c50707,3270,100650,Family,Actinernidae,accepted,100650,Actinernidae,Family
444279,Actinernus,444278,c50707,3270,100691,Genus,Actinernus,accepted,100691,Actinernus,Genus
444280,Actinernus elongatus,444279,c50707,3270,172869,Species,Actinernus elongatus,accepted,172869,Actinernus elongatus,Species
444281,Anemone 01 orange (IPY),443264,bbaaaa,3270,,Arbitrary,,,,,
444282,Anemone 12 Lrgpurple (IPY),443264,bbaaaa,3270,,Arbitrary,,,,,
444283,Anemone uni 1,443264,bbaaaa,3270,,Arbitrary,,,,,
444284,Anemone uni 2,443264,bbaaaa,3270,,Arbitrary,,,,,
444285,Anemone uni 3,443264,bbaaaa,3270,,Arbitrary,,,,,
444286,Anemone uni 4,443264,bbaaaa,3270,,Arbitrary,,,,,
444287,Anemone uni 5,443264,bbaaaa,3270,,Arbitrary,,,,,
444288,Anemone uni 6,443264,baa9a9,3270,,Arbitrary,,,,,
444289,Anemone uni 7,443264,b9a8a8,3270,,Arbitrary,,,,,
444290,Anemone uni 8,443264,b9a8a8,3270,,Arbitrary,,,,,
444291,Anemone uni 9,443264,b7a7a7,3270,,Arbitrary,,,,,
444292,Anemone uni 10,443264,bbaaaa,3270,,Arbitrary,,,,,
444293,Anemone uni 11,443264,bbaaaa,3270,,Arbitrary,,,,,
444294,Anemone uni 12,443264,bbaaaa,3270,,Arbitrary,,,,,
444295,Anemone uni 13,443264,bbaaaa,3270,,Arbitrary,,,,,
444296,Anemone uni 14,443264,bbaaaa,3270,,Arbitrary,,,,,
444297,Anemone uni 15,443264,bbaaaa,3270,,Arbitrary,,,,,
444298,Anemone uni 16,443264,bbaaaa,3270,,Arbitrary,,,,,
444299,Anemone uni 17,443264,bbaaaa,3270,,Arbitrary,,,,,
444300,Anemone uni 18,443264,bbaaaa,3270,,Arbitrary,,,,,
444301,Anemone uni 19,443264,bbaaaa,3270,,Arbitrary,,,,,
444302,cf. Actinernus,444279,c50707,3270,,Arbitrary,,,,,
444303,Edwardsioidea,444276,c50707,3270,888373,Superfamily,Edwardsioidea,accepted,888373,Edwardsioidea,Superfamily
444304,Edwardsiidae,444303,c50707,3270,100665,Family,Edwardsiidae,accepted,100665,Edwardsiidae,Family
444305,Edwardsia,444304,c50707,3270,100730,Genus,Edwardsia,accepted,100730,Edwardsia,Genus
444306,cf. Edwardsid,444305,bbaaaa,3270,,Arbitrary,,,,,
444307,Enthemonae,443259,c50707,3270,888371,Suborder,Enthemonae,accepted,888371,Enthemonae,Suborder
444308,Actinioidea,444307,c50707,3270,853973,Superfamily,Actinioidea,accepted,853973,Actinioidea,Superfamily
444309,Liponematidae,444308,c50707,3270,100677,Family,Liponematidae,accepted,100677,Liponematidae,Family
444310,cf. Liponema/Bolocera,444309,c50707,3270,,Arbitrary,,,,,
444311,Corallimorphidae,443723,c50707,3270,100685,Family,Corallimorphidae,accepted,100685,Corallimorphidae,Family
444312,Corallimorphus,444311,c50707,3270,100784,Genus,Corallimorphus,accepted,100784,Corallimorphus,Genus
444313,Corallimorphus profundus,444312,c50707,3270,283831,Species,Corallimorphus profundus,accepted,283831,Corallimorphus profundus,Species
444314,Metridioidea,444307,c50707,3270,854224,Superfamily,Metridioidea,accepted,854224,Metridioidea,Superfamily
444315,Hormathiidae,444314,c50707,3270,100672,Family,Hormathiidae,accepted,100672,Hormathiidae,Family
444316,Liponema,444309,c50707,3270,100769,Genus,Liponema,accepted,100769,Liponema,Genus
444317,Liponema multiporum,444316,c50707,3270,173373,Species,Liponema multiporum,accepted,173373,Liponema multiporum,Species
444318,Orange disc?,443264,bbaaaa,3270,,Arbitrary,,,,,
444319,Actiniidae,444308,c50707,3270,100653,Family,Actiniidae,accepted,100653,Actiniidae,Family
444320,Urticinopsis,444319,c50707,3270,231821,Genus,Urticinopsis,accepted,231821,Urticinopsis,Genus
444321,Urticinopsis antarctica,444320,c50707,3270,231822,Species,Urticinopsis antarctica,accepted,231822,Urticinopsis antarctica,Species
444322,Arenaria (Edwardsia) sp.,444305,c59c07,3270,,Arbitrary,,,,,
444323,Anemone 02 white (IPY),443264,bbaaaa,3270,,Arbitrary,,,,,
444324,Anemone 03 smwhite (IPY),443264,bbaaaa,3270,,Arbitrary,,,,,
444325,Anemone 04 pink (IPY),443264,bbaaaa,3270,,Arbitrary,,,,,
444326,Anemone 05 red (IPY),443264,bbaaaa,3270,,Arbitrary,,,,,
444327,Anemone 06 brown (IPY),443264,bbaaaa,3270,,Arbitrary,,,,,
444328,Anemone 07 smorange (IPY),443264,bbaaaa,3270,,Arbitrary,,,,,
444329,Anemone 08 smyellow (IPY),443264,bbaaaa,3270,,Arbitrary,,,,,
444330,Anemone 09 stkpink (IPY),443264,baa9a9,3270,,Arbitrary,,,,,
444331,Anemone 10 buttonorange (IPY),443264,baa9a9,3270,,Arbitrary,,,,,
444332,Anemone 11 ceriantid? (IPY),443264,bbaaaa,3270,,Arbitrary,,,,,
444333,Aplanulata,443503,c50707,3270,719741,Suborder,Aplanulata,accepted,719741,Aplanulata,Suborder
444334,Corymorphidae,444333,c50707,3270,1598,Family,Corymorphidae,accepted,1598,Corymorphidae,Family
444335,Monocaulus,444334,c50707,3270,231551,Genus,Monocaulus,unaccepted,117059,Corymorpha,Genus
444336,Monocaulus microrhiza,444335,c59c07,3270,835529,Species,Monocaulus microrhiza,unaccepted,231620,Corymorpha microrhiza,Species
444337,Monocaulus parvula,444335,c59c07,3270,834712,Species,Monocaulus parvula,unaccepted,231614,Zyzzyzus parvula,Species
444338,Ascidian 01 (IPY),443282,bbaaaa,3270,,Arbitrary,,,,,
444339,Ascidian 02 (IPY),443282,bbaaaa,3270,,Arbitrary,,,,,
444340,Ascidian 03 (IPY),443282,bbaaaa,3270,,Arbitrary,,,,,
444341,Ascidian 04 (IPY),443282,bbaaaa,3270,,Arbitrary,,,,,
444342,Ascidian 05 (IPY),443282,bbaaaa,3270,,Arbitrary,,,,,
444343,Ascidian 06 (IPY),443282,bbaaaa,3270,,Arbitrary,,,,,
444344,Ascidian 07 (IPY),443282,bbaaaa,3270,,Arbitrary,,,,,
444345,Ascidian 08 (IPY),443282,bbaaaa,3270,,Arbitrary,,,,,
444346,Ascidian 09 (IPY),443282,b8a7a7,3270,,Arbitrary,,,,,
444352,Gymnolaemata,443278,0dff6a,3270,1795,Class,Gymnolaemata,accepted,1795,Gymnolaemata,Class
444353,Cheilostomatida,444352,0dff6a,3270,110722,Order,Cheilostomatida,accepted,110722,Cheilostomatida,Order
444354,Flustrina,444353,0dff6a,3270,153575,Suborder,Flustrina,accepted,153575,Flustrina,Suborder
444355,Microporoidea,444354,0dff6a,3270,153647,Superfamily,Microporoidea,accepted,153647,Microporoidea,Superfamily
444356,Aspidostomatidae,444355,0dff6a,3270,172921,Family,Aspidostomatidae,accepted,172921,Aspidostomatidae,Family
444357,Lepralielloidea,444354,40ff5c,3270,152299,Superfamily,Lepralielloidea,accepted,152299,Lepralielloidea,Superfamily
444358,Romancheinidae,444357,40ff5c,3270,110770,Family,Romancheinidae,accepted,110770,Romancheinidae,Family
444359,Bostrychopora,444358,40ff5c,3270,468783,Genus,Bostrychopora,accepted,468783,Bostrychopora,Genus
444360,Bostrychopora dentata,444359,40ff5c,3270,472482,Species,Bostrychopora dentata,accepted,472482,Bostrychopora dentata,Species
444361,Buguloidea,444354,0dff6a,3270,153582,Superfamily,Buguloidea,accepted,153582,Buguloidea,Superfamily
444362,Bugulidae,444361,0dff6a,3270,110731,Family,Bugulidae,accepted,110731,Bugulidae,Family
444363,Camptoplites,444362,0dff6a,3270,173016,Genus,Camptoplites,accepted,173016,Camptoplites,Genus
444364,Camptoplites bicornis,444363,0dff6a,3270,172972,Species,Camptoplites bicornis,accepted,172972,Camptoplites bicornis,Species
444365,Camptoplites rectilinearis,444363,0dff6a,3270,172981,Species,Camptoplites rectilinearis,accepted,172981,Camptoplites rectilinearis,Species
444366,Camptoplites sp.,444363,0dff6a,3270,,Arbitrary,,,,,
444367,Camptoplites tricornis,444363,5ef230,3270,172984,Species,Camptoplites tricornis,accepted,172984,Camptoplites tricornis,Species
444368,Cellarioidea,444354,0dff6a,3270,153637,Superfamily,Cellarioidea,accepted,153637,Cellarioidea,Superfamily
444369,Cellariidae,444368,0dff6a,3270,110735,Family,Cellariidae,accepted,110735,Cellariidae,Family
444370,Cellaria,444369,0dff6a,3270,110869,Genus,Cellaria,accepted,110869,Cellaria,Genus
444371,Cellaria aurorae,444370,ff0f0f,3270,173266,Species,Cellaria aurorae,unaccepted,986802,Cellariaeforma aurorae,Species
444372,Sclerodomidae,444357,0dff6a,3270,174319,Family,Sclerodomidae,accepted,174319,Sclerodomidae,Family
444373,Cellarinella,444372,0dff6a,3270,174320,Genus,Cellarinella,accepted,174320,Cellarinella,Genus
444374,Cellarinella foveolata,444373,0dff6a,3270,174322,Species,Cellarinella foveolata,accepted,174322,Cellarinella foveolata,Species
444375,Cellarinella njegovanae,444373,0dff6a,3270,174326,Species,Cellarinella njegovanae,accepted,174326,Cellarinella njegovanae,Species
444376,Cellarinelloides,444372,0dff6a,3270,174332,Genus,Cellarinelloides,accepted,174332,Cellarinelloides,Genus
444377,Cellarinelloides crassus,444376,0dff6a,3270,174333,Species,Cellarinelloides crassus,accepted,174333,Cellarinelloides crassus,Species
444378,Stenolaemata,443278,0dff6a,3270,1794,Class,Stenolaemata,accepted,1794,Stenolaemata,Class
444379,Cyclostomatida,444378,0dff6a,3270,110724,Order,Cyclostomatida,accepted,110724,Cyclostomatida,Order
444380,Fasciculina,444379,0dff6a,3270,238292,Suborder,Fasciculina,accepted,238292,Fasciculina,Suborder
444381,Frondiporidae,444380,0dff6a,3270,160489,Family,Frondiporidae,accepted,160489,Frondiporidae,Family
444382,Fasciculipora,444381,0dff6a,3270,173997,Genus,Fasciculipora,accepted,173997,Fasciculipora,Genus
444383,Fasciculipora ramosa,444382,0dff6a,3270,174001,Species,Fasciculipora ramosa,accepted,174001,Fasciculipora ramosa,Species
444384,Cheilostomatida incertae sedis,444353,0dff6a,3270,467882,Suborder,Cheilostomatida incertae sedis,temporary name,467882,Cheilostomatida incertae sedis,Suborder
444385,Klugeflustra,444384,0dff6a,3270,173760,Genus,Klugeflustra,accepted,173760,Klugeflustra,Genus
444386,Klugeflustra antarctica,444385,0dff6a,3270,173764,Species,Klugeflustra antarctica,accepted,173764,Klugeflustra antarctica,Species
444387,Klugeflustra vanhoeffeni,444385,0dff6a,3270,471196,Species,Klugeflustra vanhoeffeni,accepted,471196,Klugeflustra vanhoeffeni,Species
444388,Flustroidea,444354,0dff6a,3270,153580,Superfamily,Flustroidea,accepted,153580,Flustroidea,Superfamily
444389,Flustridae,444388,0dff6a,3270,110749,Family,Flustridae,accepted,110749,Flustridae,Family
444390,Nematoflustra,444389,0dff6a,3270,173766,Genus,Nematoflustra,accepted,173766,Nematoflustra,Genus
444391,Nematoflustra flagellata,444390,0dff6a,3270,173787,Species,Nematoflustra flagellata,accepted,173787,Nematoflustra flagellata,Species
444392,Tubuliporina,444379,0dff6a,3270,160488,Suborder,Tubuliporina,accepted,160488,Tubuliporina,Suborder
444393,Tubuliporidae,444392,0dff6a,3270,110814,Family,Tubuliporidae,accepted,110814,Tubuliporidae,Family
444394,Idmidronea,444393,0dff6a,3270,111052,Genus,Idmidronea,accepted,111052,Idmidronea,Genus
444395,Idmidronea obtecta,444394,0dff6a,3270,174136,Species,Idmidronea obtecta,accepted,174136,Idmidronea obtecta,Species
444396,Smittinoidea,444354,0dff6a,3270,153664,Superfamily,Smittinoidea,accepted,153664,Smittinoidea,Superfamily
444397,Smittinidae,444396,0dff6a,3270,110775,Family,Smittinidae,accepted,110775,Smittinidae,Family
444398,Pemmatoporella,444397,0dff6a,3270,174356,Genus,Pemmatoporella,accepted,174356,Pemmatoporella,Genus
444399,Pemmatoporella marginata,444398,0dff6a,3270,174358,Species,Pemmatoporella marginata,accepted,174358,Pemmatoporella marginata,Species
444400,Celleporoidea,444354,0dff6a,3270,153667,Superfamily,Celleporoidea,accepted,153667,Celleporoidea,Superfamily
444401,Phidoloporidae,444400,0dff6a,3270,110768,Family,Phidoloporidae,accepted,110768,Phidoloporidae,Family
444402,Reteporella,444401,0dff6a,3270,110956,Genus,Reteporella,accepted,110956,Reteporella,Genus
444403,Reteporella frigida,444402,0dff6a,3270,174309,Species,Reteporella frigida,accepted,174309,Reteporella frigida,Species
444404,Reteporella gelida,444402,0dff6a,3270,174310,Species,Reteporella gelida,accepted,174310,Reteporella gelida,Species
444405,Cymothoida,443234,f230b8,3270,292941,Suborder,Cymothoida,accepted,292941,Cymothoida,Suborder
444406,Cymothooidea,444405,f230b8,3270,292946,Superfamily,Cymothooidea,accepted,292946,Cymothooidea,Superfamily
444407,Aegidae,444406,f230b8,3270,118272,Family,Aegidae,accepted,118272,Aegidae,Family
444408,Aega,444407,f230b8,3270,118394,Genus,Aega,accepted,118394,Aega,Genus
444409,Ceratoserolis,443578,f230b8,3270,1554737,Genus,Ceratoserolis,accepted,1554737,Ceratoserolis,Genus
444410,Ceratosesolis sp.,444409,f23131,3270,,Arbitrary,,,,,
444411,Palliolinae,443690,f2d649,3270,393793,Subfamily,Palliolinae,accepted,393793,Palliolinae,Subfamily
444412,Adamussiini,444411,f2d649,3270,393702,Tribe,Adamussiini,accepted,393702,Adamussiini,Tribe
444413,Adamussium,444412,f2d649,3270,196913,Genus,Adamussium,accepted,196913,Adamussium,Genus
444414,Adamussium colbecki,444413,f2d649,3270,197021,Species,Adamussium colbecki,accepted,197021,Adamussium colbecki,Species
444415,Cuspidarioidea,443699,f2d649,3270,382315,Superfamily,Cuspidarioidea,accepted,382315,Cuspidarioidea,Superfamily
444416,Cuspidariidae,444415,f2d649,3270,1788,Family,Cuspidariidae,accepted,1788,Cuspidariidae,Family
444417,Cuspidaria,444416,f2d649,3270,137858,Genus,Cuspidaria,accepted,137858,Cuspidaria,Genus
444418,Arcida,443687,f2d649,3270,207,Order,Arcida,accepted,207,Arcida,Order
444419,Limopsoidea,444418,f2d649,3270,489059,Superfamily,Limopsoidea,accepted,489059,Limopsoidea,Superfamily
444420,Limopsidae,444419,f2d649,3270,2093,Family,Limopsidae,accepted,2093,Limopsidae,Family
444421,Limopsis,444420,f2d649,3270,138132,Genus,Limopsis,accepted,138132,Limopsis,Genus
444422,Limopsis marionensis,444421,f2d649,3270,197236,Species,Limopsis marionensis,accepted,197236,Limopsis marionensis,Species
444423,Cymbiinae,443591,f2d649,3270,382308,Subfamily,Cymbiinae,accepted,382308,Cymbiinae,Subfamily
444424,Zidonini,444423,f2d649,3270,382326,Tribe,Zidonini,accepted,382326,Zidonini,Tribe
444425,Harpovoluta,444424,f2d649,3270,197004,Genus,Harpovoluta,accepted,197004,Harpovoluta,Genus
444426,Harpovoluta charcoti,444425,f2d649,3270,197189,Species,Harpovoluta charcoti,accepted,197189,Harpovoluta charcoti,Species
444427,Polinicinae,443631,f2d649,3270,224937,Subfamily,Polinicinae,accepted,224937,Polinicinae,Subfamily
444428,Amauropsis,444427,f2d649,3270,138236,Genus,Amauropsis,accepted,138236,Amauropsis,Genus
444429,Amauropsis sp.,444428,f2d649,3270,,Arbitrary,,,,,
444430,Chlanidota,443605,f2d649,3270,196926,Genus,Chlanidota,accepted,196926,Chlanidota,Genus
444431,Chlanidota sp.,444430,f2d649,3270,,Arbitrary,,,,,
444432,Patellogastropoda,443206,f2d649,3270,382158,Subclass,Patellogastropoda,accepted,382158,Patellogastropoda,Subclass
444433,Lottioidea,444432,f2d649,3270,391063,Superfamily,Lottioidea,accepted,391063,Lottioidea,Superfamily
444434,Lepetidae,444433,f2d649,3270,1733,Family,Lepetidae,accepted,1733,Lepetidae,Family
444435,Bathylepeta,444434,f2d649,3270,244680,Genus,Bathylepeta,accepted,244680,Bathylepeta,Genus
444436,Bathylepeta linseae,444435,f2d649,3270,244681,Species,Bathylepeta linseae,accepted,244681,Bathylepeta linseae,Species
444437,Bathylepeta cf linsae,444436,f24a4a,3270,,Arbitrary,,,,,
444438,Polyplacophora,443205,f2d649,3270,55,Class,Polyplacophora,accepted,55,Polyplacophora,Class
444439,Neoloricata,444438,f2d649,3270,57,Subclass,Neoloricata,accepted,57,Neoloricata,Subclass
444440,Chitonida,444439,f2d649,3270,382003,Order,Chitonida,accepted,382003,Chitonida,Order
444441,Acanthochitonina,444440,f2d649,3270,90,Suborder,Acanthochitonina,accepted,90,Acanthochitonina,Suborder
444442,Mopalioidea,444441,f2d649,3270,385408,Superfamily,Mopalioidea,accepted,385408,Mopalioidea,Superfamily
444443,Mopaliidae,444442,f2d649,3270,23074,Family,Mopaliidae,accepted,23074,Mopaliidae,Family
444444,Mopaliinae,444443,f2d649,3270,385536,Subfamily,Mopaliinae,accepted,385536,Mopaliinae,Subfamily
444445,Nuttallochiton,444444,f2d649,3270,385568,Genus,Nuttallochiton,accepted,385568,Nuttallochiton,Genus
444446,Nuttallochiton mirandus,444445,f2d649,3270,386365,Species,Nuttallochiton mirandus,accepted,386365,Nuttallochiton mirandus,Species
444447,Euthyneura,443210,f2d649,3270,1057247,Infraclass,Euthyneura,accepted,1057247,Euthyneura,Infraclass
444448,Ringipleura,444447,f2d649,3270,1057249,Subterclass,Ringipleura,accepted,1057249,Ringipleura,Subterclass
444449,Nudipleura,444448,f2d649,3270,411966,Superorder,Nudipleura,accepted,411966,Nudipleura,Superorder
444450,Nudibranchia,444449,f2d649,3270,1762,Order,Nudibranchia,accepted,1762,Nudibranchia,Order
444451,Doridina,444450,f2d649,3270,1052385,Suborder,Doridina,accepted,1052385,Doridina,Suborder
444452,Doridoidei,444451,f2d649,3270,246038,Infraorder,Doridoidei,accepted,246038,Doridoidei,Infraorder
444453,Doridoidea,444452,f2d649,3270,173,Superfamily,Doridoidea,accepted,173,Doridoidea,Superfamily
444454,Dorididae,444453,f2d649,3270,9904,Family,Dorididae,accepted,9904,Dorididae,Family
444455,Austrodoris,444454,f2d649,3270,196949,Genus,Austrodoris,accepted,196949,Austrodoris,Genus
444456,Austrodoris kerguelenensis,444455,f2d649,3270,197053,Species,Austrodoris kerguelenensis,accepted,197053,Austrodoris kerguelenensis,Species
444457,Austrodoris kerguelensis,444456,f24a4a,3270,,Arbitrary,,,,,
444458,Pennatuloidea,443824,c50707,3270,1609360,Superfamily,Pennatuloidea,accepted,1609360,Pennatuloidea,Superfamily
444459,Umbellulidae,444458,c50707,3270,1758274,Family,Umbellulidae,accepted,1758274,Umbellulidae,Family
444460,Umbellula,444459,c50707,3270,1757986,Genus,Umbellula,accepted,1757986,Umbellula,Genus
444461,Umbellula magniflora,444460,c50707,3270,173577,Species,Umbellula magniflora,accepted,173577,Umbellula magniflora,Species
444462,Umbellula pallida,444460,c39b07,3270,173579,Species,Umbellula pallida,junior subjective synonym,128531,Umbellula lindahli,Species
444463,Terebellida,443865,94ff4d,3270,900,Order,Terebellida,accepted,900,Terebellida,Order
444464,Cirratuliformia,444463,94ff4d,3270,155087,Suborder,Cirratuliformia,accepted,155087,Cirratuliformia,Suborder
444465,Flabelligeridae,444464,94ff4d,3270,976,Family,Flabelligeridae,accepted,976,Flabelligeridae,Family
444466,Flabelligera,444465,94ff4d,3270,129291,Genus,Flabelligera,accepted,129291,Flabelligera,Genus
444467,Flabelligera mundata,444466,ff4d4d,3270,173287,Species,Flabelligera mundata,unaccepted,934969,Flabegraviera mundata,Species
444468,Sabellinae,443867,94ff4d,3270,154917,Subfamily,Sabellinae,accepted,154917,Sabellinae,Subfamily
444469,Perkinsiana,444468,94ff4d,3270,129542,Genus,Perkinsiana,accepted,129542,Perkinsiana,Genus
444470,Phyllodocida,443245,94ff4d,3270,892,Order,Phyllodocida,accepted,892,Phyllodocida,Order
444471,Aphroditiformia,444470,94ff4d,3270,927,Suborder,Aphroditiformia,accepted,927,Aphroditiformia,Suborder
444472,Aphroditidae,444471,94ff4d,3270,938,Family,Aphroditidae,accepted,938,Aphroditidae,Family
444473,Laetmonice,444472,94ff4d,3270,129196,Genus,Laetmonice,accepted,129196,Laetmonice,Genus
444474,Laetmonice producta,444473,94ff4d,3270,129846,Species,Laetmonice producta,accepted,129846,Laetmonice producta,Species
444475,Polynoidae,444471,94ff4d,3270,939,Family,Polynoidae,accepted,939,Polynoidae,Family
444476,Terebelliformia,444463,94ff4d,3270,152292,Suborder,Terebelliformia,accepted,152292,Terebelliformia,Suborder
444477,Terebellidae,444476,94ff4d,3270,982,Family,Terebellidae,accepted,982,Terebellidae,Family
444478,Serpulidae,443866,94ff4d,3270,988,Family,Serpulidae,accepted,988,Serpulidae,Family
444479,Ammotheoidea,443582,f230b8,3270,1702219,Superfamily,Ammotheoidea,accepted,1702219,Ammotheoidea,Superfamily
444480,Ammotheidae,444479,f230b8,3270,1562,Family,Ammotheidae,accepted,1562,Ammotheidae,Family
444481,Achelinae,444480,f230b8,3270,1702227,Subfamily,Achelinae,accepted,1702227,Achelinae,Subfamily
444482,Achelia,444481,f230b8,3270,134568,Genus,Achelia,accepted,134568,Achelia,Genus
444483,Achelia sp.,444482,f230b8,3270,,Arbitrary,,,,,
444484,Ammotheinae,444480,f230b8,3270,1702226,Subfamily,Ammotheinae,accepted,1702226,Ammotheinae,Subfamily
444485,Ammothea,444484,f230b8,3270,134569,Genus,Ammothea,accepted,134569,Ammothea,Genus
444486,Ammothea sp.,444485,f230b8,3270,,Arbitrary,,,,,
444487,Ammotheidae?,444480,f230b8,3270,,Arbitrary,,,,,
444488,Colossendeis sp. 1 (IPY),443586,f230b8,3270,,Arbitrary,,,,,
444489,Colossendeis sp. 2 (IPY),443586,f230b8,3270,,Arbitrary,,,,,
444490,Nymphonoidea,443582,f230b8,3270,379609,Superfamily,Nymphonoidea,accepted,379609,Nymphonoidea,Superfamily
444491,Nymphonidae,444490,f230b8,3270,1566,Family,Nymphonidae,accepted,1566,Nymphonidae,Family
444492,Nymphon,444491,f230b8,3270,134591,Genus,Nymphon,accepted,134591,Nymphon,Genus
444493,Nymphon sp.,444492,f230b8,3270,,Arbitrary,,,,,
444494,Pallenopsidae,444479,f230b8,3270,236317,Family,Pallenopsidae,accepted,236317,Pallenopsidae,Family
444495,Alpheoidea,443192,f230b8,3270,106709,Superfamily,Alpheoidea,accepted,106709,Alpheoidea,Superfamily
444496,Hippolytidae,444495,f230b8,3270,106777,Family,Hippolytidae,accepted,106777,Hippolytidae,Family
444497,Chorismus,444496,f230b8,3270,369213,Genus,Chorismus,accepted,369213,Chorismus,Genus
444498,Chorismus antarcticus,444497,f230b8,3270,369214,Species,Chorismus antarcticus,accepted,369214,Chorismus antarcticus,Species
444499,Crangonidae,443670,f230b8,3270,106782,Family,Crangonidae,accepted,106782,Crangonidae,Family
444500,Phloeodictyidae,443778,ba66ff,3270,131639,Family,Phloeodictyidae,accepted,131639,Phloeodictyidae,Family
444501,Calyx,444500,ba66ff,3270,131851,Genus,Calyx,accepted,131851,Calyx,Genus
444502,Calyx sp 1 (IPY),444501,ba66ff,3270,,Arbitrary,,,,,
444503,Calyx sp 2 (IPY),444501,a95de8,3270,,Arbitrary,,,,,
444504,Calyx arcuarius,444501,ff6666,3270,166927,Species,Calyx arcuarius,unaccepted,1718220,Haliclona (Gellius) arcuarius,Species
444505,Cinachyra,443775,ba66ff,3270,132092,Genus,Cinachyra,accepted,132092,Cinachyra,Genus
444506,Cinachyra antarctica,444505,ba66ff,3270,171285,Species,Cinachyra antarctica,accepted,171285,Cinachyra antarctica,Species
444507,Cinachyra barbata,444505,ba66ff,3270,171286,Species,Cinachyra barbata,accepted,171286,Cinachyra barbata,Species
444508,Demospongiae 01 (IPY),443267,bbaaaa,3270,,Arbitrary,,,,,
444509,Demospongiae 02 (IPY),443267,af9f9f,3270,,Arbitrary,,,,,
444510,Demospongiae 03 (IPY),443267,bbaaaa,3270,,Arbitrary,,,,,
444511,Demospongiae 04 (IPY),443267,bbaaaa,3270,,Arbitrary,,,,,
444512,Demospongiae 05 (IPY),443267,bbaaaa,3270,,Arbitrary,,,,,
444513,Demospongiae 06 (IPY),443267,bbaaaa,3270,,Arbitrary,,,,,
444514,Demospongiae 08 (IPY),443267,bbaaaa,3270,,Arbitrary,,,,,
444515,Demospongiae 09 (IPY),443267,bbaaaa,3270,,Arbitrary,,,,,
444516,Demospongiae 10 (IPY),443267,bbaaaa,3270,,Arbitrary,,,,,
444517,Demospongiae 11 (IPY),443267,bbaaaa,3270,,Arbitrary,,,,,
444518,Demospongiae 12 (IPY),443267,ab9b9b,3270,,Arbitrary,,,,,
444519,Demospongiae 13 (IPY),443267,af9f9f,3270,,Arbitrary,,,,,
444520,Demospongiae 14 (IPY),443267,b8a7a7,3270,,Arbitrary,,,,,
444521,Keratosa,443266,ba66ff,3270,366651,Subclass,Keratosa,accepted,366651,Keratosa,Subclass
444522,Dendroceratida,444521,ba66ff,3270,131594,Order,Dendroceratida,accepted,131594,Dendroceratida,Order
444523,Darwinellidae,444522,ba66ff,3270,131623,Family,Darwinellidae,accepted,131623,Darwinellidae,Family
444524,Dendrilla,444523,ba66ff,3270,131741,Genus,Dendrilla,accepted,131741,Dendrilla,Genus
444525,Dendrilla antarctica,444524,ba66ff,3270,164875,Species,Dendrilla antarctica,accepted,164875,Dendrilla antarctica,Species
444526,Dictyoceratida,444521,ba66ff,3270,131595,Order,Dictyoceratida,accepted,131595,Dictyoceratida,Order
444527,Dysideidae,444526,ba66ff,3270,131624,Family,Dysideidae,accepted,131624,Dysideidae,Family
444528,Dysidea,444527,ba66ff,3270,131745,Genus,Dysidea,accepted,131745,Dysidea,Genus
444529,Chalinidae,443778,ba66ff,3270,131636,Family,Chalinidae,accepted,131636,Chalinidae,Family
444530,Gellius,444529,ba66ff,3270,183660,Genus,Gellius,unaccepted,131922,Haliclona (Gellius),Subgenus
444531,Gellius rudis,444530,ff6666,3270,174926,Species,Gellius rudis,unaccepted,166558,Haliclona (Gellius) rudis,Species
444532,Gellius sp.,444530,ba66ff,3270,,Arbitrary,,,,,
444533,Haliclona,444529,ba66ff,3270,131834,Genus,Haliclona,accepted,131834,Haliclona,Genus
444534,Haliclona dancoi,444533,ff6666,3270,166345,Species,Haliclona dancoi,alternative representation,196363,Haliclona (Rhizoniera) dancoi,Species
444535,Haliclona sp2,444533,ba66ff,3270,,Arbitrary,,,,,
444536,Haplosclerid 1,443779,bbaaaa,3270,,Arbitrary,,,,,
444537,Homaxinella,443763,ba66ff,3270,131777,Genus,Homaxinella,accepted,131777,Homaxinella,Genus
444538,Homaxinella sp. 1?,444537,ba66ff,3270,,Arbitrary,,,,,
444539,Coelosphaeridae,443742,ba66ff,3270,131650,Family,Coelosphaeridae,accepted,131650,Coelosphaeridae,Family
444540,Inflatella,444539,ba66ff,3270,131926,Genus,Inflatella,accepted,131926,Inflatella,Genus
444541,Inflatella belli,444540,ba66ff,3270,168897,Species,Inflatella belli,accepted,168897,Inflatella belli,Species
444542,Mycalidae,443742,ba66ff,3270,131649,Family,Mycalidae,accepted,131649,Mycalidae,Family
444543,Mycale,444542,ba66ff,3270,131907,Genus,Mycale,accepted,131907,Mycale,Genus
444544,Mycale sp.?,444543,ba66ff,3270,,Arbitrary,,,,,
444545,Myxillidae,443742,ba66ff,3270,131658,Family,Myxillidae,accepted,131658,Myxillidae,Family
444546,Myxilla,444545,ba66ff,3270,131970,Genus,Myxilla,accepted,131970,Myxilla,Genus
444547,Myxilla 1,444546,ba66ff,3270,,Arbitrary,,,,,
444548,Myxilla 2,444546,ba66ff,3270,,Arbitrary,,,,,
444549,Polymastiida,443730,d780ff,3270,845494,Order,Polymastiida,accepted,845494,Polymastiida,Order
444550,Polymastiidae,444549,d780ff,3270,131673,Family,Polymastiidae,accepted,131673,Polymastiidae,Family
444551,Radiella,444550,d780ff,3270,170671,Genus,Radiella,accepted,170671,Radiella,Genus
444552,Axinellid 1 (IPY),443769,ba66ff,3270,,Arbitrary,,,,,
444553,Craniella,443775,ba66ff,3270,132093,Genus,Craniella,accepted,132093,Craniella,Genus
444554,Craniella sagitta,444553,ff6666,3270,190736,Species,Craniella sagitta,unaccepted,885830,Antarctotetilla sagitta,Species
444555,Hymedesmiidae,443742,ba66ff,3270,131655,Family,Hymedesmiidae,accepted,131655,Hymedesmiidae,Family
444556,Kirkpatrickia,444555,ba66ff,3270,169295,Genus,Kirkpatrickia,accepted,169295,Kirkpatrickia,Genus
444557,Kirkpatrickia variolosa,444556,ba66ff,3270,169300,Species,Kirkpatrickia variolosa,accepted,169300,Kirkpatrickia variolosa,Species
444558,Vulcanellidae,443732,ba66ff,3270,597265,Family,Vulcanellidae,accepted,597265,Vulcanellidae,Family
444559,Poecillastra,444558,ba66ff,3270,132016,Genus,Poecillastra,accepted,132016,Poecillastra,Genus
444560,Poecillastra sp.,444559,ba66ff,3270,,Arbitrary,,,,,
444562,Stylocordylidae,443762,ba66ff,3270,131675,Family,Stylocordylidae,accepted,131675,Stylocordylidae,Family
444563,Stylocordyla,444562,ba66ff,3270,132063,Genus,Stylocordyla,accepted,132063,Stylocordyla,Genus
444564,Stylocordyla borealis,444563,ba66ff,3270,134240,Species,Stylocordyla borealis,accepted,134240,Stylocordyla borealis,Species
444565,Tedaniidae,443742,ba66ff,3270,131659,Family,Tedaniidae,accepted,131659,Tedaniidae,Family
444566,Tedania,444565,b563f8,3270,131974,Genus,Tedania,alternative representation,169545,Tedania (Tedania),Subgenus
444567,Tedania massa,444566,ff6666,3270,194263,Species,Tedania massa,alternative representation,169598,Tedania (Tedaniopsis) massa,Species
444568,Tedania massa?,444567,ff6666,3270,,Arbitrary,,,,,
444569,Tedania turbinata,444566,ff6666,3270,194265,Species,Tedania turbinata,alternative representation,169602,Tedania (Tedaniopsis) turbinata,Species
444570,Euretidae,443791,ba66ff,3270,131688,Family,Euretidae,accepted,131688,Euretidae,Family
444571,Euretidae 1,444570,ba66ff,3270,,Arbitrary,,,,,
444572,Euretidae 2,444570,ba66ff,3270,,Arbitrary,,,,,
444573,Amphidiscophora,443253,ba66ff,3270,131607,Subclass,Amphidiscophora,accepted,131607,Amphidiscophora,Subclass
444574,Amphidiscosida,444573,ba66ff,3270,160632,Order,Amphidiscosida,accepted,160632,Amphidiscosida,Order
444575,Hyalonematidae,444574,ba66ff,3270,131684,Family,Hyalonematidae,accepted,131684,Hyalonematidae,Family
444576,Hyalonema,444575,ba66ff,3270,132096,Genus,Hyalonema,accepted,132096,Hyalonema,Genus
444577,Hyalonema sp (IPY),444576,ba66ff,3270,,Arbitrary,,,,,
444578,Rossella,443784,ba66ff,3270,132127,Genus,Rossella,accepted,132127,Rossella,Genus
444579,Rossella levis,444578,ba66ff,3270,172096,Species,Rossella levis,accepted,172096,Rossella levis,Species
444580,Rosella levis?,444579,ff6666,3270,,Arbitrary,,,,,
444581,Rossella racovitzae,444578,ba66ff,3270,172104,Species,Rossella racovitzae,accepted,172104,Rossella racovitzae,Species
444582,Rosella racovitzae,444581,ff6666,3270,,Arbitrary,,,,,
444583,Rossella fibulata,444578,ba66ff,3270,172093,Species,Rossella fibulata,accepted,172093,Rossella fibulata,Species
444584,Rossella nuda,444578,ba66ff,3270,172101,Species,Rossella nuda,accepted,172101,Rossella nuda,Species
444585,Anoxycalyx,443784,ba66ff,3270,132121,Genus,Anoxycalyx,accepted,132121,Anoxycalyx,Genus
444586,Anoxycalyx (Scolymastra),444585,ba66ff,3270,172011,Subgenus,Anoxycalyx (Scolymastra),accepted,172011,Anoxycalyx (Scolymastra),Subgenus
444587,Anoxycalyx (Scolymastra) joubini,444586,ba66ff,3270,172012,Species,Anoxycalyx (Scolymastra) joubini,accepted,172012,Anoxycalyx (Scolymastra) joubini,Species
444588,Unknown worm 01 (IPY),443218,bbaaaa,3270,,Arbitrary,,,,,
444589,Sipuncula,443215,94ff4d,3270,1268,Order,Sipuncula,accepted,1268,Sipuncula,Order
444590,Anthomastus bathyproctus,443827,c50707,3270,286011,Species,Anthomastus bathyproctus,accepted,286011,Anthomastus bathyproctus,Species
444591,mud tube worm,443280,bbaaaa,3270,,Arbitrary,,,,,
444592,Paralomis birsteini,443531,f230b8,3270,246545,Species,Paralomis birsteini,accepted,246545,Paralomis birsteini,Species
444593,Echiuroidea,443288,94ff4d,3270,110342,Order,Echiuroidea,accepted,110342,Echiuroidea,Order
444594,Echiurida,444593,94ff4d,3270,110345,Suborder,Echiurida,accepted,110345,Echiurida,Suborder
444595,Echiuridae,444594,94ff4d,3270,110349,Family,Echiuridae,accepted,110349,Echiuridae,Family
444596,Echiurus,444595,94ff4d,3270,110358,Genus,Echiurus,accepted,110358,Echiurus,Genus
444597,Echiurus antarcticus,444596,94ff4d,3270,234512,Species,Echiurus antarcticus,accepted,234512,Echiurus antarcticus,Species
444598,Pennatulacea 01 (IPY),443498,c59c07,3270,,Arbitrary,,,,,
444599,Pennatulacea 02 (IPY),443498,c59c07,3270,,Arbitrary,,,,,
444600,Pennatulacea 03 (IPY),443498,c59c07,3270,,Arbitrary,,,,,
444601,Pennatulacea 04 (IPY),443498,bd9607,3270,,Arbitrary,,,,,
444602,Pennatulacea 05 (IPY),443498,bd9607,3270,,Arbitrary,,,,,
444603,Pennatulacea 06 (IPY),443498,f2cb49,3270,,Arbitrary,,,,,
444604,Pennatulacea 07 (IPY),443498,c59c07,3270,,Arbitrary,,,,,
444605,Pennatulacea 08 (IPY),443498,f2cb49,3270,,Arbitrary,,,,,
444606,Flabellum 01 (IPY),443818,c50707,3270,,Arbitrary,,,,,
444607,Flabellum 02 (IPY),443818,c50707,3270,,Arbitrary,,,,,
444608,Flabellum 03 (IPY),443818,c50707,3270,,Arbitrary,,,,,
444609,Pareledone,443659,f2d649,3270,239391,Genus,Pareledone,accepted,239391,Pareledone,Genus
444610,Pareledone sp.,444609,f2d649,3270,,Arbitrary,,,,,
444611,Pareledone turqueti,444609,f2d649,3270,239393,Species,Pareledone turqueti,accepted,239393,Pareledone turqueti,Species
444612,Cirroctopodidae,443664,f2d649,3270,325313,Family,Cirroctopodidae,accepted,325313,Cirroctopodidae,Family
444613,Cirroctopus,444612,f2d649,3270,325314,Genus,Cirroctopus,accepted,325314,Cirroctopus,Genus
444614,Cirroctopus sp.,444613,f2d649,3270,,Arbitrary,,,,,
444615,Thaumeledone,443659,f2d649,3270,325339,Genus,Thaumeledone,accepted,325339,Thaumeledone,Genus
444616,Thaumeledone n. sp.,444615,f2d649,3270,,Arbitrary,,,,,
444617,Echiuran_white (IPY),443288,bbaaaa,3270,,Arbitrary,,,,,
444618,Echiuran_black (IPY),443288,bbaaaa,3270,,Arbitrary,,,,,
444619,Isopod white (IPY),443234,bbaaaa,3270,,Arbitrary,,,,,
444620,Psychropotes,443481,2ee693,3270,123532,Genus,Psychropotes,accepted,123532,Psychropotes,Genus
444621,Psychropotes sp.,444620,2ee693,3270,,Arbitrary,,,,,
444622,Medusa 01 Motile (IPY),443871,c59c07,3270,,Arbitrary,,,,,
444623,Ophiacantha antarctica,444253,2ee693,3270,393552,Species,Ophiacantha antarctica,accepted,393552,Ophiacantha antarctica,Species
444624,Crinoid 10 (IPY),443176,bbaaaa,3270,,Arbitrary,,,,,
444625,Hyalonema (Cyliconema),444576,ba66ff,3270,171449,Subgenus,Hyalonema (Cyliconema),accepted,171449,Hyalonema (Cyliconema),Subgenus
444626,Hyalonema (Cyliconema) sp,444625,ba66ff,3270,,Arbitrary,,,,,
444627,Pheronematidae,444574,ba66ff,3270,131685,Family,Pheronematidae,accepted,131685,Pheronematidae,Family
444628,Pheronema,444627,ba66ff,3270,132098,Genus,Pheronema,accepted,132098,Pheronema,Genus
444629,Pheronema sp (?),444628,ba66ff,3270,,Arbitrary,,,,,
444630,Calcarea,443252,ba66ff,3270,559,Class,Calcarea,accepted,559,Calcarea,Class
444631,Calcaronea,444630,ba66ff,3270,131584,Subclass,Calcaronea,accepted,131584,Calcaronea,Subclass
444632,Leucosolenida,444631,ba66ff,3270,131591,Order,Leucosolenida,accepted,131591,Leucosolenida,Order
444633,Leucosoleniidae,444632,ba66ff,3270,131616,Family,Leucosoleniidae,accepted,131616,Leucosoleniidae,Family
444634,Leucosolenia,444633,ba66ff,3270,131715,Genus,Leucosolenia,accepted,131715,Leucosolenia,Genus
444635,Demospongiae 15 (IPY),443267,bbaaaa,3270,,Arbitrary,,,,,
444636,Bryzoan uni 01 (IPY),443279,bbaaaa,3270,,Arbitrary,,,,,
444637,Bryzoan - Erect cheilostome,443279,bbaaaa,3270,,Arbitrary,,,,,
444638,Bryzoan - bushy form,443279,b1a1a1,3270,,Arbitrary,,,,,
444639,Bryzoan - Branched coral-like form,443279,bbaaaa,3270,,Arbitrary,,,,,
444640,Bryzoan - Lacy fan form,443279,bbaaaa,3270,,Arbitrary,,,,,
444641,Bryzoan - Stylasterid look-alikes,443279,bbaaaa,3270,,Arbitrary,,,,,
444642,Bryzoan - Encrusting form,443279,bbaaaa,3270,,Arbitrary,,,,,
444643,Spatangus mathesoni,443460,2ee693,3270,414252,Species,Spatangus mathesoni,accepted,414252,Spatangus mathesoni,Species
444644,Larvapora,444356,0dff6a,3270,172930,Genus,Larvapora,accepted,172930,Larvapora,Genus
444645,Larvapora mawsoni,444644,0dff6a,3270,172933,Species,Larvapora mawsoni,accepted,172933,Larvapora mawsoni,Species
444646,Demospongiae 07 (IPY),443267,bbaaaa,3270,,Arbitrary,,,,,
444647,Heterokonta,443290,7cd5b4,3270,368898,Infrakingdom,Heterokonta,accepted,368898,Heterokonta,Infrakingdom
444648,Ochrophyta,444647,7cd5b4,3270,345465,Phylum,Ochrophyta,accepted,345465,Ochrophyta,Phylum
444649,Phaeophyceae,444648,7cd5b4,3270,830,Class,Phaeophyceae,accepted,830,Phaeophyceae,Class
444650,Fucophycidae,444649,7cd5b4,3270,1304856,Subclass,Fucophycidae,accepted,1304856,Fucophycidae,Subclass
444651,Fucales,444650,7cd5b4,3270,844,Order,Fucales,accepted,844,Fucales,Order
444652,Sargassaceae,444651,7cd5b4,3270,143725,Family,Sargassaceae,accepted,143725,Sargassaceae,Family
444653,Carpophyllum,444652,7cd5b4,3270,369447,Genus,Carpophyllum,accepted,369447,Carpophyllum,Genus
444654,Carpophyllum flexuosum,444653,7cd5b4,3270,373334,Species,Carpophyllum flexuosum,accepted,373334,Carpophyllum flexuosum,Species
444655,Carpophyllum sp.,444653,7cd5b4,3270,,Arbitrary,,,,,
444656,Laminariales,444650,7cd5b4,3270,845,Order,Laminariales,accepted,845,Laminariales,Order
444657,Lessoniaceae,444656,7cd5b4,3270,196198,Family,Lessoniaceae,accepted,196198,Lessoniaceae,Family
444658,Lessonia,444657,7cd5b4,3270,369836,Genus,Lessonia,accepted,369836,Lessonia,Genus
444659,Lessonia sp.,444658,7cd5b4,3270,,Arbitrary,,,,,
444660,Plantae,443146,f25124,3270,3,Kingdom,Plantae,accepted,3,Plantae,Kingdom
444661,Biliphyta,444660,f25124,3270,368662,Subkingdom,Biliphyta,accepted,368662,Biliphyta,Subkingdom
444662,Rhodophyta,444661,f25124,3270,852,Phylum (Division),Rhodophyta,accepted,852,Rhodophyta,Phylum (Division)
444663,Eurhodophytina,444662,f25124,3270,493826,Subphylum (Subdivision),Eurhodophytina,accepted,493826,Eurhodophytina,Subphylum (Subdivision)
444664,Florideophyceae,444663,f25124,3270,368670,Class,Florideophyceae,accepted,368670,Florideophyceae,Class
444665,Rhodymeniophycidae,444664,f25124,3270,196243,Subclass,Rhodymeniophycidae,accepted,196243,Rhodymeniophycidae,Subclass
444666,Gigartinales,444665,f25124,3270,871,Order,Gigartinales,accepted,871,Gigartinales,Order
444667,Gigartinaceae,444666,f25124,3270,143733,Family,Gigartinaceae,accepted,143733,Gigartinaceae,Family
444668,Gigartina,444667,f25124,3270,144155,Genus,Gigartina,accepted,144155,Gigartina,Genus
444669,Gigartina sp.,444668,f25124,3270,,Arbitrary,,,,,
444670,Viridiplantae,444660,f25124,3270,368663,Subkingdom,Viridiplantae,accepted,368663,Viridiplantae,Subkingdom
444671,Chlorophyta,444670,f25124,3270,801,Phylum (Division),Chlorophyta,accepted,801,Chlorophyta,Phylum (Division)
444672,Chlorophytina,444671,f25124,3270,1304953,Subphylum (Subdivision),Chlorophytina,accepted,1304953,Chlorophytina,Subphylum (Subdivision)
444673,Ulvophyceae,444672,f25124,3270,146216,Class,Ulvophyceae,accepted,146216,Ulvophyceae,Class
444674,Bryopsidales,444673,f25124,3270,808,Order,Bryopsidales,accepted,808,Bryopsidales,Order
444675,Caulerpaceae,444674,f25124,3270,143668,Family,Caulerpaceae,accepted,143668,Caulerpaceae,Family
444676,Caulerpa,444675,f25124,3270,143816,Genus,Caulerpa,accepted,143816,Caulerpa,Genus
444677,Caulerpa sp.,444676,f25124,3270,,Arbitrary,,,,,
444678,Alga-plant,444660,bbaaaa,3270,,Arbitrary,,,,,
444679,Algae (encrusting),444678,bbaaaa,3270,,Arbitrary,,,,,
444680,Algae (erect),444678,bbaaaa,3270,,Arbitrary,,,,,
444681,Green turfing,444678,bbaaaa,3270,,Arbitrary,,,,,
444682,Streptophyta,444670,f25124,3270,536191,Infrakingdom,Streptophyta,accepted,536191,Streptophyta,Infrakingdom
444683,Tracheophyta,444682,f25124,3270,596326,Phylum (Division),Tracheophyta,accepted,596326,Tracheophyta,Phylum (Division)
444684,Spermatophytina,444683,f25124,3270,596331,Subphylum (Subdivision),Spermatophytina,accepted,596331,Spermatophytina,Subphylum (Subdivision)
444685,Magnoliopsida,444684,f25124,3270,182757,Class,Magnoliopsida,accepted,182757,Magnoliopsida,Class
444686,Lilianae,444685,f25124,3270,449895,Superorder,Lilianae,accepted,449895,Lilianae,Superorder
444687,Alismatales,444686,f25124,3270,153491,Order,Alismatales,accepted,153491,Alismatales,Order
444688,Zosteraceae,444687,f25124,3270,143770,Family,Zosteraceae,accepted,143770,Zosteraceae,Family
444689,Zostera,444688,f25124,3270,144233,Genus,Zostera,accepted,144233,Zostera,Genus
444691,Zostera sp.,444689,f25124,3270,,Arbitrary,,,,,
444692,Anemone uni 01 (BOI),443264,bbaaaa,3270,,Arbitrary,,,,,
444693,Antipatheria 01 (BOI),443501,bbaaaa,3270,,Arbitrary,,,,,
444694,Antipatheria 02 (BOI),443501,bbaaaa,3270,,Arbitrary,,,,,
444695,Pennatulacea 1 (BOI),443498,c59c07,3270,,Arbitrary,,,,,
444696,Pennatulacea 2 (BOI),443498,c59c07,3270,,Arbitrary,,,,,
444697,Flabellum 01 (BOI),443818,c50707,3270,,Arbitrary,,,,,
444698,Flabellum 02 (BOI),443818,c50707,3270,,Arbitrary,,,,,
444699,Hydroid uni 01 (BOI),443273,bbaaaa,3270,,Arbitrary,,,,,
444700,Hydroid uni 02 (BOI),443273,bbaaaa,3270,,Arbitrary,,,,,
444701,Hydroid uni 03 (BOI),443273,b0a0a0,3270,,Arbitrary,,,,,
444702,Hydroid uni 04 (BOI),443273,b2a2a2,3270,,Arbitrary,,,,,
444703,Hydroid uni 05 (BOI),443273,b5a5a5,3270,,Arbitrary,,,,,
444704,Hydroid uni 06 (BOI),443273,b6a5a5,3270,,Arbitrary,,,,,
444705,Hydroid uni 07 (BOI),443273,b8a7a7,3270,,Arbitrary,,,,,
444706,Adeonoidea,444354,0dff6a,3270,153651,Superfamily,Adeonoidea,accepted,153651,Adeonoidea,Superfamily
444707,Adeonidae,444706,0dff6a,3270,110725,Family,Adeonidae,accepted,110725,Adeonidae,Family
444708,Adeonellopsis,444707,0dff6a,3270,110816,Genus,Adeonellopsis,accepted,110816,Adeonellopsis,Genus
444709,Adeonellopsis sp.,444708,0dff6a,3270,,Arbitrary,,,,,
444710,Bitectiporidae,444396,0dff6a,3270,110729,Family,Bitectiporidae,accepted,110729,Bitectiporidae,Family
444711,Bitectipora,444710,0dff6a,3270,467958,Genus,Bitectipora,accepted,467958,Bitectipora,Genus
444712,Bitectipora mucronifera,444711,0dff6a,3270,471870,Species,Bitectipora mucronifera,accepted,471870,Bitectipora mucronifera,Species
444713,Celleporidae,444400,0dff6a,3270,110736,Family,Celleporidae,accepted,110736,Celleporidae,Family
444714,Celleporaria,444713,0dff6a,3270,205020,Genus,Celleporaria,accepted,205020,Celleporaria,Genus
444715,Celleporaria agglutinans,444714,0dff6a,3270,471436,Species,Celleporaria agglutinans,accepted,471436,Celleporaria agglutinans,Species
444716,Celloporaria aggultinans,444715,ff0f0f,3270,,Arbitrary,,,,,
444717,Schizoporelloidea,444354,0dff6a,3270,153661,Superfamily,Schizoporelloidea,accepted,153661,Schizoporelloidea,Superfamily
444718,Petraliidae,444717,0dff6a,3270,467923,Family,Petraliidae,accepted,467923,Petraliidae,Family
444719,Mucropetraliella,444718,0dff6a,3270,205549,Genus,Mucropetraliella,accepted,205549,Mucropetraliella,Genus
444720,Mucropetraliella neozelanica,444719,0dff6a,3270,471525,Species,Mucropetraliella neozelanica,accepted,471525,Mucropetraliella neozelanica,Species
444721,Phidolopora,444401,0dff6a,3270,110955,Genus,Phidolopora,accepted,110955,Phidolopora,Genus
444722,Phidolopora avicularis,444721,0dff6a,3270,470148,Species,Phidolopora avicularis,accepted,470148,Phidolopora avicularis,Species
444723,Reteporella sp.,444402,0dff6a,3270,,Arbitrary,,,,,
444724,Scleritodermidae,443774,ba66ff,3270,171172,Family,Scleritodermidae,accepted,171172,Scleritodermidae,Family
444725,Aciculites,444724,ba66ff,3270,171173,Genus,Aciculites,accepted,171173,Aciculites,Genus
444726,Aciculites pulchra,444725,ba66ff,3270,171181,Species,Aciculites pulchra,accepted,171181,Aciculites pulchra,Species
444727,Adocia,444529,ba66ff,3270,131828,Genus,Adocia,unaccepted,166589,Haliclona (Haliclona),Subgenus
444728,Adocia venustina,444727,ff6666,3270,189875,Species,Adocia venustina,unaccepted,166498,Haliclona venustina,Species
444729,Ancorina,443753,ba66ff,3270,131985,Genus,Ancorina,accepted,131985,Ancorina,Genus
444730,Ancorina sp.,444729,ba66ff,3270,,Arbitrary,,,,,
444731,Ancorina alata,444729,ff6666,3270,169773,Species,Ancorina alata,unaccepted,701569,Ecionemia alata,Species
444732,Ancorina stalagmoides,444729,ba66ff,3270,169785,Species,Ancorina stalagmoides,accepted,169785,Ancorina stalagmoides,Species
444733,Asteropus,443753,ba66ff,3270,169787,Genus,Asteropus,accepted,169787,Asteropus,Genus
444734,Asteropus simplex,444733,ba66ff,3270,169793,Species,Asteropus simplex,accepted,169793,Asteropus simplex,Species
444735,Geodia vestigifera,443751,ba66ff,3270,170193,Species,Geodia vestigifera,accepted,170193,Geodia vestigifera,Species
444736,Lamellomorpha,444558,ba66ff,3270,170349,Genus,Lamellomorpha,accepted,170349,Lamellomorpha,Genus
444737,Lamellomorpha strongylata,444736,ba66ff,3270,170350,Species,Lamellomorpha strongylata,accepted,170350,Lamellomorpha strongylata,Species
444738,Stelletta,443753,ba66ff,3270,131994,Genus,Stelletta,accepted,131994,Stelletta,Genus
444739,Stelletta columna,444738,ff6666,3270,194003,Species,Stelletta columna,unaccepted,169961,Stelletta maxima,Species
444740,Stelletta crater,444738,ba66ff,3270,169921,Species,Stelletta crater,accepted,169921,Stelletta crater,Species
444741,Aplousobranchia,443282,30c8f2,3270,103434,Order,Aplousobranchia,accepted,103434,Aplousobranchia,Order
444742,Aplousobranchia sp.1,444741,30c8f2,3270,,Arbitrary,,,,,
444743,Axinella australiensis,443770,ba66ff,3270,165462,Species,Axinella australiensis,accepted,165462,Axinella australiensis,Species
444744,Axinella n sp. 6,443770,ba66ff,3270,,Arbitrary,,,,,
444745,Dragmacidon,443769,ba66ff,3270,165537,Genus,Dragmacidon,accepted,165537,Dragmacidon,Genus
444746,Dragmacidon australe,444745,ba66ff,3270,165539,Species,Dragmacidon australe,accepted,165539,Dragmacidon australe,Species
444747,Dragmacidon australensis,444746,ff6666,3270,,Arbitrary,,,,,
444748,Herengeria,443739,ba66ff,3270,171080,Genus,Herengeria,accepted,171080,Herengeria,Genus
444749,Herengeria vasiformis,444748,ba66ff,3270,171082,Species,Herengeria vasiformis,accepted,171082,Herengeria vasiformis,Species
444750,Pleromidae,443732,ba66ff,3270,171164,Family,Pleromidae,accepted,171164,Pleromidae,Family
444751,Pleroma,444750,ba66ff,3270,171167,Genus,Pleroma,accepted,171167,Pleroma,Genus
444752,Pleroma menoui,444751,ba66ff,3270,171169,Species,Pleroma menoui,accepted,171169,Pleroma menoui,Species
444753,Callyspongiidae,443778,ba66ff,3270,131635,Family,Callyspongiidae,accepted,131635,Callyspongiidae,Family
444754,Callyspongia,444753,ba66ff,3270,131825,Genus,Callyspongia,accepted,131825,Callyspongia,Genus
444755,Callyspongia sp.,444754,ba66ff,3270,,Arbitrary,,,,,
444756,Azoricidae,443774,ba66ff,3270,171053,Family,Azoricidae,accepted,171053,Azoricidae,Family
444757,Leiodermatium,444756,ba66ff,3270,132086,Genus,Leiodermatium,accepted,132086,Leiodermatium,Genus
444758,Leiodermatium linea,444757,ba66ff,3270,246632,Species,Leiodermatium linea,accepted,246632,Leiodermatium linea,Species
444759,Calyx imperialis,444501,ba66ff,3270,166929,Species,Calyx imperialis,accepted,166929,Calyx imperialis,Species
444760,Calyx sp. (tube),444501,ba66ff,3270,,Arbitrary,,,,,
444761,Neopetrosia,443780,ba66ff,3270,166798,Genus,Neopetrosia,accepted,166798,Neopetrosia,Genus
444762,Neopetrosia n. sp. 3,444761,ba66ff,3270,,Arbitrary,,,,,
444763,Neopetrosia sp.,444761,ba66ff,3270,,Arbitrary,,,,,
444764,Neoschrammeniella,443739,ba66ff,3270,171087,Genus,Neoschrammeniella,accepted,171087,Neoschrammeniella,Genus
444765,Neoschrammeniella fulvodesmus,444764,ba66ff,3270,414491,Species,Neoschrammeniella fulvodesmus,accepted,414491,Neoschrammeniella fulvodesmus,Species
444766,Oceanapia,444500,ba66ff,3270,131852,Genus,Oceanapia,accepted,131852,Oceanapia,Genus
444767,Oceanapia sp.,444766,ba66ff,3270,,Arbitrary,,,,,
444768,Oceanapia peltata,444766,ba66ff,3270,166984,Species,Oceanapia peltata,accepted,166984,Oceanapia peltata,Species
444769,Oceanapia (Foliolina) cf peltata?,444768,ff6666,3270,,Arbitrary,,,,,
444770,Petrosia hebes,443781,ff6666,3270,192880,Species,Petrosia hebes,alternative representation,166839,Petrosia (Petrosia) hebes,Species
444771,Halichondriidae,443762,ba66ff,3270,131633,Family,Halichondriidae,accepted,131633,Halichondriidae,Family
444772,Ciocalypta,444771,ba66ff,3270,131804,Genus,Ciocalypta,accepted,131804,Ciocalypta,Genus
444773,Ciocalypta penicillus,444772,ba66ff,3270,132575,Species,Ciocalypta penicillus,accepted,132575,Ciocalypta penicillus,Species
444774,Ciocalypta polymastia,444772,ba66ff,3270,165774,Species,Ciocalypta polymastia,accepted,165774,Ciocalypta polymastia,Species
444775,Cladorhizidae,443742,ba66ff,3270,131644,Family,Cladorhizidae,accepted,131644,Cladorhizidae,Family
444776,Microcionidae,443742,ba66ff,3270,131641,Family,Microcionidae,accepted,131641,Microcionidae,Family
444777,Microcionidae sp. 1,444776,ba66ff,3270,,Arbitrary,,,,,
444778,Microcioninae,444776,ba66ff,3270,167457,Subfamily,Microcioninae,accepted,167457,Microcioninae,Subfamily
444779,Clathria,444778,ba66ff,3270,131868,Genus,Clathria,accepted,131868,Clathria,Genus
444780,Clathria sp.,444779,ba66ff,3270,,Arbitrary,,,,,
444781,Phorbas,444555,ba66ff,3270,131953,Genus,Phorbas,accepted,131953,Phorbas,Genus
444782,Phorbas areolatus,444781,ba66ff,3270,184431,Species,Phorbas areolatus,accepted,184431,Phorbas areolatus,Species
444783,Phorbas aerolata,444782,ff6666,3270,,Arbitrary,,,,,
444784,Raspailiidae,443768,ba66ff,3270,131642,Family,Raspailiidae,accepted,131642,Raspailiidae,Family
444785,Raspailiinae,444784,ba66ff,3270,168004,Subfamily,Raspailiinae,accepted,168004,Raspailiinae,Subfamily
444786,Raspailia,444785,ba66ff,3270,131888,Genus,Raspailia,accepted,131888,Raspailia,Genus
444787,Raspailia flaccida,444786,ff6666,3270,168084,Species,Raspailia flaccida,alternative representation,987074,Raspailia (Raspaxilla) flaccida,Species
444788,Raspailia flaccida?,444787,ff6666,3270,,Arbitrary,,,,,
444789,Raspailia topsenti,444786,ff6666,3270,168102,Species,Raspailia topsenti,alternative representation,240481,Raspailia (Raspaxilla) topsenti,Species
444790,Polymastia,444550,ba66ff,3270,132046,Genus,Polymastia,accepted,132046,Polymastia,Genus
444791,Polymastia sp.,444790,ba66ff,3270,,Arbitrary,,,,,
444792,Polymastia crocea,444790,ba66ff,3270,246103,Species,Polymastia crocea,accepted,246103,Polymastia crocea,Species
444793,Polymastia croceus,444792,ff6666,3270,,Arbitrary,,,,,
444794,Polymastia hirsuta,444790,ba66ff,3270,170636,Species,Polymastia hirsuta,accepted,170636,Polymastia hirsuta,Species
444795,Polymastia hirsuta?,444794,ba66ff,3270,,Arbitrary,,,,,
444796,Polymastia pepo,444790,ba66ff,3270,246106,Species,Polymastia pepo,accepted,246106,Polymastia pepo,Species
444797,Suberites sp.,443764,ba66ff,3270,,Arbitrary,,,,,
444798,Tethyida,443730,ba66ff,3270,845507,Order,Tethyida,accepted,845507,Tethyida,Order
444799,Tethyidae,444798,ba66ff,3270,131677,Family,Tethyidae,accepted,131677,Tethyidae,Family
444800,Tethya,444799,ba66ff,3270,132077,Genus,Tethya,accepted,132077,Tethya,Genus
444801,Tethya fastigata,444800,ba66ff,3270,170953,Species,Tethya fastigata,accepted,170953,Tethya fastigata,Species
444802,Trachycladida,443730,ba66ff,3270,845508,Order,Trachycladida,accepted,845508,Trachycladida,Order
444803,Trachycladidae,444802,ba66ff,3270,171041,Family,Trachycladidae,accepted,171041,Trachycladidae,Family
444804,Trachycladus,444803,ba66ff,3270,171045,Genus,Trachycladus,accepted,171045,Trachycladus,Genus
444805,Trachycladus stylifer,444804,ba66ff,3270,171051,Species,Trachycladus stylifer,accepted,171051,Trachycladus stylifer,Species
444806,Xestospongia,443780,a761f2,3270,131849,Genus,Xestospongia,accepted,131849,Xestospongia,Genus
444807,Xestospongia sp.?,444806,a761f2,3270,,Arbitrary,,,,,
444808,Acarnidae,443742,ba66ff,3270,167333,Family,Acarnidae,accepted,167333,Acarnidae,Family
444809,Iophon,444808,ba66ff,3270,131863,Genus,Iophon,accepted,131863,Iophon,Genus
444810,Iophon laevistylus,444809,ba66ff,3270,167406,Species,Iophon laevistylus,accepted,167406,Iophon laevistylus,Species
444811,Iophon minor,444809,ba66ff,3270,167412,Species,Iophon minor,accepted,167412,Iophon minor,Species
444812,Latrunculia kaakaariki,443745,ff6666,3270,167303,Species,Latrunculia kaakaariki,alternative representation,233917,Latrunculia (Biannulata) kaakaariki,Species
444813,Chondropsidae,443742,ba66ff,3270,168731,Family,Chondropsidae,accepted,168731,Chondropsidae,Family
444814,Chondropsis,444813,ba66ff,3270,168739,Genus,Chondropsis,accepted,168739,Chondropsis,Genus
444815,Chondropsis sp.,444814,ba66ff,3270,,Arbitrary,,,,,
444816,Chondropsis kirkii,444814,ba66ff,3270,168748,Species,Chondropsis kirkii,accepted,168748,Chondropsis kirkii,Species
444817,Chondropsis krikii?,444816,ff6666,3270,,Arbitrary,,,,,
444818,Dendrilla rosea,444524,ba66ff,3270,164885,Species,Dendrilla rosea,accepted,164885,Dendrilla rosea,Species
444819,Dysidea cristagalli,444528,ba66ff,3270,164931,Species,Dysidea cristagalli,accepted,164931,Dysidea cristagalli,Species
444820,Dysidea cristigalli,444819,ff6666,3270,,Arbitrary,,,,,
444821,Haliclona (Gellius),444533,ba66ff,3270,131922,Subgenus,Haliclona (Gellius),accepted,131922,Haliclona (Gellius),Subgenus
444822,Haliclona (Gellius) petrocalyx,444821,ba66ff,3270,166548,Species,Haliclona (Gellius) petrocalyx,accepted,166548,Haliclona (Gellius) petrocalyx,Species
444823,Hymeniacidon,444771,ba66ff,3270,131808,Genus,Hymeniacidon,accepted,131808,Hymeniacidon,Genus
444824,Hymeniacidon haurakii,444823,ff6666,3270,165899,Species,Hymeniacidon haurakii,unaccepted,410701,Stylissa haurakii,Species
444825,Hymeniacidon hauraki?,444824,ff6666,3270,,Arbitrary,,,,,
444826,Irciniidae,444526,ba66ff,3270,131625,Family,Irciniidae,accepted,131625,Irciniidae,Family
444827,Ircinia,444826,ba66ff,3270,131751,Genus,Ircinia,accepted,131751,Ircinia,Genus
444828,Ircinia sp.,444827,ba66ff,3270,,Arbitrary,,,,,
444829,Jaspis,443753,ba66ff,3270,131999,Genus,Jaspis,accepted,131999,Jaspis,Genus
444830,Jaspis n. sp. 1,444829,ba66ff,3270,,Arbitrary,,,,,
444831,Psammocinia,444826,ba66ff,3270,165060,Genus,Psammocinia,accepted,165060,Psammocinia,Genus
444832,Psammocinia sp or Ircinia sp.,444826,ba66ff,3270,,Arbitrary,,,,,
444833,Psammocinia hawere,444831,ba66ff,3270,165068,Species,Psammocinia hawere,accepted,165068,Psammocinia hawere,Species
444834,Thorectidae,444526,ba66ff,3270,131627,Family,Thorectidae,accepted,131627,Thorectidae,Family
444835,Thorectinae,444834,ba66ff,3270,165296,Subfamily,Thorectinae,accepted,165296,Thorectinae,Subfamily
444836,Thorecta,444835,ba66ff,3270,165409,Genus,Thorecta,accepted,165409,Thorecta,Genus
444837,Thorecta reticulata,444836,ff6666,3270,165429,Species,Thorecta reticulata,unaccepted,1042589,Thorecta reticulatus,Species
444838,Taonura,444835,ba66ff,3270,165397,Genus,Taonura,accepted,165397,Taonura,Genus
444839,Taonura marginalis,444838,ba66ff,3270,165405,Species,Taonura marginalis,accepted,165405,Taonura marginalis,Species
444840,Rossella ijimai,444578,ba66ff,3270,414519,Species,Rossella ijimai,accepted,414519,Rossella ijimai,Species
444841,Symplectella,443784,ba66ff,3270,171879,Genus,Symplectella,accepted,171879,Symplectella,Genus
444842,Symplectella rowi,444841,ba66ff,3270,171880,Species,Symplectella rowi,accepted,171880,Symplectella rowi,Species
444843,Calcinea,444630,ba66ff,3270,131585,Subclass,Calcinea,accepted,131585,Calcinea,Subclass
444844,Clathrinida,444843,ba66ff,3270,131593,Order,Clathrinida,accepted,131593,Clathrinida,Order
444845,Leucaltidae,444844,ba66ff,3270,131620,Family,Leucaltidae,accepted,131620,Leucaltidae,Family
444846,Leucettusa,444845,ff6666,3270,164719,Genus,Leucettusa,unaccepted,131734,Leucaltis,Genus
444847,Leucettusa sp.,444846,ff6666,3270,,Arbitrary,,,,,
444848,Leucettusa lancifera,444846,ff6666,3270,164724,Species,Leucettusa lancifera,unaccepted,1657922,Rowella lancifera,Species
444849,Asterodiscididae,443357,2ee693,3270,196203,Family,Asterodiscididae,accepted,196203,Asterodiscididae,Family
444850,Asterodiscides,444849,2ee693,3270,205848,Genus,Asterodiscides,accepted,205848,Asterodiscides,Genus
444851,Asterodiscides sp.,444850,2ee693,3270,,Arbitrary,,,,,
444852,Asterodiscides truncatus,444850,2ee693,3270,291658,Species,Asterodiscides truncatus,accepted,291658,Asterodiscides truncatus,Species
444853,Astropecten,443348,2ee693,3270,123245,Genus,Astropecten,accepted,123245,Astropecten,Genus
444854,Astropecten polyacanthus,444853,2ee693,3270,213245,Species,Astropecten polyacanthus,accepted,213245,Astropecten polyacanthus,Species
444855,Luidiidae,443339,2ee693,3270,123129,Family,Luidiidae,accepted,123129,Luidiidae,Family
444856,Luidia,444855,2ee693,3270,123260,Genus,Luidia,accepted,123260,Luidia,Genus
444857,Luidia sp.,444856,2ee693,3270,,Arbitrary,,,,,
444858,Ophidiasteridae,443357,2ee693,3270,123137,Family,Ophidiasteridae,accepted,123137,Ophidiasteridae,Family
444859,Ophidiasteridae uni 01 (BOI),444858,2ee693,3270,,Arbitrary,,,,,
444860,Articulata,443175,0cf2c4,3270,183494,Subclass,Articulata,accepted,183494,Articulata,Subclass
444861,Comatulida,444860,0cf2c4,3270,123093,Order,Comatulida,accepted,123093,Comatulida,Order
444862,Antedonoidea,444861,0cf2c4,3270,709095,Superfamily,Antedonoidea,accepted,709095,Antedonoidea,Superfamily
444863,Antedonidae,444862,0cf2c4,3270,123148,Family,Antedonidae,accepted,123148,Antedonidae,Family
444864,Bathymetrinae,444863,0cf2c4,3270,340800,Subfamily,Bathymetrinae,accepted,340800,Bathymetrinae,Subfamily
444865,Argyrometra,444864,0cf2c4,3270,411374,Genus,Argyrometra,accepted,411374,Argyrometra,Genus
444866,Argyrometra sp.,444865,0cf2c4,3270,,Arbitrary,,,,,
444867,Comatuloidea,444861,2ee693,3270,828511,Superfamily,Comatuloidea,accepted,828511,Comatuloidea,Superfamily
444868,Comatulidae,444867,2ee693,3270,828512,Family,Comatulidae,accepted,828512,Comatulidae,Family
444869,Comatulinae,444868,2ee693,3270,246675,Subfamily,Comatulinae,accepted,246675,Comatulinae,Subfamily
444870,Comasterini,444869,2ee693,3270,828990,Tribe,Comasterini,accepted,828990,Comasterini,Tribe
444871,Comanthus,444870,2ee693,3270,205362,Genus,Comanthus,accepted,205362,Comanthus,Genus
444872,Comanthus sp.,444871,2ee693,3270,,Arbitrary,,,,,
444873,Asteroschematidae,443409,e62d2d,3270,123202,Family,Asteroschematidae,unaccepted,196223,Euryalidae,Family
444874,Euryalidae,443409,2ee693,3270,196223,Family,Euryalidae,accepted,196223,Euryalidae,Family
444875,Astroceras,444874,2ee693,3270,242444,Genus,Astroceras,accepted,242444,Astroceras,Genus
444876,Astroceras elegans,444875,2ee693,3270,243154,Species,Astroceras elegans,accepted,243154,Astroceras elegans,Species
444877,Astroceras elegans?,444876,2ee693,3270,,Arbitrary,,,,,
444878,Echinothuriidae,443431,2ee693,3270,160734,Family,Echinothuriidae,accepted,160734,Echinothuriidae,Family
444879,Echinothuriinae,444878,2ee693,3270,559486,Subfamily,Echinothuriinae,accepted,559486,Echinothuriinae,Subfamily
444880,Araeosoma,444879,2ee693,3270,123396,Genus,Araeosoma,accepted,123396,Araeosoma,Genus
444881,Araeosoma thetidis,444880,2ee693,3270,414207,Species,Araeosoma thetidis,accepted,414207,Araeosoma thetidis,Species
444882,Neognathostomata,443451,2ee693,3270,510501,Subterclass,Neognathostomata,accepted,510501,Neognathostomata,Subterclass
444883,Luminacea,444882,2ee693,3270,1572017,Superorder,Luminacea,accepted,1572017,Luminacea,Superorder
444884,Clypeasteroida,444883,2ee693,3270,123100,Order,Clypeasteroida,accepted,123100,Clypeasteroida,Order
444885,HTH uni 1 (BOI),443173,bbaaaa,3270,,Arbitrary,,,,,
444886,HTH uni 2 (BOI),443173,bbaaaa,3270,,Arbitrary,,,,,
444887,Leucosioidea,443508,f230b8,3270,106699,Superfamily,Leucosioidea,accepted,106699,Leucosioidea,Superfamily
444888,Leucosiidae,444887,f230b8,3270,106758,Family,Leucosiidae,accepted,106758,Leucosiidae,Family
444889,Brachyura cf. Leucosiidae,444888,f230b8,3270,,Arbitrary,,,,,
444890,Homoloida,443186,f230b8,3270,1646248,Section,Homoloida,accepted,1646248,Homoloida,Section
444891,Homoloidea,444890,f230b8,3270,106692,Superfamily,Homoloidea,accepted,106692,Homoloidea,Superfamily
444892,Latreilliidae,444891,f230b8,3270,106745,Family,Latreilliidae,accepted,106745,Latreilliidae,Family
444893,Eplumula,444892,f230b8,3270,439423,Genus,Eplumula,accepted,439423,Eplumula,Genus
444894,Eplumula australiensis,444893,f230b8,3270,440216,Species,Eplumula australiensis,accepted,440216,Eplumula australiensis,Species
444895,Raninoida,443186,ff59d0,3270,1646246,Section,Raninoida,accepted,1646246,Raninoida,Section
444896,Raninoidea,444895,ff59d0,3270,106705,Superfamily,Raninoidea,accepted,106705,Raninoidea,Superfamily
444897,Lyreididae,444896,ff59d0,3270,877400,Family,Lyreididae,accepted,877400,Lyreididae,Family
444898,Lyreidinae,444897,ff59d0,3270,439176,Subfamily,Lyreidinae,accepted,439176,Lyreidinae,Subfamily
444899,Lyreidus,444898,ff59d0,3270,205465,Genus,Lyreidus,accepted,205465,Lyreidus,Genus
444900,Lyreidus tridentatus,444899,ff59d0,3270,209568,Species,Lyreidus tridentatus,accepted,209568,Lyreidus tridentatus,Species
444901,Mathildellidae,443515,f230b8,3270,439044,Family,Mathildellidae,accepted,439044,Mathildellidae,Family
444902,Mathildella,444901,f230b8,3270,390856,Genus,Mathildella,accepted,390856,Mathildella,Genus
444903,Mathildella mclayi,444902,f230b8,3270,441015,Species,Mathildella mclayi,accepted,441015,Mathildella mclayi,Species
444904,Xanthoidea,443508,f230b8,3270,106703,Superfamily,Xanthoidea,accepted,106703,Xanthoidea,Superfamily
444905,Xanthidae,444904,f230b8,3270,106769,Family,Xanthidae,accepted,106769,Xanthidae,Family
444906,Penaeidae,443557,f230b8,3270,106727,Family,Penaeidae,accepted,106727,Penaeidae,Family
444907,Hippolytidae/Campylonotidae,443192,f255c3,3270,,Arbitrary,,,,,
444908,Notopandalus,443550,f230b8,3270,514069,Genus,Notopandalus,accepted,514069,Notopandalus,Genus
444909,Notopandalus?,444908,f230b8,3270,,Arbitrary,,,,,
444910,Plesionika,443550,f230b8,3270,107046,Genus,Plesionika,accepted,107046,Plesionika,Genus
444911,Munida spp.,443562,f230b8,3270,,Arbitrary,,,,,
444912,Diacanthurus,443190,f230b8,3270,366312,Genus,Diacanthurus,accepted,366312,Diacanthurus,Genus
444913,Diacanthurus rubricatus,444912,f230b8,3270,366317,Species,Diacanthurus rubricatus,accepted,366317,Diacanthurus rubricatus,Species
444914,Pedinae,443690,f2d649,3270,510739,Subfamily,Pedinae,accepted,510739,Pedinae,Subfamily
444915,Chlamydini,444914,f2d649,3270,391824,Tribe,Chlamydini,accepted,391824,Chlamydini,Tribe
444916,Chlamys,444915,f2d649,3270,138315,Genus,Chlamys,accepted,138315,Chlamys,Genus
444917,Chlamys sp.,444916,f2d649,3270,,Arbitrary,,,,,
444918,Alcithoini,444423,f2d649,3270,382338,Tribe,Alcithoini,accepted,382338,Alcithoini,Tribe
444919,Alcithoe,444918,f2d649,3270,382339,Genus,Alcithoe,accepted,382339,Alcithoe,Genus
444920,Alcithoe fusus,444919,f2d649,3270,385234,Species,Alcithoe fusus,accepted,385234,Alcithoe fusus,Species
444921,Alcithoe cf. hedleyi,444920,f24a4a,3270,,Arbitrary,,,,,
444922,Turbinidae,443634,f2d649,3270,503,Family,Turbinidae,accepted,503,Turbinidae,Family
444923,Turbininae,444922,f2d649,3270,225151,Subfamily,Turbininae,accepted,225151,Turbininae,Subfamily
444924,Astraea,444923,f2d649,3270,206461,Genus,Astraea,accepted,206461,Astraea,Genus
444925,Astraea heliotropium,444924,f2d649,3270,404992,Species,Astraea heliotropium,accepted,404992,Astraea heliotropium,Species
444926,Astraea heliopium,444925,f24a4a,3270,,Arbitrary,,,,,
444927,Stromboidea,443614,f2d649,3270,14770,Superfamily,Stromboidea,accepted,14770,Stromboidea,Superfamily
444928,Xenophoridae,444927,f2d649,3270,23144,Family,Xenophoridae,accepted,23144,Xenophoridae,Family
444929,Xenophora,444928,f2d649,3270,138664,Genus,Xenophora,accepted,138664,Xenophora,Genus
444930,Xenophora neozelanica,444929,f2d649,3270,468098,Species,Xenophora neozelanica,accepted,468098,Xenophora neozelanica,Species
444931,Xenophoridae neozelanica,444930,f24a4a,3270,,Arbitrary,,,,,
444932,Cookia,444923,f2d649,3270,413352,Genus,Cookia,accepted,413352,Cookia,Genus
444933,Cookia sulcata,444932,f2d649,3270,413403,Species,Cookia sulcata,accepted,413403,Cookia sulcata,Species
444934,GAS uni 01 (BOI),443207,bbaaaa,3270,,Arbitrary,,,,,
444935,GAS uni 02 (BOI),443207,b1a1a1,3270,,Arbitrary,,,,,
444936,GAS uni 03 (BOI),443207,ac9d9d,3270,,Arbitrary,,,,,
444937,GAS uni 04 (BOI),443207,af9f9f,3270,,Arbitrary,,,,,
444938,GAS uni 05 (BOI),443207,b2a2a2,3270,,Arbitrary,,,,,
444939,GAS uni 06 (BOI),443207,b6a5a5,3270,,Arbitrary,,,,,
444940,GAS uni 07 (BOI),443207,b5a5a5,3270,,Arbitrary,,,,,
444941,Discodorididae,444453,f2d649,3270,1761,Family,Discodorididae,accepted,1761,Discodorididae,Family
444942,Aphelodoris,444941,f2d649,3270,415066,Genus,Aphelodoris,accepted,415066,Aphelodoris,Genus
444943,Aphelodoris sp.?,444942,f2d649,3270,,Arbitrary,,,,,
444944,Cladobranchia,444450,f2d649,3270,827889,Suborder,Cladobranchia,accepted,827889,Cladobranchia,Suborder
444945,Arminoidea,444944,f2d649,3270,1763,Superfamily,Arminoidea,accepted,1763,Arminoidea,Superfamily
444946,Arminidae,444945,f2d649,3270,2087,Family,Arminidae,accepted,2087,Arminidae,Family
444947,Dermatobranchus,444946,ecf23d,3270,531811,Genus,Dermatobranchus,accepted,531811,Dermatobranchus,Genus
444948,Dermatobranchus pulcherrimus,444947,f13b3b,3270,534015,Species,Dermatobranchus pulcherrimus,unaccepted,1764950,Armina rubida,Species
444949,Chromodoridoidea,444452,ecf23d,3270,1370609,Superfamily,Chromodoridoidea,accepted,1370609,Chromodoridoidea,Superfamily
444950,Chromodorididae,444949,ecf23d,3270,23003,Family,Chromodorididae,accepted,23003,Chromodorididae,Family
444951,Miamirinae,444950,f2d649,3270,549835,Subfamily,Miamirinae,accepted,549835,Miamirinae,Subfamily
444952,Ceratosoma,444951,f2d649,3270,204185,Genus,Ceratosoma,accepted,204185,Ceratosoma,Genus
444953,Ceratosoma amoena,444952,f24a4a,3270,558620,Species,Ceratosoma amoena,unaccepted,533898,Ceratosoma amoenum,Species
444954,Aeolidioidea,444944,f2d649,3270,189,Superfamily,Aeolidioidea,accepted,189,Aeolidioidea,Superfamily
444955,Facelinidae,444954,f2d649,3270,191,Family,Facelinidae,accepted,191,Facelinidae,Family
444956,Cratena,444955,f2d649,3270,146861,Genus,Cratena,accepted,146861,Cratena,Genus
444957,Cratena lineata,444956,f2d649,3270,534062,Species,Cratena lineata,accepted,534062,Cratena lineata,Species
444958,Glaucidae,444954,f2d649,3270,23046,Family,Glaucidae,accepted,23046,Glaucidae,Family
444963,Oegopsida,443322,f2d649,3270,11730,Order,Oegopsida,accepted,11730,Oegopsida,Order
444964,Cranchioidea,444963,f2d649,3270,1454592,Superfamily,Cranchioidea,accepted,1454592,Cranchioidea,Superfamily
444965,Ommastrephidae,444964,f2d649,3270,11760,Family,Ommastrephidae,accepted,11760,Ommastrephidae,Family
444966,Sepiida,443322,f2d649,3270,11713,Order,Sepiida,accepted,11713,Sepiida,Order
444967,Sepiolina,444966,f2d649,3270,1454579,Suborder,Sepiolina,superseded rank,157033,Sepiolida,Order
444968,Sepioloidea,444967,f2d649,3270,1454580,Superfamily,Sepioloidea,accepted,1454580,Sepioloidea,Superfamily
444969,Sepiadariidae,444968,f2d649,3270,153041,Family,Sepiadariidae,accepted,153041,Sepiadariidae,Family
444970,Sepioloidea,444969,f2d649,3270,341459,Genus,Sepioloidea,accepted,341459,Sepioloidea,Genus
444971,Scorpaenoidei,443155,30c8f2,3270,154247,Suborder,Scorpaenoidei,accepted,154247,Scorpaenoidei,Suborder
444972,Triglidae,444971,30c8f2,3270,125598,Family,Triglidae,accepted,125598,Triglidae,Family
444973,Pterygotrigla,444972,30c8f2,3270,204113,Genus,Pterygotrigla,accepted,204113,Pterygotrigla,Genus
444974,Pterygotrigla picta,444973,30c8f2,3270,277049,Species,Pterygotrigla picta,accepted,277049,Pterygotrigla picta,Species
444975,Spotted gurnard,444974,bbaaaa,3270,,Arbitrary,,,,,
444976,Percoidei,443155,30c8f2,3270,151751,Suborder,Percoidei,accepted,151751,Percoidei,Suborder
444977,Anthiadidae,444976,30c8f2,3270,1758484,Family,Anthiadidae,accepted,1758484,Anthiadidae,Family
444978,Plectranthias,444977,30c8f2,3270,206578,Genus,Plectranthias,accepted,206578,Plectranthias,Genus
444979,Plectranthias maculicauda,444978,30c8f2,3270,279015,Species,Plectranthias maculicauda,accepted,279015,Plectranthias maculicauda,Species
444980,Auchenoceros,444033,30c8f2,3270,268448,Genus,Auchenoceros,accepted,268448,Auchenoceros,Genus
444981,Auchenoceros punctatus,444980,30c8f2,3270,279831,Species,Auchenoceros punctatus,accepted,279831,Auchenoceros punctatus,Species
444982,Ahuru,444981,bbaaaa,3270,,Arbitrary,,,,,
444983,Paraulopidae,443892,30c8f2,3270,267001,Family,Paraulopidae,accepted,267001,Paraulopidae,Family
444984,Cucumberfish,444983,bbaaaa,3270,,Arbitrary,,,,,
444985,Eupercaria incertae sedis,443154,0bd7e6,3270,1517577,Order,Eupercaria incertae sedis,temporary name,1517577,Eupercaria incertae sedis,Order
444986,Cepolidae,444985,0bd7e6,3270,125527,Family,Cepolidae,accepted,125527,Cepolidae,Family
444987,Cepola,444986,0bd7e6,3270,125953,Genus,Cepola,accepted,125953,Cepola,Genus
444988,Cepola macrophthalma,444987,0bd7e6,3270,126835,Species,Cepola macrophthalma,accepted,126835,Cepola macrophthalma,Species
444989,Red bandfish,444988,bbaaaa,3270,,Arbitrary,,,,,
444991,Optivus,443306,30c8f2,3270,270114,Genus,Optivus,accepted,270114,Optivus,Genus
444992,Optivus elongatus,444991,30c8f2,3270,281927,Species,Optivus elongatus,accepted,281927,Optivus elongatus,Species
444993,Slender roughy,444992,bbaaaa,3270,,Arbitrary,,,,,
444994,Paratrachichthys,443306,30c8f2,3270,270270,Genus,Paratrachichthys,accepted,270270,Paratrachichthys,Genus
444995,Paratrachichthys trailli,444994,30c8f2,3270,282122,Species,Paratrachichthys trailli,accepted,282122,Paratrachichthys trailli,Species
444996,Common roughy,444995,bbaaaa,3270,,Arbitrary,,,,,
444997,Uranoscopoidei,443155,30c8f2,3270,1617139,Suborder,Uranoscopoidei,accepted,1617139,Uranoscopoidei,Suborder
444998,Pinguipedidae,444997,30c8f2,3270,151413,Family,Pinguipedidae,accepted,151413,Pinguipedidae,Family
444999,Parapercis,444998,30c8f2,3270,204083,Genus,Parapercis,accepted,204083,Parapercis,Genus
445000,Parapercis gilliesii,444999,30c8f2,3270,276997,Species,Parapercis gilliesii,accepted,276997,Parapercis gilliesii,Species
445001,Yellow weaver,445000,bbaaaa,3270,,Arbitrary,,,,,
445002,Callanthiidae,444985,2fc6ef,3270,125521,Family,Callanthiidae,accepted,125521,Callanthiidae,Family
445003,Callanthias,445002,2fc4ed,3270,125929,Genus,Callanthias,accepted,125929,Callanthias,Genus
445004,Callanthias australis,445003,0bd6e5,3270,273152,Species,Callanthias australis,accepted,273152,Callanthias australis,Species
445005,Splendid perch,445004,bbaaaa,3270,,Arbitrary,,,,,
445006,Congridae,443324,30c8f2,3270,125427,Family,Congridae,accepted,125427,Congridae,Family
445007,Congrinae,445006,30c8f2,3270,151822,Subfamily,Congrinae,accepted,151822,Congrinae,Subfamily
445008,Gnathophis,445007,30c8f2,3270,125625,Genus,Gnathophis,accepted,125625,Gnathophis,Genus
445009,Gnathophis longicauda,445008,30c8f2,3270,271760,Species,Gnathophis longicauda,accepted,271760,Gnathophis longicauda,Species
445010,Silver Conger Eel,445009,bbaaaa,3270,,Arbitrary,,,,,
445013,Anemone uni 02 (BOI),443264,bbaaaa,3270,,Arbitrary,,,,,
445014,Odontophora,443437,2ee693,3270,510604,Superfamily,Odontophora,accepted,510604,Odontophora,Superfamily
445015,Echinometridae,445014,2ee693,3270,179653,Family,Echinometridae,accepted,179653,Echinometridae,Family
445016,Evechinus,445015,2ee693,3270,411392,Genus,Evechinus,accepted,411392,Evechinus,Genus
445017,Evechinus chloroticus,445016,2ee693,3270,414225,Species,Evechinus chloroticus,accepted,414225,Evechinus chloroticus,Species
445018,Crellidae,443742,ba66ff,3270,131652,Family,Crellidae,accepted,131652,Crellidae,Family
445019,Crella,445018,ba66ff,3270,131936,Genus,Crella,accepted,131936,Crella,Genus
445020,Crella incrustans,445019,ba66ff,3270,169032,Species,Crella incrustans,accepted,169032,Crella incrustans,Species
445021,Crella incrustans?,445020,ba66ff,3270,,Arbitrary,,,,,
445022,Poirieria,443622,f2d649,3270,138203,Genus,Poirieria,accepted,138203,Poirieria,Genus
445023,Poirieria sp. (MUREX),445022,f2d649,3270,,Arbitrary,,,,,
445024,Dictyotophycidae,444649,7cd5b4,3270,1304855,Subclass,Dictyotophycidae,accepted,1304855,Dictyotophycidae,Subclass
445025,Dictyotales,445024,7cd5b4,3270,839,Order,Dictyotales,accepted,839,Dictyotales,Order
445026,Dictyotaceae,445025,7cd5b4,3270,143716,Family,Dictyotaceae,accepted,143716,Dictyotaceae,Family
445027,Zonarieae,445026,7cd5b4,3270,163008,Tribe,Zonarieae,accepted,163008,Zonarieae,Tribe
445028,Zonaria,445027,7cd5b4,3270,144093,Genus,Zonaria,accepted,144093,Zonaria,Genus
445029,Zonaria sp.,445028,7cd5b4,3270,,Arbitrary,,,,,
445030,Diadematacea,443429,2ee693,3270,152528,Superorder,Diadematacea,accepted,152528,Diadematacea,Superorder
445031,Diadematoida,445030,2ee693,3270,510522,Order,Diadematoida,accepted,510522,Diadematoida,Order
445032,Diadematidae,445031,2ee693,3270,123163,Family,Diadematidae,accepted,123163,Diadematidae,Family
445033,Centrostephanus,445032,2ee693,3270,123394,Genus,Centrostephanus,accepted,123394,Centrostephanus,Genus
445034,Centrostephanus rodgersii,445033,2ee693,3270,414212,Species,Centrostephanus rodgersii,accepted,414212,Centrostephanus rodgersii,Species
445035,Ectocarpales,444650,7cd5b4,3270,842,Order,Ectocarpales,accepted,842,Ectocarpales,Order
445036,Scytosiphonaceae,445035,7cd5b4,3270,143777,Family,Scytosiphonaceae,accepted,143777,Scytosiphonaceae,Family
445037,Hydroclathreae,445036,7cd5b4,3270,1652948,Tribe,Hydroclathreae,accepted,1652948,Hydroclathreae,Tribe
445038,Colpomenia,445037,7cd5b4,3270,144253,Genus,Colpomenia,accepted,144253,Colpomenia,Genus
445039,Colpomenia sp.?,445038,7cd5b4,3270,,Arbitrary,,,,,
445040,Algae (brown) UNI 01 (BOI),444678,bbaaaa,3270,,Arbitrary,,,,,
445041,Algae (green) UNI 01 (BOI),444678,bbaaaa,3270,,Arbitrary,,,,,
445042,Phaliinae,443644,f2d649,3270,224997,Subfamily,Phaliinae,accepted,224997,Phaliinae,Subfamily
445043,Semicassis,445042,f2d649,3270,415969,Genus,Semicassis,accepted,415969,Semicassis,Genus
445044,Semicassis sp.,445043,f2d649,3270,,Arbitrary,,,,,
445045,Aaptos,443763,ba66ff,3270,132064,Genus,Aaptos,accepted,132064,Aaptos,Genus
445046,Aaptos globosum,445045,ff6666,3270,1593128,Species,Aaptos globosum,unaccepted,170736,Aaptos globosa,Species
445047,Yellow patch,443114,f26f55,3270,,Arbitrary,,,,,
445048,Lava,443115,f26f55,3270,,Arbitrary,,,,,
445049,Smoker,443115,f26f55,3270,,Arbitrary,,,,,
445050,Zoarcid eel,444136,bbaaaa,3270,,Arbitrary,,,,,
445051,Mussel shell,443116,f26f55,3270,,Arbitrary,,,,,
445052,Chimney,443115,f26f55,3270,,Arbitrary,,,,,
445053,Mytilida,443687,f2d649,3270,210,Order,Mytilida,accepted,210,Mytilida,Order
445054,Mytiloidea,445053,f2d649,3270,491766,Superfamily,Mytiloidea,accepted,491766,Mytiloidea,Superfamily
445055,Modiolidae,445054,f2d649,3270,866318,Family,Modiolidae,accepted,866318,Modiolidae,Family
445056,Bathymodiolinae,445055,f2d649,3270,510719,Subfamily,Bathymodiolinae,accepted,510719,Bathymodiolinae,Subfamily
445057,Bathymodiolus,445056,f2d649,3270,138214,Genus,Bathymodiolus,accepted,138214,Bathymodiolus,Genus
445058,Vent mussel,445057,bbaaaa,3270,,Arbitrary,,,,,
445059,Clam shell,443116,f26f55,3270,,Arbitrary,,,,,
445060,Parantipathes,443850,c50707,3270,103306,Genus,Parantipathes,accepted,103306,Parantipathes,Genus
445061,Cladopathidae,443501,c50707,3270,266961,Family,Cladopathidae,accepted,266961,Cladopathidae,Family
445062,Cladopathinae,445061,c50707,3270,723333,Subfamily,Cladopathinae,accepted,723333,Cladopathinae,Subfamily
445063,Trissopathes,445062,c50707,3270,267926,Genus,Trissopathes,accepted,267926,Trissopathes,Genus
445064,Portunoidea,443508,f230b8,3270,106702,Superfamily,Portunoidea,accepted,106702,Portunoidea,Superfamily
445065,Ovalipidae,445064,f230b8,3270,877516,Family,Ovalipidae,accepted,877516,Ovalipidae,Family
445066,Ovalipes,445065,f230b8,3270,158433,Genus,Ovalipes,accepted,158433,Ovalipes,Genus
445067,Ovalipes catharus,445066,f230b8,3270,442757,Species,Ovalipes catharus,accepted,442757,Ovalipes catharus,Species
445068,Paddle crab,445067,bbaaaa,3270,,Arbitrary,,,,,
445069,Todarodinae,444965,f2d649,3270,325303,Subfamily,Todarodinae,accepted,325303,Todarodinae,Subfamily
445070,Nototodarus,445069,f2d649,3270,341450,Genus,Nototodarus,accepted,341450,Nototodarus,Genus
445071,Nototodarus gouldi,445070,f2d649,3270,342375,Species,Nototodarus gouldi,accepted,342375,Nototodarus gouldi,Species
445072,NZ Northern Arrow squid,445071,bbaaaa,3270,,Arbitrary,,,,,
445073,Myopsida,443322,f2d649,3270,11728,Order,Myopsida,accepted,11728,Myopsida,Order
445074,Loliginidae,445073,f2d649,3270,11734,Family,Loliginidae,accepted,11734,Loliginidae,Family
445075,Sepioteuthis,445074,f2d649,3270,204951,Genus,Sepioteuthis,accepted,204951,Sepioteuthis,Genus
445076,Sepioteuthis australis,445075,f2d649,3270,342239,Species,Sepioteuthis australis,accepted,342239,Sepioteuthis australis,Species
445077,Broad squid,445076,bbaaaa,3270,,Arbitrary,,,,,
445078,Selachii,443317,30c8f2,3270,368408,Infraclass,Selachii,accepted,368408,Selachii,Infraclass
445079,Squalomorphi,445078,30c8f2,3270,368412,Superorder,Squalomorphi,accepted,368412,Squalomorphi,Superorder
445080,Squaliformes,445079,30c8f2,3270,10211,Order,Squaliformes,accepted,10211,Squaliformes,Order
445081,Squalidae,445080,30c8f2,3270,105716,Family,Squalidae,accepted,105716,Squalidae,Family
445082,Squalus,445081,30c8f2,3270,105782,Genus,Squalus,accepted,105782,Squalus,Genus
445083,Squalus acanthias,445082,30c8f2,3270,105923,Species,Squalus acanthias,accepted,105923,Squalus acanthias,Species
445084,Spiny dogfish,445083,bbaaaa,3270,,Arbitrary,,,,,
445085,Galeomorphi,445078,30c8f2,3270,368410,Superorder,Galeomorphi,accepted,368410,Galeomorphi,Superorder
445086,Carcharhiniformes,445085,30c8f2,3270,10210,Order,Carcharhiniformes,accepted,10210,Carcharhiniformes,Order
445087,Scyliorhinidae,445086,30c8f2,3270,105693,Family,Scyliorhinidae,accepted,105693,Scyliorhinidae,Family
445088,Cephaloscyllium,445087,30c8f2,3270,204168,Genus,Cephaloscyllium,accepted,204168,Cephaloscyllium,Genus
445090,Cephaloscyllium isabella,445088,30c8f2,3270,298238,Species,Cephaloscyllium isabella,accepted,298238,Cephaloscyllium isabella,Species
445091,Carpet shark,445090,bbaaaa,3270,,Arbitrary,,,,,
445092,Myliobatiformes,443320,26a8ff,3270,196069,Order,Myliobatiformes,accepted,196069,Myliobatiformes,Order
445093,stingray,445092,bbaaaa,3270,,Arbitrary,,,,,
445094,Myliobatidae,445092,30c8f2,3270,105710,Family,Myliobatidae,accepted,105710,Myliobatidae,Family
445095,Myliobatis,445094,30c8f2,3270,105757,Genus,Myliobatis,accepted,105757,Myliobatis,Genus
445096,Myliobatis tenuicaudatus,445095,30c8f2,3270,271491,Species,Myliobatis tenuicaudatus,accepted,271491,Myliobatis tenuicaudatus,Species
445097,Eagle ray,445096,bbaaaa,3270,,Arbitrary,,,,,
445098,Flat fish,443884,bbaaaa,3270,,Arbitrary,,,,,
445099,Poraniidae,443357,2ee693,3270,123138,Family,Poraniidae,accepted,123138,Poraniidae,Family
445100,Glabraster,445099,2ee693,3270,146083,Genus,Glabraster,accepted,146083,Glabraster,Genus
445101,Glabraster antarctica,445100,2ee693,3270,178005,Species,Glabraster antarctica,accepted,178005,Glabraster antarctica,Species
445102,Porania antarctica glabra,445101,e62d2d,3270,,Arbitrary,,,,,
445103,Sparidae,444985,30c8f2,3270,125564,Family,Sparidae,accepted,125564,Sparidae,Family
445104,Pagrus,445103,30c8f2,3270,126080,Genus,Pagrus,accepted,126080,Pagrus,Genus
445105,Pagrus auratus,445104,30c8f2,3270,398546,Species,Pagrus auratus,accepted,398546,Pagrus auratus,Species
445106,Snapper,445105,bbaaaa,3270,,Arbitrary,,,,,
445107,Centrarchiformes,443154,30c8f2,3270,1517557,Order,Centrarchiformes,accepted,1517557,Centrarchiformes,Order
445108,Cheilodactylidae,445107,30c8f2,3270,151477,Family,Cheilodactylidae,accepted,151477,Cheilodactylidae,Family
445109,Nemadactylus,445108,30c8f2,3270,269974,Genus,Nemadactylus,accepted,269974,Nemadactylus,Genus
445110,Nemadactylus macropterus,445109,30c8f2,3270,281653,Species,Nemadactylus macropterus,accepted,281653,Nemadactylus macropterus,Species
445111,Tarakihi,445110,bbaaaa,3270,,Arbitrary,,,,,
445112,Chirodactylus,445108,30c8f2,3270,205874,Genus,Chirodactylus,accepted,205874,Chirodactylus,Genus
445113,Chirodactylus spectabilis,445112,30c8f2,3270,311551,Species,Chirodactylus spectabilis,accepted,311551,Chirodactylus spectabilis,Species
445114,Red moki,445113,bbaaaa,3270,,Arbitrary,,,,,
445115,Carangiformes,443154,30c8f2,3270,1517532,Order,Carangiformes,accepted,1517532,Carangiformes,Order
445116,Carangidae,445115,30c8f2,3270,125523,Family,Carangidae,accepted,125523,Carangidae,Family
445117,Pseudocaranx,445116,30c8f2,3270,125941,Genus,Pseudocaranx,accepted,125941,Pseudocaranx,Genus
445118,Pseudocaranx dentex,445117,30c8f2,3270,126812,Species,Pseudocaranx dentex,accepted,126812,Pseudocaranx dentex,Species
445119,Trevally,445118,bbaaaa,3270,,Arbitrary,,,,,
445120,Trachurus,445116,30c8f2,3270,125946,Genus,Trachurus,accepted,125946,Trachurus,Genus
445121,Jack mackerel sp.,445120,bbaaaa,3270,,Arbitrary,,,,,
445122,Labridae,444985,30c8f2,3270,125541,Family,Labridae,accepted,125541,Labridae,Family
445123,Notolabrus,445122,30c8f2,3270,270049,Genus,Notolabrus,accepted,270049,Notolabrus,Genus
445124,Notolabrus celidotus,445123,30c8f2,3270,281786,Species,Notolabrus celidotus,accepted,281786,Notolabrus celidotus,Species
445125,Spotty,445124,bbaaaa,3270,,Arbitrary,,,,,
445126,Oligoplites,445116,30c8f2,3270,159642,Genus,Oligoplites,accepted,159642,Oligoplites,Genus
445127,Oligoplites saurus,445126,30c8f2,3270,159645,Species,Oligoplites saurus,accepted,159645,Oligoplites saurus,Species
445128,Leatherjacket,445127,bbaaaa,3270,,Arbitrary,,,,,
445129,Acropomatiformes,443154,30c8f2,3270,1517567,Order,Acropomatiformes,accepted,1517567,Acropomatiformes,Order
445130,Hemerocoetidae,445129,30c8f2,3270,1517569,Family,Hemerocoetidae,accepted,1517569,Hemerocoetidae,Family
445131,Hemerocoetes,445130,30c8f2,3270,269330,Genus,Hemerocoetes,accepted,269330,Hemerocoetes,Genus
445132,Hemerocoetes monopterygius,445131,30c8f2,3270,281005,Species,Hemerocoetes monopterygius,accepted,281005,Hemerocoetes monopterygius,Species
445133,Opalfish,445132,bbaaaa,3270,,Arbitrary,,,,,
445134,Ovalentaria incertae sedis,443154,30c8f2,3270,1517546,Order,Ovalentaria incertae sedis,temporary name,1517546,Ovalentaria incertae sedis,Order
445135,Pomacentridae,445134,30c8f2,3270,125553,Family,Pomacentridae,accepted,125553,Pomacentridae,Family
445136,Chromis,445135,30c8f2,3270,126045,Genus,Chromis,accepted,126045,Chromis,Genus
445137,Chromis dispila,445136,30c8f2,3270,1577314,Species,Chromis dispila,accepted,1577314,Chromis dispila,Species
445138,Demoiselle,445137,bbaaaa,3270,,Arbitrary,,,,,
445139,Agnatha,443149,30c8f2,3270,1829,Infraphylum,Agnatha,accepted,1829,Agnatha,Infraphylum
445140,Cyclostomi,445139,30c8f2,3270,1517371,Superclass,Cyclostomi,accepted,1517371,Cyclostomi,Superclass
445141,Myxini,445140,30c8f2,3270,10189,Class,Myxini,accepted,10189,Myxini,Class
445142,Myxiniformes,445141,30c8f2,3270,10197,Order,Myxiniformes,accepted,10197,Myxiniformes,Order
445143,Myxinidae,445142,30c8f2,3270,101162,Family,Myxinidae,accepted,101162,Myxinidae,Family
445144,Eptatretinae,445143,30c8f2,3270,148722,Subfamily,Eptatretinae,accepted,148722,Eptatretinae,Subfamily
445145,Eptatretus,445144,30c8f2,3270,206895,Genus,Eptatretus,accepted,206895,Eptatretus,Genus
445146,Eptatretus cirrhatus,445145,30c8f2,3270,279276,Species,Eptatretus cirrhatus,accepted,279276,Eptatretus cirrhatus,Species
445147,Hagfish,445146,bbaaaa,3270,,Arbitrary,,,,,
445148,Muraenidae,443324,30c8f2,3270,125431,Family,Muraenidae,accepted,125431,Muraenidae,Family
445149,Muraenidae (Morays),445148,bbaaaa,3270,,Arbitrary,,,,,
445150,Muraeninae,445148,30c8f2,3270,151829,Subfamily,Muraeninae,accepted,151829,Muraeninae,Subfamily
445151,Enchelycore,445150,30c8f2,3270,125635,Genus,Enchelycore,accepted,125635,Enchelycore,Genus
445152,Enchelycore ramosa,445151,30c8f2,3270,271811,Species,Enchelycore ramosa,accepted,271811,Enchelycore ramosa,Species
445153,Mosaic moray,445152,bbaaaa,3270,,Arbitrary,,,,,
445154,Gymnothorax,445150,30c8f2,3270,125636,Genus,Gymnothorax,accepted,125636,Gymnothorax,Genus
445155,Gymnothorax nubilus,445154,30c8f2,3270,271862,Species,Gymnothorax nubilus,accepted,271862,Gymnothorax nubilus,Species
445156,Grey moray,445155,bbaaaa,3270,,Arbitrary,,,,,
445157,Gymnothorax obesus,445154,30c8f2,3270,271864,Species,Gymnothorax obesus,accepted,271864,Gymnothorax obesus,Species
445158,Speckled moray,445157,bbaaaa,3270,,Arbitrary,,,,,
445159,Specked moray,445158,e81111,3270,,Arbitrary,,,,,
445160,Gymnothorax prasinus,445154,30c8f2,3270,271873,Species,Gymnothorax prasinus,accepted,271873,Gymnothorax prasinus,Species
445161,Yellow moray,445160,bbaaaa,3270,,Arbitrary,,,,,
445162,Gymnothorax prionodon,445154,30c8f2,3270,271874,Species,Gymnothorax prionodon,accepted,271874,Gymnothorax prionodon,Species
445163,Mottled moray,445162,bbaaaa,3270,,Arbitrary,,,,,
445164,Notothenia angustata,444085,30c8f2,3270,279349,Species,Notothenia angustata,accepted,279349,Notothenia angustata,Species
445165,Maori chief,445164,bbaaaa,3270,,Arbitrary,,,,,
445166,Ophichthidae,443324,30c8f2,3270,125434,Family,Ophichthidae,accepted,125434,Ophichthidae,Family
445167,Snake eel,445166,bbaaaa,3270,,Arbitrary,,,,,
445168,Torpediniformes,443320,30c8f2,3270,10215,Order,Torpediniformes,accepted,10215,Torpediniformes,Order
445169,Electric ray,445168,bbaaaa,3270,,Arbitrary,,,,,
445170,Dipturus,444116,30c8f2,3270,105762,Genus,Dipturus,accepted,105762,Dipturus,Genus
445171,Dipturus innominatus,445170,30c8f2,3270,271549,Species,Dipturus innominatus,accepted,271549,Dipturus innominatus,Species
445172,Smooth skate,445171,bbaaaa,3270,,Arbitrary,,,,,
445173,Dipturus nasutus,445170,30c8f2,3270,271555,Species,Dipturus nasutus,accepted,271555,Dipturus nasutus,Species
445174,Rough skate,445173,bbaaaa,3270,,Arbitrary,,,,,
445175,Dasyatidae,445092,30c8f2,3270,105708,Family,Dasyatidae,accepted,105708,Dasyatidae,Family
445176,Bathytoshia,445175,30c8f2,3270,296132,Genus,Bathytoshia,accepted,296132,Bathytoshia,Genus
445177,Bathytoshia brevicaudata,445176,30c8f2,3270,316573,Species,Bathytoshia brevicaudata,accepted,316573,Bathytoshia brevicaudata,Species
445178,Shorttailed stingray,445177,bbaaaa,3270,,Arbitrary,,,,,
445179,Bathytoshia lata,445176,30c8f2,3270,1018707,Species,Bathytoshia lata,accepted,1018707,Bathytoshia lata,Species
445180,Longtailed stingray,445179,bbaaaa,3270,,Arbitrary,,,,,
445181,Holocephali,443303,30c8f2,3270,10196,Class,Holocephali,accepted,10196,Holocephali,Class
445182,Chimaeriformes,445181,30c8f2,3270,10217,Order,Chimaeriformes,accepted,10217,Chimaeriformes,Order
445183,Chimaeridae,445182,30c8f2,3270,105696,Family,Chimaeridae,accepted,105696,Chimaeridae,Family
445184,Hydrolagus,445183,30c8f2,3270,105734,Genus,Hydrolagus,accepted,105734,Hydrolagus,Genus
445185,Hydrolagus novaezealandiae,445184,30c8f2,3270,271415,Species,Hydrolagus novaezealandiae,accepted,271415,Hydrolagus novaezealandiae,Species
445186,Dark ghost shark,445185,bbaaaa,3270,,Arbitrary,,,,,
445187,Squalus griffini,445082,30c8f2,3270,299159,Species,Squalus griffini,accepted,299159,Squalus griffini,Species
445188,Northern spiny dogfish,445187,bbaaaa,3270,,Arbitrary,,,,,
445189,Triakidae,445086,30c8f2,3270,105695,Family,Triakidae,accepted,105695,Triakidae,Family
445190,Triakinae,445189,30c8f2,3270,267059,Subfamily,Triakinae,accepted,267059,Triakinae,Subfamily
445191,Mustelus,445190,30c8f2,3270,105732,Genus,Mustelus,accepted,105732,Mustelus,Genus
445192,Mustelus lenticulatus,445191,30c8f2,3270,271388,Species,Mustelus lenticulatus,accepted,271388,Mustelus lenticulatus,Species
445193,Rig,445192,bbaaaa,3270,,Arbitrary,,,,,
445194,Galeorhininae,445189,30c8f2,3270,267058,Subfamily,Galeorhininae,accepted,267058,Galeorhininae,Subfamily
445195,Galeorhinus,445194,30c8f2,3270,105731,Genus,Galeorhinus,accepted,105731,Galeorhinus,Genus
445196,Galeorhinus galeus,445195,30c8f2,3270,105820,Species,Galeorhinus galeus,accepted,105820,Galeorhinus galeus,Species
445197,School shark,445196,bbaaaa,3270,,Arbitrary,,,,,
445198,Bothidae,443884,30c8f2,3270,125576,Family,Bothidae,accepted,125576,Bothidae,Family
445199,Arnoglossus,445198,30c8f2,3270,126109,Genus,Arnoglossus,accepted,126109,Arnoglossus,Genus
445200,Arnoglossus scapha,445199,30c8f2,3270,274176,Species,Arnoglossus scapha,accepted,274176,Arnoglossus scapha,Species
445201,Witch,445200,bbaaaa,3270,,Arbitrary,,,,,
445202,Chironemidae,445107,30c8f2,3270,151478,Family,Chironemidae,accepted,151478,Chironemidae,Family
445203,Chironemus,445202,30c8f2,3270,268751,Genus,Chironemus,accepted,268751,Chironemus,Genus
445204,Chironemus marmoratus,445203,30c8f2,3270,280158,Species,Chironemus marmoratus,accepted,280158,Chironemus marmoratus,Species
445205,Hiwihiwi,445204,bbaaaa,3270,,Arbitrary,,,,,
445206,Aplodactylidae,445107,30c8f2,3270,151476,Family,Aplodactylidae,accepted,151476,Aplodactylidae,Family
445207,Aplodactylus,445206,30c8f2,3270,268355,Genus,Aplodactylus,accepted,268355,Aplodactylus,Genus
445208,Aplodactylus etheridgii,445207,30c8f2,3270,279657,Species,Aplodactylus etheridgii,accepted,279657,Aplodactylus etheridgii,Species
445209,Notchhead marblefish,445208,bbaaaa,3270,,Arbitrary,,,,,
445210,Marblefish sp + Hiwihiwi,445107,bbaaaa,3270,,Arbitrary,,,,,
445211,Argentinidae,443953,30c8f2,3270,125508,Family,Argentinidae,accepted,125508,Argentinidae,Family
445212,Argentina,445211,30c8f2,3270,125885,Genus,Argentina,accepted,125885,Argentina,Genus
445213,Argentina elongata,445212,30c8f2,3270,272894,Species,Argentina elongata,accepted,272894,Argentina elongata,Species
445214,Silverside,445213,bbaaaa,3270,,Arbitrary,,,,,
445215,Arripidae,443982,30c8f2,3270,151452,Family,Arripidae,accepted,151452,Arripidae,Family
445216,Arripis,445215,30c8f2,3270,268386,Genus,Arripis,accepted,268386,Arripis,Genus
445217,Arripis trutta,445216,30c8f2,3270,279693,Species,Arripis trutta,accepted,279693,Arripis trutta,Species
445218,Kahawai,445217,bbaaaa,3270,,Arbitrary,,,,,
445219,Berycidae,443958,30c8f2,3270,125456,Family,Berycidae,accepted,125456,Berycidae,Family
445220,Centroberyx,445219,30c8f2,3270,203981,Genus,Centroberyx,accepted,203981,Centroberyx,Genus
445221,Centroberyx affinis,445220,30c8f2,3270,276891,Species,Centroberyx affinis,accepted,276891,Centroberyx affinis,Species
445222,Golden snapper,445221,bbaaaa,3270,,Arbitrary,,,,,
445223,Bramidae,443982,30c8f2,3270,125520,Family,Bramidae,accepted,125520,Bramidae,Family
445224,Brama,445223,30c8f2,3270,125924,Genus,Brama,accepted,125924,Brama,Genus
445225,Brama australis,445224,30c8f2,3270,273146,Species,Brama australis,accepted,273146,Brama australis,Species
445226,Rays bream,445225,bbaaaa,3270,,Arbitrary,,,,,
445227,Northern splendid perch,445004,bbaaaa,3270,,Arbitrary,,,,,
445229,Decapterus,445116,30c8f2,3270,125937,Genus,Decapterus,accepted,125937,Decapterus,Genus
445230,Decapterus koheru,445229,30c8f2,3270,273277,Species,Decapterus koheru,accepted,273277,Decapterus koheru,Species
445231,Koheru,445230,bbaaaa,3270,,Arbitrary,,,,,
445232,Seriola,445116,30c8f2,3270,125944,Genus,Seriola,accepted,125944,Seriola,Genus
445233,Seriola lalandi,445232,30c8f2,3270,218436,Species,Seriola lalandi,accepted,218436,Seriola lalandi,Species
445234,Kingfish,445233,bbaaaa,3270,,Arbitrary,,,,,
445235,Trachurus declivis,445120,30c8f2,3270,273301,Species,Trachurus declivis,accepted,273301,Trachurus declivis,Species
445236,Jack mackerel declivis,445235,bbaaaa,3270,,Arbitrary,,,,,
445237,Trachurus novaezelandiae,445120,30c8f2,3270,273304,Species,Trachurus novaezelandiae,accepted,273304,Trachurus novaezelandiae,Species
445238,Jack mackerel novazelandeae,445237,bbaaaa,3270,,Arbitrary,,,,,
445239,Scombridae,443982,30c8f2,3270,125559,Family,Scombridae,accepted,125559,Scombridae,Family
445240,Scombrinae,445239,30c8f2,3270,267118,Subfamily,Scombrinae,accepted,267118,Scombrinae,Subfamily
445241,Scomber,445240,30c8f2,3270,126063,Genus,Scomber,accepted,126063,Scomber,Genus
445242,Scomber australasicus,445241,30c8f2,3270,219715,Species,Scomber australasicus,accepted,219715,Scomber australasicus,Species
445243,Blue mackerel,445242,bbaaaa,3270,,Arbitrary,,,,,
445244,Centrolophidae,443982,30c8f2,3270,125526,Family,Centrolophidae,accepted,125526,Centrolophidae,Family
445245,Seriolella,445244,30c8f2,3270,270873,Genus,Seriolella,accepted,270873,Seriolella,Genus
445246,Seriolella brama,445245,30c8f2,3270,282755,Species,Seriolella brama,accepted,282755,Seriolella brama,Species
445247,Blue warehou,445246,bbaaaa,3270,,Arbitrary,,,,,
445248,Acanthuriformes,443154,30c8f2,3270,1517548,Order,Acanthuriformes,accepted,1517548,Acanthuriformes,Order
445249,Chaetodontidae,445248,30c8f2,3270,125528,Family,Chaetodontidae,accepted,125528,Chaetodontidae,Family
445250,Amphichaetodon,445249,30c8f2,3270,268293,Genus,Amphichaetodon,accepted,268293,Amphichaetodon,Genus
445251,Amphichaetodon howensis,445250,30c8f2,3270,279588,Species,Amphichaetodon howensis,accepted,279588,Amphichaetodon howensis,Species
445252,Lord Howe Coralfish,445251,bbaaaa,3270,,Arbitrary,,,,,
445253,Nemadactylus douglasii,445109,30c8f2,3270,281651,Species,Nemadactylus douglasii,accepted,281651,Nemadactylus douglasii,Species
445254,Porae,445253,bbaaaa,3270,,Arbitrary,,,,,
445255,Clupeiformes,443154,30c8f2,3270,10297,Order,Clupeiformes,accepted,10297,Clupeiformes,Order
445256,Alosidae,445255,30c8f2,3270,1618558,Family,Alosidae,accepted,1618558,Alosidae,Family
445257,Sardinops,445256,30c8f2,3270,203974,Genus,Sardinops,accepted,203974,Sardinops,Genus
445258,Sardinops sagax,445257,30c8f2,3270,217452,Species,Sardinops sagax,accepted,217452,Sardinops sagax,Species
445259,Pilchard,445258,bbaaaa,3270,,Arbitrary,,,,,
445260,Bodianus,445122,30c8f2,3270,126017,Genus,Bodianus,accepted,126017,Bodianus,Genus
445261,Pigfish,445260,bbaaaa,3270,,Arbitrary,,,,,
445262,Conger,445007,30c8f2,3270,125624,Genus,Conger,accepted,125624,Conger,Genus
445263,Conger verreauxi,445262,30c8f2,3270,271750,Species,Conger verreauxi,accepted,271750,Conger verreauxi,Species
445264,Conger eel,445263,bbaaaa,3270,,Arbitrary,,,,,
445265,Tetraodontiformes,443154,30c8f2,3270,10332,Order,Tetraodontiformes,accepted,10332,Tetraodontiformes,Order
445266,Diodontidae,445265,30c8f2,3270,125608,Family,Diodontidae,accepted,125608,Diodontidae,Family
445267,Allomycterus,445266,30c8f2,3270,268264,Genus,Allomycterus,accepted,268264,Allomycterus,Genus
445268,Allomycterus pilatus,445267,30c8f2,3270,279562,Species,Allomycterus pilatus,accepted,279562,Allomycterus pilatus,Species
445269,Porcupine fish,445268,bbaaaa,3270,,Arbitrary,,,,,
445270,Emmelichthyidae,444985,30c8f2,3270,125534,Family,Emmelichthyidae,accepted,125534,Emmelichthyidae,Family
445271,Emmelichthys,445270,30c8f2,3270,206245,Genus,Emmelichthys,accepted,206245,Emmelichthys,Genus
445272,Emmelichthys nitidus,445271,30c8f2,3270,218465,Species,Emmelichthys nitidus,accepted,218465,Emmelichthys nitidus,Species
445273,Redbait,445272,bbaaaa,3270,,Arbitrary,,,,,
445274,Rexea,443987,3dcbf2,3270,203973,Genus,Rexea,accepted,203973,Rexea,Genus
445275,Rexea solandri,445274,3dcbf2,3270,276890,Species,Rexea solandri,accepted,276890,Rexea solandri,Species
445276,Gemfish,445275,bbaaaa,3270,,Arbitrary,,,,,
445277,Thyrsites,443987,30c8f2,3270,204166,Genus,Thyrsites,accepted,204166,Thyrsites,Genus
445278,Thyrsites atun,445277,30c8f2,3270,219697,Species,Thyrsites atun,accepted,219697,Thyrsites atun,Species
445279,Barracouta,445278,bbaaaa,3270,,Arbitrary,,,,,
445280,Kyphosidae,445107,30c8f2,3270,125540,Family,Kyphosidae,accepted,125540,Kyphosidae,Family
445281,Girellinae,445280,30c8f2,3270,151776,Subfamily,Girellinae,accepted,151776,Girellinae,Subfamily
445282,Girella,445281,30c8f2,3270,269217,Genus,Girella,accepted,269217,Girella,Genus
445283,Girella cyanea,445282,30c8f2,3270,280857,Species,Girella cyanea,accepted,280857,Girella cyanea,Species
445284,Bluefish,445283,bbaaaa,3270,,Arbitrary,,,,,
445293,Girella tricuspidata,445282,30c8f2,3270,280870,Species,Girella tricuspidata,accepted,280870,Girella tricuspidata,Species
445294,Parore,445293,bbaaaa,3270,,Arbitrary,,,,,
445295,Kyphosus,445280,30c8f2,3270,126015,Genus,Kyphosus,accepted,126015,Kyphosus,Genus
445296,Kyphosus sydneyanus,445295,30c8f2,3270,273525,Species,Kyphosus sydneyanus,accepted,273525,Kyphosus sydneyanus,Species
445297,Silver drummer,445296,bbaaaa,3270,,Arbitrary,,,,,
445298,Scorpididae,445107,30c8f2,3270,1517559,Family,Scorpididae,accepted,1517559,Scorpididae,Family
445299,Scorpis,445298,30c8f2,3270,270853,Genus,Scorpis,accepted,270853,Scorpis,Genus
445300,Scorpis lineolata,445299,30c8f2,3270,282731,Species,Scorpis lineolata,accepted,282731,Scorpis lineolata,Species
445301,Sweep,445300,bbaaaa,3270,,Arbitrary,,,,,
445302,Scorpis violacea,445299,30c8f2,3270,282732,Species,Scorpis violacea,accepted,282732,Scorpis violacea,Species
445303,Blue maomao,445302,bbaaaa,3270,,Arbitrary,,,,,
445304,Odacidae,444985,30c8f2,3270,151387,Family,Odacidae,accepted,151387,Odacidae,Family
445305,Odax,445304,30c8f2,3270,270066,Genus,Odax,accepted,270066,Odax,Genus
445306,Odax pullus,445305,30c8f2,3270,281815,Species,Odax pullus,accepted,281815,Odax pullus,Species
445307,Butterfish,445306,bbaaaa,3270,,Arbitrary,,,,,
445308,Labridae (wrasses),445122,bbaaaa,3270,,Arbitrary,,,,,
445309,Anampses,445122,30c8f2,3270,206790,Genus,Anampses,accepted,206790,Anampses,Genus
445310,Anampses elegans,445309,30c8f2,3270,279170,Species,Anampses elegans,accepted,279170,Anampses elegans,Species
445311,Elegant wrasse,445310,bbaaaa,3270,,Arbitrary,,,,,
445312,Bodianus unimaculatus,445260,30c8f2,3270,273545,Species,Bodianus unimaculatus,accepted,273545,Bodianus unimaculatus,Species
445313,Red pigfish (wrasse),445312,bbaaaa,3270,,Arbitrary,,,,,
445314,Coris,445122,30c8f2,3270,126019,Genus,Coris,accepted,126019,Coris,Genus
445315,Coris picta,445314,30c8f2,3270,273560,Species,Coris picta,accepted,273560,Coris picta,Species
445316,Combfish (wrasse),445315,bbaaaa,3270,,Arbitrary,,,,,
445317,Coris sandeyeri,445314,30c8f2,3270,273563,Species,Coris sandeyeri,accepted,273563,Coris sandeyeri,Species
445318,Sandagers wrasse,445317,bbaaaa,3270,,Arbitrary,,,,,
445319,Notolabrus fucicola,445123,30c8f2,3270,281788,Species,Notolabrus fucicola,accepted,281788,Notolabrus fucicola,Species
445320,Banded wrasse,445319,bbaaaa,3270,,Arbitrary,,,,,
445321,Notolabrus inscriptus,445123,30c8f2,3270,281790,Species,Notolabrus inscriptus,accepted,281790,Notolabrus inscriptus,Species
445322,Green wrasse,445321,bbaaaa,3270,,Arbitrary,,,,,
445323,Pseudolabrus,445122,30c8f2,3270,270593,Genus,Pseudolabrus,accepted,270593,Pseudolabrus,Genus
445324,Pseudolabrus luculentus,445323,30c8f2,3270,282438,Species,Pseudolabrus luculentus,accepted,282438,Pseudolabrus luculentus,Species
445325,Orange wrasse,445324,bbaaaa,3270,,Arbitrary,,,,,
445326,Pseudolabrus miles,445323,30c8f2,3270,282439,Species,Pseudolabrus miles,accepted,282439,Pseudolabrus miles,Species
445327,Scarlet wrasse,445326,bbaaaa,3270,,Arbitrary,,,,,
445328,Suezichthys,445122,30c8f2,3270,206258,Genus,Suezichthys,accepted,206258,Suezichthys,Genus
445329,Suezichthys arquatus,445328,30c8f2,3270,278736,Species,Suezichthys arquatus,accepted,278736,Suezichthys arquatus,Species
445330,Rainbowfish (wrasse),445329,bbaaaa,3270,,Arbitrary,,,,,
445331,Suezichthys aylingi,445328,30c8f2,3270,278737,Species,Suezichthys aylingi,accepted,278737,Suezichthys aylingi,Species
445332,Crimson cleanerfish (wrasse),445331,bbaaaa,3270,,Arbitrary,,,,,
445333,Halichoeres,445122,30c8f2,3270,158813,Genus,Halichoeres,accepted,158813,Halichoeres,Genus
445334,Halichoeres prosopeion,445333,30c8f2,3270,275791,Species,Halichoeres prosopeion,accepted,275791,Halichoeres prosopeion,Species
445335,Two-tone wrasse,445334,bbaaaa,3270,,Arbitrary,,,,,
445336,Thalassoma,445122,30c8f2,3270,126024,Genus,Thalassoma,accepted,126024,Thalassoma,Genus
445337,Thalassoma lunare,445336,30c8f2,3270,212209,Species,Thalassoma lunare,accepted,212209,Thalassoma lunare,Species
445338,Moon wrasse,445337,bbaaaa,3270,,Arbitrary,,,,,
445339,Latridae,445107,30c8f2,3270,151382,Family,Latridae,accepted,151382,Latridae,Family
445340,Morwong,445339,30c8f2,3270,1525792,Genus,Morwong,accepted,1525792,Morwong,Genus
445341,Morwong ephippium,445340,30c8f2,3270,1525793,Species,Morwong ephippium,accepted,1525793,Morwong ephippium,Species
445342,Painted moki,445341,bbaaaa,3270,,Arbitrary,,,,,
445343,Latridopsis,445339,30c8f2,3270,269613,Genus,Latridopsis,accepted,269613,Latridopsis,Genus
445344,Latridopsis forsteri,445343,30c8f2,3270,281278,Species,Latridopsis forsteri,accepted,281278,Latridopsis forsteri,Species
445345,Copper moki,445344,bbaaaa,3270,,Arbitrary,,,,,
445346,Latridopsis ciliaris,445343,30c8f2,3270,281277,Species,Latridopsis ciliaris,accepted,281277,Latridopsis ciliaris,Species
445347,Blue moki,445346,bbaaaa,3270,,Arbitrary,,,,,
445348,Leptoscopidae,445129,30c8f2,3270,151411,Family,Leptoscopidae,accepted,151411,Leptoscopidae,Family
445349,Crapatalus,445348,30c8f2,3270,268864,Genus,Crapatalus,accepted,268864,Crapatalus,Genus
445350,Crapatalus novaezelandiae,445349,30c8f2,3270,280413,Species,Crapatalus novaezelandiae,accepted,280413,Crapatalus novaezelandiae,Species
445351,Sand stargazer,445350,bbaaaa,3270,,Arbitrary,,,,,
445352,Leptoscopus,445348,30c8f2,3270,269667,Genus,Leptoscopus,accepted,269667,Leptoscopus,Genus
445353,Leptoscopus macropygus,445352,30c8f2,3270,281329,Species,Leptoscopus macropygus,accepted,281329,Leptoscopus macropygus,Species
445354,Estuarine stargazer,445353,bbaaaa,3270,,Arbitrary,,,,,
445355,Syngnathiformes,443154,30c8f2,3270,10327,Order,Syngnathiformes,accepted,10327,Syngnathiformes,Order
445356,Centriscidae,445355,30c8f2,3270,125605,Family,Centriscidae,accepted,125605,Centriscidae,Family
445357,Macroramphosinae,445356,30c8f2,3270,154403,Subfamily,Macroramphosinae,accepted,154403,Macroramphosinae,Subfamily
445358,Macroramphosus,445357,30c8f2,3270,126222,Genus,Macroramphosus,accepted,126222,Macroramphosus,Genus
445360,Coelorinchus,444018,30c8f2,3270,268809,Genus,Coelorinchus,accepted,268809,Coelorinchus,Genus
445361,Coelorinchus bollonsi,445360,30c8f2,3270,280256,Species,Coelorinchus bollonsi,accepted,280256,Coelorinchus bollonsi,Species
445362,Bollons rattail,445361,bbaaaa,3270,,Arbitrary,,,,,
445363,Lepidorhynchus,444018,30c8f2,3270,269640,Genus,Lepidorhynchus,accepted,269640,Lepidorhynchus,Genus
445364,Lepidorhynchus denticulatus,445363,30c8f2,3270,281308,Species,Lepidorhynchus denticulatus,accepted,281308,Lepidorhynchus denticulatus,Species
445365,Javelin fish,445364,bbaaaa,3270,,Arbitrary,,,,,
445366,Merlucciidae,443313,30c8f2,3270,125473,Family,Merlucciidae,accepted,125473,Merlucciidae,Family
445367,Merlucciinae,445366,30c8f2,3270,154235,Subfamily,Merlucciinae,accepted,154235,Merlucciinae,Subfamily
445368,Macruronus,445367,30c8f2,3270,125761,Genus,Macruronus,accepted,125761,Macruronus,Genus
445369,Macruronus novaezelandiae,445368,30c8f2,3270,272450,Species,Macruronus novaezelandiae,accepted,272450,Macruronus novaezelandiae,Species
445370,Hoki,445369,bbaaaa,3270,,Arbitrary,,,,,
445371,Microcanthinae,445280,30c8f2,3270,151781,Subfamily,Microcanthinae,accepted,151781,Microcanthinae,Subfamily
445372,Atypichthys,445371,30c8f2,3270,268444,Genus,Atypichthys,accepted,268444,Atypichthys,Genus
445373,Atypichthys latus,445372,30c8f2,3270,279826,Species,Atypichthys latus,accepted,279826,Atypichthys latus,Species
445374,Mado,445373,bbaaaa,3270,,Arbitrary,,,,,
445375,Lotella,444033,30c8f2,3270,269736,Genus,Lotella,accepted,269736,Lotella,Genus
445376,Lotella rhacina,445375,30c8f2,3270,281403,Species,Lotella rhacina,accepted,281403,Lotella rhacina,Species
445377,Rock cod,445376,bbaaaa,3270,,Arbitrary,,,,,
445378,Pseudophycis,444033,30c8f2,3270,270609,Genus,Pseudophycis,accepted,270609,Pseudophycis,Genus
445379,Pseudophycis bachus,445378,30c8f2,3270,282468,Species,Pseudophycis bachus,accepted,282468,Pseudophycis bachus,Species
445380,Red cod,445379,bbaaaa,3270,,Arbitrary,,,,,
445381,Pseudophycis breviuscula,445378,30c8f2,3270,282470,Species,Pseudophycis breviuscula,accepted,282470,Pseudophycis breviuscula,Species
445382,Northern bastard red cod,445381,bbaaaa,3270,,Arbitrary,,,,,
445383,Mugiliformes,443154,30c8f2,3270,397228,Order,Mugiliformes,accepted,397228,Mugiliformes,Order
445384,Mugilidae,445383,30c8f2,3270,125546,Family,Mugilidae,accepted,125546,Mugilidae,Family
445385,Aldrichetta,445384,30c8f2,3270,268250,Genus,Aldrichetta,accepted,268250,Aldrichetta,Genus
445386,Aldrichetta forsteri,445385,30c8f2,3270,279546,Species,Aldrichetta forsteri,accepted,279546,Aldrichetta forsteri,Species
445387,Yellow-eyed mullet,445386,bbaaaa,3270,,Arbitrary,,,,,
445388,Mulliformes,443154,30c8f2,3270,1517498,Order,Mulliformes,accepted,1517498,Mulliformes,Order
445389,Mullidae,445388,30c8f2,3270,125547,Family,Mullidae,accepted,125547,Mullidae,Family
445390,Parupeneus,445389,30c8f2,3270,204915,Genus,Parupeneus,accepted,204915,Parupeneus,Genus
445391,Parupeneus spilurus,445390,30c8f2,3270,277825,Species,Parupeneus spilurus,accepted,277825,Parupeneus spilurus,Species
445392,Black-spot goatfish,445391,bbaaaa,3270,,Arbitrary,,,,,
445393,Upeneichthys,445389,30c8f2,3270,271192,Genus,Upeneichthys,accepted,271192,Upeneichthys,Genus
445394,Upeneichthys lineatus,445393,30c8f2,3270,283081,Species,Upeneichthys lineatus,accepted,283081,Upeneichthys lineatus,Species
445395,Goatfish (Red mullet),445394,bbaaaa,3270,,Arbitrary,,,,,
445396,Red mullet,445394,bbaaaa,3270,,Arbitrary,,,,,
445397,Ophidiiformes,443154,30c8f2,3270,10314,Order,Ophidiiformes,accepted,10314,Ophidiiformes,Order
445398,Ophidiidae,445397,30c8f2,3270,125505,Family,Ophidiidae,accepted,125505,Ophidiidae,Family
445399,Ophidiinae,445398,30c8f2,3270,154739,Subfamily,Ophidiinae,accepted,154739,Ophidiinae,Subfamily
445400,Genypterus,445399,30c8f2,3270,206206,Genus,Genypterus,accepted,206206,Genypterus,Genus
445401,Genypterus blacodes,445400,30c8f2,3270,278702,Species,Genypterus blacodes,accepted,278702,Genypterus blacodes,Species
445402,Ling,445401,bbaaaa,3270,,Arbitrary,,,,,
445403,Pempheridae,445129,30c8f2,3270,151460,Family,Pempheridae,accepted,151460,Pempheridae,Family
445404,Pempheris,445403,30c8f2,3270,204125,Genus,Pempheris,accepted,204125,Pempheris,Genus
445405,Pempheris adspersa,445404,30c8f2,3270,277055,Species,Pempheris adspersa,accepted,277055,Pempheris adspersa,Species
445406,Bigeye,445405,bbaaaa,3270,,Arbitrary,,,,,
445407,Pentacerotidae,445129,30c8f2,3270,151472,Family,Pentacerotidae,accepted,151472,Pentacerotidae,Family
445408,Histiopterinae,445407,30c8f2,3270,826605,Subfamily,Histiopterinae,accepted,826605,Histiopterinae,Subfamily
445409,Evistias,445408,30c8f2,3270,269144,Genus,Evistias,accepted,269144,Evistias,Genus
445410,Evistias acutirostris,445409,30c8f2,3270,280765,Species,Evistias acutirostris,accepted,280765,Evistias acutirostris,Species
445411,Striped boarfish,445410,bbaaaa,3270,,Arbitrary,,,,,
445412,Paristiopterus,445408,30c8f2,3270,270297,Genus,Paristiopterus,accepted,270297,Paristiopterus,Genus
445413,Paristiopterus labiosus,445412,30c8f2,3270,282150,Species,Paristiopterus labiosus,accepted,282150,Paristiopterus labiosus,Species
445414,Giant boarfish/ Sowfish,445413,bbaaaa,3270,,Arbitrary,,,,,
445415,Paristiopterus gallipavo,445412,30c8f2,3270,282149,Species,Paristiopterus gallipavo,accepted,282149,Paristiopterus gallipavo,Species
445416,Yellow boarfish,445415,bbaaaa,3270,,Arbitrary,,,,,
445417,Pentacerotinae,445407,30c8f2,3270,826606,Subfamily,Pentacerotinae,accepted,826606,Pentacerotinae,Subfamily
445418,Pentaceros,445417,30c8f2,3270,206879,Genus,Pentaceros,accepted,206879,Pentaceros,Genus
445419,Pentaceros richardsoni,445418,30c8f2,3270,313240,Species,Pentaceros richardsoni,accepted,313240,Pentaceros richardsoni,Species
445420,Southern boarfish,445419,bbaaaa,3270,,Arbitrary,,,,,
445421,Zanclistius,445408,30c8f2,3270,271273,Genus,Zanclistius,accepted,271273,Zanclistius,Genus
445422,Zanclistius elevatus,445421,30c8f2,3270,283207,Species,Zanclistius elevatus,accepted,283207,Zanclistius elevatus,Species
445423,Longfinned boarfish,445422,bbaaaa,3270,,Arbitrary,,,,,
445424,Parapercis colias,444999,30c8f2,3270,276989,Species,Parapercis colias,accepted,276989,Parapercis colias,Species
445425,Blue cod,445424,bbaaaa,3270,,Arbitrary,,,,,
445426,Pleuronectidae,443884,30c8f2,3270,125579,Family,Pleuronectidae,accepted,125579,Pleuronectidae,Family
445427,Rhombosoleinae,445426,30c8f2,3270,154757,Subfamily,Rhombosoleinae,accepted,154757,Rhombosoleinae,Subfamily
445428,Colistium,445427,30c8f2,3270,268811,Genus,Colistium,accepted,268811,Colistium,Genus
445429,Colistium nudipinnis,445428,30c8f2,3270,280359,Species,Colistium nudipinnis,accepted,280359,Colistium nudipinnis,Species
445430,Turbot,445429,bbaaaa,3270,,Arbitrary,,,,,
445431,Pelotretis,445427,30c8f2,3270,270323,Genus,Pelotretis,accepted,270323,Pelotretis,Genus
445432,Pelotretis flavilatus,445431,30c8f2,3270,282188,Species,Pelotretis flavilatus,accepted,282188,Pelotretis flavilatus,Species
445433,Lemon sole,445432,bbaaaa,3270,,Arbitrary,,,,,
445434,Peltorhamphus,445427,30c8f2,3270,270326,Genus,Peltorhamphus,accepted,270326,Peltorhamphus,Genus
445435,Peltorhamphus novaezeelandiae,445434,30c8f2,3270,282191,Species,Peltorhamphus novaezeelandiae,accepted,282191,Peltorhamphus novaezeelandiae,Species
445436,English sole,445435,bbaaaa,3270,,Arbitrary,,,,,
445437,Rhombosolea,445427,61c2f2,3270,270749,Genus,Rhombosolea,accepted,270749,Rhombosolea,Genus
445438,Rhombosolea leporina,445437,61c2f2,3270,282600,Species,Rhombosolea leporina,accepted,282600,Rhombosolea leporina,Species
445439,Yellow-belly flounder,445438,bbaaaa,3270,,Arbitrary,,,,,
445440,Rhombosolea plebeia,445437,30c8f2,3270,282601,Species,Rhombosolea plebeia,accepted,282601,Rhombosolea plebeia,Species
445441,Sand flounder,445440,bbaaaa,3270,,Arbitrary,,,,,
445442,Two spot Demoiselle,445137,bbaaaa,3270,,Arbitrary,,,,,
445443,Chromis fumea,445136,30c8f2,3270,273728,Species,Chromis fumea,accepted,273728,Chromis fumea,Species
445444,Yellow demoiselle,445443,bbaaaa,3270,,Arbitrary,,,,,
445445,Chromis hypsilepis,445136,30c8f2,3270,273730,Species,Chromis hypsilepis,accepted,273730,Chromis hypsilepis,Species
445446,Single-spot demoiselle,445445,bbaaaa,3270,,Arbitrary,,,,,
445447,Parma,445135,30c8f2,3270,270300,Genus,Parma,accepted,270300,Parma,Genus
445448,Parma alboscapularis,445447,30c8f2,3270,282152,Species,Parma alboscapularis,accepted,282152,Parma alboscapularis,Species
445449,Black angelfish,445448,bbaaaa,3270,,Arbitrary,,,,,
445450,Sebastidae,444971,30c8f2,3270,125596,Family,Sebastidae,accepted,125596,Sebastidae,Family
445451,Sebastinae,445450,30c8f2,3270,154407,Subfamily,Sebastinae,accepted,154407,Sebastinae,Subfamily
445452,Helicolenus,445451,30c8f2,3270,126174,Genus,Helicolenus,accepted,126174,Helicolenus,Genus
445453,Sea perch,445452,bbaaaa,3270,,Arbitrary,,,,,
445454,Scorpaenidae,444971,30c8f2,3270,125595,Family,Scorpaenidae,accepted,125595,Scorpaenidae,Family
445455,Scorpaeninae,445454,30c8f2,3270,154409,Subfamily,Scorpaeninae,accepted,154409,Scorpaeninae,Subfamily
445456,Scorpaena,445455,30c8f2,3270,126171,Genus,Scorpaena,accepted,126171,Scorpaena,Genus
445457,Scorpaena cardinalis,445456,30c8f2,3270,274702,Species,Scorpaena cardinalis,accepted,274702,Scorpaena cardinalis,Species
445458,Northern scorpionfish,445457,bbaaaa,3270,,Arbitrary,,,,,
445459,Scorpaena papillosa,445456,30c8f2,3270,274731,Species,Scorpaena papillosa,accepted,274731,Scorpaena papillosa,Species
445460,Dwarf scorpionfish,445459,bbaaaa,3270,,Arbitrary,,,,,
445461,Bathystethus,445298,30c8f2,3270,268511,Genus,Bathystethus,accepted,268511,Bathystethus,Genus
445462,Bathystethus cultratus,445461,30c8f2,3270,279876,Species,Bathystethus cultratus,accepted,279876,Bathystethus cultratus,Species
445463,Grey knifefish,445462,bbaaaa,3270,,Arbitrary,,,,,
445464,Labracoglossa,445298,30e9f2,3270,269589,Genus,Labracoglossa,accepted,269589,Labracoglossa,Genus
445465,Labracoglossa nitida,445464,30e9f2,3270,281246,Species,Labracoglossa nitida,accepted,281246,Labracoglossa nitida,Species
445466,Blue knifefish,445465,bbaaaa,3270,,Arbitrary,,,,,
445467,Acanthistius,444977,30c8f2,3270,206247,Genus,Acanthistius,accepted,206247,Acanthistius,Genus
445468,Acanthistius cinctus,445467,30c8f2,3270,278721,Species,Acanthistius cinctus,accepted,278721,Acanthistius cinctus,Species
445469,Yellow-banded perch,445468,bbaaaa,3270,,Arbitrary,,,,,
445470,Hypoplectrodes,444977,30c8f2,3270,269455,Genus,Hypoplectrodes,accepted,269455,Hypoplectrodes,Genus
445471,Hypoplectrodes huntii,445470,30c8f2,3270,281106,Species,Hypoplectrodes huntii,accepted,281106,Hypoplectrodes huntii,Species
445472,Red-banded perch,445471,bbaaaa,3270,,Arbitrary,,,,,
445473,Hypoplectrodes maccullochi,445470,30c8f2,3270,281108,Species,Hypoplectrodes maccullochi,accepted,281108,Hypoplectrodes maccullochi,Species
445474,Half-banded perch,445473,bbaaaa,3270,,Arbitrary,,,,,
445475,Caesioperca,444977,30c8f2,3270,268627,Genus,Caesioperca,accepted,268627,Caesioperca,Genus
445476,Caesioperca lepidoptera,445475,30c8f2,3270,280011,Species,Caesioperca lepidoptera,accepted,280011,Caesioperca lepidoptera,Species
445477,Butterfly perch,445476,bbaaaa,3270,,Arbitrary,,,,,
445478,Caprodon,444977,30c8f2,3270,268648,Genus,Caprodon,accepted,268648,Caprodon,Genus
445479,Caprodon longimanus,445478,30c8f2,3270,280030,Species,Caprodon longimanus,accepted,280030,Caprodon longimanus,Species
445480,Pink maomao,445479,bbaaaa,3270,,Arbitrary,,,,,
445481,Epinephelidae,444976,30c8f2,3270,1776907,Family,Epinephelidae,accepted,1776907,Epinephelidae,Family
445482,Epinephelus,445481,30c8f2,3270,126068,Genus,Epinephelus,accepted,126068,Epinephelus,Genus
445483,Epinephelus daemelii,445482,30c8f2,3270,273846,Species,Epinephelus daemelii,accepted,273846,Epinephelus daemelii,Species
445484,Spotted black grouper,445483,bbaaaa,3270,,Arbitrary,,,,,
445485,Polyprionidae,445129,30c8f2,3270,125552,Family,Polyprionidae,accepted,125552,Polyprionidae,Family
445486,Polyprion,445485,30c8f2,3270,126043,Genus,Polyprion,accepted,126043,Polyprion,Genus
445487,Polyprion oxygeneios,445486,30c8f2,3270,221430,Species,Polyprion oxygeneios,accepted,221430,Polyprion oxygeneios,Species
445488,Hapuku,445487,bbaaaa,3270,,Arbitrary,,,,,
445489,Syngnathidae,445355,30c8f2,3270,125606,Family,Syngnathidae,accepted,125606,Syngnathidae,Family
445490,Pipefish,445489,bbaaaa,3270,,Arbitrary,,,,,
445491,Tetraodontidae,445265,30c8f2,3270,125612,Family,Tetraodontidae,accepted,125612,Tetraodontidae,Family
445492,Canthigaster,445491,30c8f2,3270,126238,Genus,Canthigaster,accepted,126238,Canthigaster,Genus
445493,Canthigaster callisterna,445492,30c8f2,3270,275248,Species,Canthigaster callisterna,accepted,275248,Canthigaster callisterna,Species
445494,Clown toado,445493,bbaaaa,3270,,Arbitrary,,,,,
445495,Trichiuridae,443982,30c8f2,3270,125571,Family,Trichiuridae,accepted,125571,Trichiuridae,Family
445496,Lepidopodinae,445495,30c8f2,3270,826593,Subfamily,Lepidopodinae,accepted,826593,Lepidopodinae,Subfamily
445497,Lepidopus,445496,30c8f2,3270,126097,Genus,Lepidopus,accepted,126097,Lepidopus,Genus
445498,Lepidopus caudatus,445497,30c8f2,3270,127088,Species,Lepidopus caudatus,accepted,127088,Lepidopus caudatus,Species
445499,Frostfish,445498,bbaaaa,3270,,Arbitrary,,,,,
445500,Chelidonichthys,444972,30c8f2,3270,126178,Genus,Chelidonichthys,accepted,126178,Chelidonichthys,Genus
445501,Chelidonichthys kumu,445500,30c8f2,3270,218122,Species,Chelidonichthys kumu,accepted,218122,Chelidonichthys kumu,Species
445502,Red gurnard,445501,bbaaaa,3270,,Arbitrary,,,,,
445503,Lepidotrigla,444972,30c8f2,3270,126179,Genus,Lepidotrigla,accepted,126179,Lepidotrigla,Genus
445504,Lepidotrigla brachyoptera,445503,30c8f2,3270,274885,Species,Lepidotrigla brachyoptera,accepted,274885,Lepidotrigla brachyoptera,Species
445505,Scaly gurnard,445504,bbaaaa,3270,,Arbitrary,,,,,
445507,Chelidonichthys spinosus,445500,30c8f2,3270,274878,Species,Chelidonichthys spinosus,accepted,274878,Chelidonichthys spinosus,Species
445508,Japanese gurnard,445507,bbaaaa,3270,,Arbitrary,,,,,
445509,Uranoscopidae,444997,30c8f2,3270,125573,Family,Uranoscopidae,accepted,125573,Uranoscopidae,Family
445510,Genyagnus,445509,30c8f2,3270,269194,Genus,Genyagnus,accepted,269194,Genyagnus,Genus
445511,Genyagnus monopterygius,445510,30c8f2,3270,280828,Species,Genyagnus monopterygius,accepted,280828,Genyagnus monopterygius,Species
445512,Spotted stargazer,445511,bbaaaa,3270,,Arbitrary,,,,,
445513,Xenocephalus,445509,30c8f2,3270,271233,Genus,Xenocephalus,accepted,271233,Xenocephalus,Genus
445514,Xenocephalus armatus,445513,30c8f2,3270,315934,Species,Xenocephalus armatus,accepted,315934,Xenocephalus armatus,Species
445515,Brown stargazer,445514,bbaaaa,3270,,Arbitrary,,,,,
445516,Zeniontidae,443310,30c8f2,3270,826586,Family,Zeniontidae,accepted,826586,Zeniontidae,Family
445517,Capromimus,445516,30c8f2,3270,268649,Genus,Capromimus,accepted,268649,Capromimus,Genus
445518,Capromimus abbreviatus,445517,30c8f2,3270,280032,Species,Capromimus abbreviatus,accepted,280032,Capromimus abbreviatus,Species
445519,Capro dory,445518,bbaaaa,3270,,Arbitrary,,,,,
445520,Cyttidae,443310,30c8f2,3270,267042,Family,Cyttidae,accepted,267042,Cyttidae,Family
445521,Cyttus,445520,30c8f2,3270,205201,Genus,Cyttus,accepted,205201,Cyttus,Genus
445522,Cyttus novaezealandiae,445521,30c8f2,3270,277985,Species,Cyttus novaezealandiae,accepted,277985,Cyttus novaezealandiae,Species
445523,Silver dory,445522,bbaaaa,3270,,Arbitrary,,,,,
445524,Cyttus traversi,445521,30c8f2,3270,217957,Species,Cyttus traversi,accepted,217957,Cyttus traversi,Species
445525,Lookdown dory,445524,bbaaaa,3270,,Arbitrary,,,,,
445526,Zeidae,443310,30c8f2,3270,125617,Family,Zeidae,accepted,125617,Zeidae,Family
445527,Zenopsis,445526,30c8f2,3270,126250,Genus,Zenopsis,accepted,126250,Zenopsis,Genus
445528,Zenopsis nebulosa,445527,30c8f2,3270,275302,Species,Zenopsis nebulosa,accepted,275302,Zenopsis nebulosa,Species
445529,Mirror dory,445528,bbaaaa,3270,,Arbitrary,,,,,
445530,Zeus,445526,30c8f2,3270,126251,Genus,Zeus,accepted,126251,Zeus,Genus
445531,Zeus faber,445530,30c8f2,3270,127427,Species,Zeus faber,accepted,127427,Zeus faber,Species
445532,John dory,445531,bbaaaa,3270,,Arbitrary,,,,,
445533,Palinuridae,443568,f230b8,3270,106794,Family,Palinuridae,accepted,106794,Palinuridae,Family
445534,Jasus,445533,f230b8,3270,246321,Genus,Jasus,accepted,246321,Jasus,Genus
445535,Jasus edwardsii,445534,f230b8,3270,382879,Species,Jasus edwardsii,accepted,382879,Jasus edwardsii,Species
445536,Snapper/ Tarakihi type,443158,e645b5,3270,,Arbitrary,,,,,
445537,Sagmariasus,445533,f230b8,3270,382794,Genus,Sagmariasus,accepted,382794,Sagmariasus,Genus
445538,Sagmariasus verreauxi,445537,f230b8,3270,382906,Species,Sagmariasus verreauxi,accepted,382906,Sagmariasus verreauxi,Species
445539,Sagmariasus verrauxi,445538,f23131,3270,,Arbitrary,,,,,
445540,Slipper lobster,443569,bbaaaa,3270,,Arbitrary,,,,,
445541,Brown algae (large),444678,bbaaaa,3270,,Arbitrary,,,,,
445542,Ecklonia,444657,7cd5b4,3270,144195,Genus,Ecklonia,accepted,144195,Ecklonia,Genus
445543,Ecklonia radiata,445542,7cd5b4,3270,214344,Species,Ecklonia radiata,accepted,214344,Ecklonia radiata,Species
445544,Eklonia radiata,445543,d57c7c,3270,,Arbitrary,,,,,
445545,Red bladed algae,444678,bbaaaa,3270,,Arbitrary,,,,,
445547,Fine/turfing algae,444678,b9a8a8,3270,,Arbitrary,,,,,
445548,Algal assemblages,444678,bbaaaa,3270,,Arbitrary,,,,,
445549,Misc,,560b93,3270,,Arbitrary,,,,,
445550,School start,445549,560b93,3270,,Arbitrary,,,,,
445551,School stop,445549,560b93,3270,,Arbitrary,,,,,
445552,Baitfish,445120,bbaaaa,3270,,Arbitrary,,,,,
445553,Serranidae,444976,30c8f2,3270,125561,Family,Serranidae,accepted,125561,Serranidae,Family
445554,Serranidae (groupers),445553,bbaaaa,3270,,Arbitrary,,,,,
445555,Triglidae (gurnards),444972,bbaaaa,3270,,Arbitrary,,,,,
445556,Uranoscopidae (stargazers),445509,bbaaaa,3270,,Arbitrary,,,,,
445557,Good vis,445549,560b93,3270,,Arbitrary,,,,,
445558,Mod vis,445549,560b93,3270,,Arbitrary,,,,,
445559,Poor vis,445549,560b93,3270,,Arbitrary,,,,,
445560,Scorpaenidae (scorpionfish),445454,bbaaaa,3270,,Arbitrary,,,,,
445561,Purple cup sponge,443267,bbaaaa,3270,,Arbitrary,,,,,
445562,Algal debris,443116,f26f55,3270,,Arbitrary,,,,,
445563,Stolidobranchia,443282,30c8f2,3270,103436,Order,Stolidobranchia,accepted,103436,Stolidobranchia,Order
445564,Styelidae,445563,30c8f2,3270,103450,Family,Styelidae,accepted,103450,Styelidae,Family
445565,Styela,445564,30c8f2,3270,103543,Genus,Styela,accepted,103543,Styela,Genus
445566,Styella sp,445565,2ebee6,3270,,Arbitrary,,,,,
445567,Pectininae,443690,f2d649,3270,393857,Subfamily,Pectininae,accepted,393857,Pectininae,Subfamily
445568,Pectinini,445567,f2d649,3270,393858,Tribe,Pectinini,accepted,393858,Pectinini,Tribe
445569,Pecten,445568,f2d649,3270,138323,Genus,Pecten,accepted,138323,Pecten,Genus
445570,Pecten novaezelandiae,445569,f2d649,3270,393937,Species,Pecten novaezelandiae,accepted,393937,Pecten novaezelandiae,Species
445571,Scallop,445570,bbaaaa,3270,,Arbitrary,,,,,
445572,Mytilidae,445054,f2d649,3270,211,Family,Mytilidae,accepted,211,Mytilidae,Family
445573,Crenellinae,445572,f2d649,3270,510721,Subfamily,Crenellinae,accepted,510721,Crenellinae,Subfamily
445574,Perna,445573,f2d649,3270,138229,Genus,Perna,accepted,138229,Perna,Genus
445575,Perna canaliculus,445574,f2d649,3270,397169,Species,Perna canaliculus,accepted,397169,Perna canaliculus,Species
445576,Mussel,445575,bbaaaa,3270,,Arbitrary,,,,,
445577,Ostreida,443687,f2d649,3270,1774,Order,Ostreida,accepted,1774,Ostreida,Order
445578,Pinnoidea,445577,f2d649,3270,382250,Superfamily,Pinnoidea,accepted,382250,Pinnoidea,Superfamily
445579,Pinnidae,445578,f2d649,3270,1776,Family,Pinnidae,accepted,1776,Pinnidae,Family
445580,Atrina,445579,f2d649,3270,138351,Genus,Atrina,accepted,138351,Atrina,Genus
445581,Atrina zelandica,445580,f2d649,3270,507067,Species,Atrina zelandica,accepted,507067,Atrina zelandica,Species
445582,Horse mussel,445581,bbaaaa,3270,,Arbitrary,,,,,
445583,Lophonectes,445198,30c8f2,3270,269733,Genus,Lophonectes,accepted,269733,Lophonectes,Genus
445584,Lophonectes mongonuiensis,445583,30c8f2,3270,281399,Species,Lophonectes mongonuiensis,accepted,281399,Lophonectes mongonuiensis,Species
445585,Crested flounder,445584,bbaaaa,3270,,Arbitrary,,,,,
445586,Kyphosus bigibbus,445295,30c8f2,3270,218707,Species,Kyphosus bigibbus,accepted,218707,Kyphosus bigibbus,Species
445587,grey drummer,445586,bbaaaa,3270,,Arbitrary,,,,,
445588,Blenniiformes,443154,30c8f2,3270,1517542,Order,Blenniiformes,accepted,1517542,Blenniiformes,Order
445589,Tripterygiidae,445588,30c8f2,3270,125572,Family,Tripterygiidae,accepted,125572,Tripterygiidae,Family
445590,Tripterygiidae (Triple fins),445589,bbaaaa,3270,,Arbitrary,,,,,
445591,Isopod red (IPY),443234,bbaaaa,3270,,Arbitrary,,,,,
445592,Lanternfish (Myctophidae),444049,bbaaaa,3270,,Arbitrary,,,,,
445593,Gonorynchiformes,443154,30c8f2,3270,154212,Order,Gonorynchiformes,accepted,154212,Gonorynchiformes,Order
445594,Gonorynchidae,445593,30c8f2,3270,267014,Family,Gonorynchidae,accepted,267014,Gonorynchidae,Family
445595,Gonorynchus,445594,30c8f2,3270,205076,Genus,Gonorynchus,accepted,205076,Gonorynchus,Genus
445596,Gonorynchus forsteri,445595,30c8f2,3270,277929,Species,Gonorynchus forsteri,accepted,277929,Gonorynchus forsteri,Species
445597,Sandfish,445596,bbaaaa,3270,,Arbitrary,,,,,
445598,Kophobelemnidae,444458,c50707,3270,128483,Family,Kophobelemnidae,accepted,128483,Kophobelemnidae,Family
445599,Kophobelemnon,445598,c50707,3270,128492,Genus,Kophobelemnon,accepted,128492,Kophobelemnon,Genus
445600,Hymeniacidon sp.,444823,ba66ff,3270,,Arbitrary,,,,,
445601,Philodoporidae,444401,ff0f0f,3270,,Arbitrary,,,,,
445602,Ophiodermatidae,443403,2ee693,3270,123197,Family,Ophiodermatidae,accepted,123197,Ophiodermatidae,Family
445603,Ophiopsammus,445602,2ee693,3270,205131,Genus,Ophiopsammus,accepted,205131,Ophiopsammus,Genus
445604,Ophiopsammus maculata,445603,e62d2d,3270,244004,Species,Ophiopsammus maculata,incorrect grammatical agreement of specific epithet,1791391,Ophiopsammus maculatus,Species
445605,"TTR Bryozoan thicket (Adeonellopsis, Cinctipora elegans)",443279,bbaaaa,3270,,Arbitrary,,,,,
445606,Hippellozoon,444401,0dff6a,3270,110953,Genus,Hippellozoon,accepted,110953,Hippellozoon,Genus
445607,Hippellozoon novaezelandiae,445606,0dff6a,3270,470146,Species,Hippellozoon novaezelandiae,accepted,470146,Hippellozoon novaezelandiae,Species
445608,TTR Hippellozoon novaezelandiae,445607,0dff6a,3270,,Arbitrary,,,,,
445610,Dictyodendrillidae,444522,ba66ff,3270,164886,Family,Dictyodendrillidae,accepted,164886,Dictyodendrillidae,Family
445611,Acanthodendrilla,445610,ba66ff,3270,164887,Genus,Acanthodendrilla,accepted,164887,Acanthodendrilla,Genus
445612,Korethrasteridae,443374,2ee693,3270,123140,Family,Korethrasteridae,accepted,123140,Korethrasteridae,Family
445613,Peribolaster,445612,2ee693,3270,172589,Genus,Peribolaster,accepted,172589,Peribolaster,Genus
445614,Peribolaster sp.,445613,2ee693,3270,,Arbitrary,,,,,
445615,ASR 02 Pterasteridae,443375,2ee693,3270,,Arbitrary,,,,,
445616,Coronaster,443331,2ee693,3270,123232,Genus,Coronaster,accepted,123232,Coronaster,Genus
445617,Coronaster sp.,445616,2ee693,3270,,Arbitrary,,,,,
445618,Ophioleucida,443394,2ee693,3270,1062665,Order,Ophioleucida,accepted,1062665,Ophioleucida,Order
445619,Ophioleucidae,445618,2ee693,3270,123198,Family,Ophioleucidae,accepted,123198,Ophioleucidae,Family
445620,Ophioleuce,445619,2ee693,3270,172639,Genus,Ophioleuce,accepted,172639,Ophioleuce,Genus
445621,Ophioleuce brevispinum,445620,2ee693,3270,243708,Species,Ophioleuce brevispinum,accepted,243708,Ophioleuce brevispinum,Species
445622,Ophiomyxa n. sp. MoV 5486,443405,2ee693,3270,,Arbitrary,,,,,
445623,Asteroschema,444874,2ee693,3270,123581,Genus,Asteroschema,accepted,123581,Asteroschema,Genus
445624,Asteroschema sp.,445623,2ee693,3270,,Arbitrary,,,,,
445625,Ophiocreas,444874,2ee693,3270,123582,Genus,Ophiocreas,accepted,123582,Ophiocreas,Genus
445626,Ophiocreas oedipus,445625,2ee693,3270,124956,Species,Ophiocreas oedipus,accepted,124956,Ophiocreas oedipus,Species
445627,Cidaridae 01,443414,bbaaaa,3270,,Arbitrary,,,,,
445628,Cidaridae 02,443414,bbaaaa,3270,,Arbitrary,,,,,
445629,Aspidodiadematoida,443430,2ee693,3270,510515,Order,Aspidodiadematoida,accepted,510515,Aspidodiadematoida,Order
445630,Aspidodiadematidae,445629,2ee693,3270,123162,Family,Aspidodiadematidae,accepted,123162,Aspidodiadematidae,Family
445631,Aspidodiadema,445630,2ee693,3270,123392,Genus,Aspidodiadema,accepted,123392,Aspidodiadema,Genus
445632,Aspidodiadema tonsum,445631,2ee693,3270,414211,Species,Aspidodiadema tonsum,accepted,414211,Aspidodiadema tonsum,Species
445633,HOL 01 seapig,443173,bbaaaa,3270,,Arbitrary,,,,,
445634,HOL 02 furry,443173,bbaaaa,3270,,Arbitrary,,,,,
445635,HOL 03 blobby,443173,bbaaaa,3270,,Arbitrary,,,,,
445636,HOL 04 translucent,443173,bbaaaa,3270,,Arbitrary,,,,,
445637,Bourgueticrinina,444861,2ee693,3270,246671,Suborder,Bourgueticrinina,accepted,246671,Bourgueticrinina,Suborder
445638,Phrynocrinidae,445637,2ee693,3270,123146,Family,Phrynocrinidae,accepted,123146,Phrynocrinidae,Family
445639,Phrynocrininae,445638,2ee693,3270,412713,Subfamily,Phrynocrininae,accepted,412713,Phrynocrininae,Subfamily
445640,Phrynocrinus,445639,2ee693,3270,411399,Genus,Phrynocrinus,accepted,411399,Phrynocrinus,Genus
445641,Phrynocrinus nudus,445640,2ee693,3270,414154,Species,Phrynocrinus nudus,accepted,414154,Phrynocrinus nudus,Species
445642,Pentametrocrinidae,444862,2ee693,3270,123151,Family,Pentametrocrinidae,accepted,123151,Pentametrocrinidae,Family
445643,CRI 01 long stalk,443176,bbaaaa,3270,,Arbitrary,,,,,
445644,CRI 02 curly ends,443176,bbaaaa,3270,,Arbitrary,,,,,
445645,CRI 03 dark,443176,bbaaaa,3270,,Arbitrary,,,,,
445646,CRI 04 comatulid,443176,b4a3a3,3270,,Arbitrary,,,,,
445647,CRI 05 spiky,443176,b4a3a3,3270,,Arbitrary,,,,,
445648,ALC white 01,443497,bbaaaa,3270,,Arbitrary,,,,,
445649,ANT 20 white,443264,bbaaaa,3270,,Arbitrary,,,,,
445650,ANT 21 white tiny,443264,bbaaaa,3270,,Arbitrary,,,,,
445651,ANT 22 venus flytrap,443264,bbaaaa,3270,,Arbitrary,,,,,
445652,COB 01 quill,443501,bbaaaa,3270,,Arbitrary,,,,,
445653,COB 02 fan,443501,b9a8a8,3270,,Arbitrary,,,,,
445654,COB 03 orange quill,443501,bbaaaa,3270,,Arbitrary,,,,,
445655,COB 04 thin feather,443501,bbaaaa,3270,,Arbitrary,,,,,
445656,COB 05 yellow tree,443501,bbaaaa,3270,,Arbitrary,,,,,
445657,COB 06 pink bush,443501,bbaaaa,3270,,Arbitrary,,,,,
445658,COB 07 bottlebrush,443501,bbaaaa,3270,,Arbitrary,,,,,
445659,COB 08 yellow bristles,443501,bbaaaa,3270,,Arbitrary,,,,,
445660,GOC 01 Isididae spiral,443499,bbaaaa,3270,,Arbitrary,,,,,
445661,GOC 02 branched,443499,bbaaaa,3270,,Arbitrary,,,,,
445662,GOC 03 bush,443499,bbaaaa,3270,,Arbitrary,,,,,
445663,GOC 04 Narella-like,443499,bbaaaa,3270,,Arbitrary,,,,,
445664,GOC 05 Thouarella-like,443499,bbaaaa,3270,,Arbitrary,,,,,
445665,GOC 06 pink,443499,bbaaaa,3270,,Arbitrary,,,,,
445666,GOC 07 yellow messy,443499,bbaaaa,3270,,Arbitrary,,,,,
445667,GOC 08 primnoid,443499,bbaaaa,3270,,Arbitrary,,,,,
445668,GOC 09 Keratoisis-like,443499,bbaaaa,3270,,Arbitrary,,,,,
445669,GOC 10 little orange bush,443499,bbaaaa,3270,,Arbitrary,,,,,
445670,GOC 11 pink bush,443499,bbaaaa,3270,,Arbitrary,,,,,
445671,GOC 12 bristly,443499,bbaaaa,3270,,Arbitrary,,,,,
445672,GOC 13 spiral tree,443499,bbaaaa,3270,,Arbitrary,,,,,
445673,GOC 14 white feather-like tree,443499,bbaaaa,3270,,Arbitrary,,,,,
445674,GOC 15 white branched,443499,bbaaaa,3270,,Arbitrary,,,,,
445675,Metallogorgia,443843,c50707,3270,125296,Genus,Metallogorgia,accepted,125296,Metallogorgia,Genus
445676,Metallogorgia melanotrichos,445675,c50707,3270,125355,Species,Metallogorgia melanotrichos,accepted,125355,Metallogorgia melanotrichos,Species
445677,PTU 01 purple fluffy,443498,c59c07,3270,,Arbitrary,,,,,
445678,PTU 02 orange,443498,c59c07,3270,,Arbitrary,,,,,
445679,PTU 03 white tiny,443498,f2cb49,3270,,Arbitrary,,,,,
445680,PTU 04 whitish pink,443498,c59c07,3270,,Arbitrary,,,,,
445681,PTU 06 scant feather,443498,f2cb49,3270,,Arbitrary,,,,,
445682,Zoanthid 01 cluster,443727,bbaaaa,3270,,Arbitrary,,,,,
445683,Zoanthid 02 white stalk,443727,bbaaaa,3270,,Arbitrary,,,,,
445684,Zoanthid 03 orange stalk,443727,bbaaaa,3270,,Arbitrary,,,,,
445685,Zoantharia,443258,c50707,3270,607338,Order,Zoantharia,accepted,607338,Zoantharia,Order
445686,Macrocnemina,445685,c50707,3270,367225,Suborder,Macrocnemina,accepted,367225,Macrocnemina,Suborder
445687,Epizoanthidae,445686,c50707,3270,100688,Family,Epizoanthidae,accepted,100688,Epizoanthidae,Family
445688,Epizoanthus,445687,c50707,3270,100790,Genus,Epizoanthus,accepted,100790,Epizoanthus,Genus
445689,Epizoanthus sp.,445688,c50707,3270,,Arbitrary,,,,,
445690,Mollusc (nudibranch),444450,bbaaaa,3270,,Arbitrary,,,,,
445691,Nudi uni 01 (BOI),445690,bbaaaa,3270,,Arbitrary,,,,,
445692,Nudi uni 02 (BOI),445690,bbaaaa,3270,,Arbitrary,,,,,
445693,Nudi uni 03 (BOI),445690,bbaaaa,3270,,Arbitrary,,,,,
445694,Nudi uni 04 (BOI),445690,bbaaaa,3270,,Arbitrary,,,,,
445695,ONG 01 holey white ball,443267,bbaaaa,3270,,Arbitrary,,,,,
445696,ONG 02 tiny white ball,443267,bbaaaa,3270,,Arbitrary,,,,,
445697,ONG 03 orange blob,443267,bbaaaa,3270,,Arbitrary,,,,,
445698,ONG 04 fluted translucent,443267,bbaaaa,3270,,Arbitrary,,,,,
445699,ONG 05 scrappy brown holey,443267,bbaaaa,3270,,Arbitrary,,,,,
445700,ONG 06 fluted brown,443267,bbaaaa,3270,,Arbitrary,,,,,
445701,ONG 07 latticed,443267,bbaaaa,3270,,Arbitrary,,,,,
445702,ONG 08 white lump,443267,bbaaaa,3270,,Arbitrary,,,,,
445703,ONG 09 tan ear,443267,bbaaaa,3270,,Arbitrary,,,,,
445704,ONG 10 grey lump,443267,bbaaaa,3270,,Arbitrary,,,,,
445705,ONG 11 hairy,443267,bbaaaa,3270,,Arbitrary,,,,,
445706,ONG 12 white pot,443267,bbaaaa,3270,,Arbitrary,,,,,
445707,ONG 13 perforated white,443267,bbaaaa,3270,,Arbitrary,,,,,
445708,ONG 14 folded hairy,443267,bbaaaa,3270,,Arbitrary,,,,,
445709,ONG 15 tan lumpy,443267,bbaaaa,3270,,Arbitrary,,,,,
445710,ONG 16 flower translucent,443267,bbaaaa,3270,,Arbitrary,,,,,
445711,ONG 17 ascidian-like flower,443267,bbaaaa,3270,,Arbitrary,,,,,
445712,ONG 18 tan blobs,443267,bbaaaa,3270,,Arbitrary,,,,,
445713,ONG 19 white fan,443267,bbaaaa,3270,,Arbitrary,,,,,
445714,ONG 20 white vase,443267,bbaaaa,3270,,Arbitrary,,,,,
445715,ONG 21 hairy urn,443267,bbaaaa,3270,,Arbitrary,,,,,
445716,ONG 22 tan perforated bowl,443267,bbaaaa,3270,,Arbitrary,,,,,
445717,ONG 23 orange lumpy,443267,bbaaaa,3270,,Arbitrary,,,,,
445718,ONG 24 cream spiky,443267,bbaaaa,3270,,Arbitrary,,,,,
445719,Hyalascus sp.,443785,ba66ff,3270,,Arbitrary,,,,,
445720,Phlebobranchia,443282,30c8f2,3270,103435,Order,Phlebobranchia,accepted,103435,Phlebobranchia,Order
445721,Octacnemidae,445720,30c8f2,3270,103446,Family,Octacnemidae,accepted,103446,Octacnemidae,Family
445722,Megalodicopia,445721,30c8f2,3270,249571,Genus,Megalodicopia,accepted,249571,Megalodicopia,Genus
445723,Megalodicopia sp.,445722,30c8f2,3270,,Arbitrary,,,,,
445724,ASC 01 culeolus-like,443282,bbaaaa,3270,,Arbitrary,,,,,
445725,ASC 02 orange pots,443282,bbaaaa,3270,,Arbitrary,,,,,
445726,Bryozoan - filamentous form,443279,bbaaaa,3270,,Arbitrary,,,,,
445727,Cynoglossidae,443884,30c8f2,3270,125578,Family,Cynoglossidae,accepted,125578,Cynoglossidae,Family
445728,Cynoglossinae,445727,30c8f2,3270,154690,Subfamily,Cynoglossinae,accepted,154690,Cynoglossinae,Subfamily
445729,Cynoglossus,445728,30c8f2,3270,126112,Genus,Cynoglossus,accepted,126112,Cynoglossus,Genus
445730,Cynoglossus capensis,445729,30c8f2,3270,219854,Species,Cynoglossus capensis,accepted,219854,Cynoglossus capensis,Species
445731,Tongue fish,445730,bbaaaa,3270,,Arbitrary,,,,,
445732,CRB 01 brown,443187,bbaaaa,3270,,Arbitrary,,,,,
445733,CRB 02 orange,443187,bbaaaa,3270,,Arbitrary,,,,,
445734,BRN 01 stalked,443287,bbaaaa,3270,,Arbitrary,,,,,
445735,GAL 01 striped,443198,bbaaaa,3270,,Arbitrary,,,,,
445736,GAL 02 pointy nose,443198,bbaaaa,3270,,Arbitrary,,,,,
445737,GAL 03 pincers,443198,bbaaaa,3270,,Arbitrary,,,,,
445738,Projasus,445533,f230b8,3270,246439,Genus,Projasus,accepted,246439,Projasus,Genus
445739,Projasus parkeri,445738,f230b8,3270,246440,Species,Projasus parkeri,accepted,246440,Projasus parkeri,Species
445740,Shrimp 01 camouflage,443193,bbaaaa,3270,,Arbitrary,,,,,
445741,Shrimp 02 tiny,443193,bbaaaa,3270,,Arbitrary,,,,,
445742,Shrimp 03 striped,443193,bbaaaa,3270,,Arbitrary,,,,,
445743,Shrimp 04 peppermint,443193,bbaaaa,3270,,Arbitrary,,,,,
445744,BIV 01 Gigantidas,443275,bbaaaa,3270,,Arbitrary,,,,,
445745,BIV 02 spout,443275,b1a1a1,3270,,Arbitrary,,,,,
445746,pepperpots,443297,640cf2,3270,,Arbitrary,,,,,
445747,iron oxide,443115,f26f55,3270,,Arbitrary,,,,,
445748,sulphur,443115,f26f55,3270,,Arbitrary,,,,,
445749,ANT 23 pale polyp brown stalk,443264,bbaaaa,3270,,Arbitrary,,,,,
445750,Thoracica,443286,f230b8,3270,1107,Infraclass,Thoracica,accepted,1107,Thoracica,Infraclass
445751,Thoracicalcarea,445750,f230b8,3270,1422167,Superorder,Thoracicalcarea,accepted,1422167,Thoracicalcarea,Superorder
445752,Scalpellomorpha,445751,f230b8,3270,106038,Order,Scalpellomorpha,accepted,106038,Scalpellomorpha,Order
445753,Neolepadoidea,445752,f230b8,3270,1422352,Superfamily,Neolepadoidea,accepted,1422352,Neolepadoidea,Superfamily
445754,Neolepadidae,445753,f230b8,3270,1422822,Family,Neolepadidae,accepted,1422822,Neolepadidae,Family
445755,Vulcanolepas,445754,f230b8,3270,733086,Genus,Vulcanolepas,accepted,733086,Vulcanolepas,Genus
445756,Vulcanolepas osheai,445755,f230b8,3270,733408,Species,Vulcanolepas osheai,accepted,733408,Vulcanolepas osheai,Species
445757,Vulcanolepas cf. osheai,445756,f230b8,3270,,Arbitrary,,,,,
445758,GAS 01 vent,443207,bbaaaa,3270,,Arbitrary,,,,,
445759,ONG 25 Rosella-like,443267,bbaaaa,3270,,Arbitrary,,,,,
445760,ANT 24 pale purple,443264,bbaaaa,3270,,Arbitrary,,,,,
445761,COB 09 white bristles,443501,bbaaaa,3270,,Arbitrary,,,,,
445762,Cancellata,444379,0dff6a,3270,238294,Suborder,Cancellata,accepted,238294,Cancellata,Suborder
445763,Horneridae,445762,0dff6a,3270,110808,Family,Horneridae,accepted,110808,Horneridae,Family
445764,Hornera,445763,0dff6a,3270,111041,Genus,Hornera,accepted,111041,Hornera,Genus
445765,Hornera sp.,445764,0dff6a,3270,,Arbitrary,,,,,
445766,ASR 04 many arms,443166,bbaaaa,3270,,Arbitrary,,,,,
445767,Wood debris,443116,f26f55,3270,,Arbitrary,,,,,
445768,OPH 04 spindly bristly,443168,bbaaaa,3270,,Arbitrary,,,,,
445769,Auloplacidae,443791,ba66ff,3270,581295,Family,Auloplacidae,accepted,581295,Auloplacidae,Family
445770,Auloplax,445769,ba66ff,3270,132109,Genus,Auloplax,accepted,132109,Auloplax,Genus
445771,Auloplax breviscopulata,445770,ba66ff,3270,577475,Species,Auloplax breviscopulata,accepted,577475,Auloplax breviscopulata,Species
445772,Esperiopsidae,443742,ba66ff,3270,168337,Family,Esperiopsidae,accepted,168337,Esperiopsidae,Family
445773,Esperiopsis,445772,ba66ff,3270,131906,Genus,Esperiopsis,accepted,131906,Esperiopsis,Genus
445774,Esperiopsis inodes,445773,ba66ff,3270,168360,Species,Esperiopsis inodes,accepted,168360,Esperiopsis inodes,Species
445775,Esperiopsis cf. inodes,445774,ba66ff,3270,,Arbitrary,,,,,
445776,Farreidae/Euretidae,443791,ba66ff,3270,,Arbitrary,,,,,
445777,Poecillastra laminaris,444559,ba66ff,3270,170263,Species,Poecillastra laminaris,accepted,170263,Poecillastra laminaris,Species
445778,Corbitellinae,443787,ba66ff,3270,171848,Subfamily,Corbitellinae,accepted,171848,Corbitellinae,Subfamily
445779,Walteria,445778,ba66ff,3270,171883,Genus,Walteria,accepted,171883,Walteria,Genus
445780,Walteria n. sp. anastomosing?,445779,ba66ff,3270,,Arbitrary,,,,,
445781,Walteria leuckarti,445779,b664fa,3270,171885,Species,Walteria leuckarti,accepted,171885,Walteria leuckarti,Species
445782,Walteria leuckarti leuckarti,445781,ff6666,3270,171886,Subspecies,Walteria leuckarti leuckarti,unaccepted,171885,Walteria leuckarti,Species
445783,Walteria cf. leuckarti leuckarti,445782,ff6666,3270,,Arbitrary,,,,,
445784,Sericolophus,444627,ff6666,3270,171600,Genus,Sericolophus,unaccepted,1423588,Ijimalophus,Genus
445785,Sericolphus sp.,445784,ff6666,3270,,Arbitrary,,,,,
445786,Aulocalycidae,443783,ba66ff,3270,131687,Family,Aulocalycidae,accepted,131687,Aulocalycidae,Family
445787,Aulocalycinae,445786,ba66ff,3270,605839,Subfamily,Aulocalycinae,accepted,605839,Aulocalycinae,Subfamily
445788,Euryplegma,445787,ba66ff,3270,171611,Genus,Euryplegma,accepted,171611,Euryplegma,Genus
445789,Euryplegma auriculare,445788,ba66ff,3270,171612,Species,Euryplegma auriculare,accepted,171612,Euryplegma auriculare,Species
445790,Euryplegma auriculare?,445789,ba66ff,3270,,Arbitrary,,,,,
445791,Walteria flemmingii,445779,ba66ff,3270,171884,Species,Walteria flemmingii,accepted,171884,Walteria flemmingii,Species
445792,Walteria flemming,445791,ff6666,3270,,Arbitrary,,,,,
445793,Farrea,443792,ba66ff,3270,132107,Genus,Farrea,accepted,132107,Farrea,Genus
445794,Farrea similaris,445793,ba66ff,3270,577453,Species,Farrea similaris,accepted,577453,Farrea similaris,Species
445795,Regadrella,445778,ba66ff,3270,132117,Genus,Regadrella,accepted,132117,Regadrella,Genus
445796,Regadrella sp.,445795,ba66ff,3270,,Arbitrary,,,,,
445797,Pleroma turbinatum,444751,ba66ff,3270,171171,Species,Pleroma turbinatum,accepted,171171,Pleroma turbinatum,Species
445798,Poecillastra schulzei,444559,ba66ff,3270,170266,Species,Poecillastra schulzei,accepted,170266,Poecillastra schulzei,Species
445799,Poecillastra cf. schulzei,445798,ba66ff,3270,,Arbitrary,,,,,
445800,Neosiphonia,443733,ba66ff,3270,171157,Genus,Neosiphonia,accepted,171157,Neosiphonia,Genus
445801,Neosiphonia motukawanui,445800,ba66ff,3270,246620,Species,Neosiphonia motukawanui,accepted,246620,Neosiphonia motukawanui,Species
445802,Rossella sp.,444578,ba66ff,3270,,Arbitrary,,,,,
445803,Erylinae,443749,ba66ff,3270,597251,Subfamily,Erylinae,accepted,597251,Erylinae,Subfamily
445804,Penares,445803,ba66ff,3270,131992,Genus,Penares,accepted,131992,Penares,Genus
445805,Penares palmatoclada,445804,ba66ff,3270,169867,Species,Penares palmatoclada,accepted,169867,Penares palmatoclada,Species
445806,Penares palmatoclada?,445805,ba66ff,3270,,Arbitrary,,,,,
445807,Chonelasmatinae,444570,ba66ff,3270,171658,Subfamily,Chonelasmatinae,accepted,171658,Chonelasmatinae,Subfamily
445808,Chonelasma,445807,ba66ff,3270,132102,Genus,Chonelasma,accepted,132102,Chonelasma,Genus
445809,Symplectella sp.,444841,ba66ff,3270,,Arbitrary,,,,,
445810,Tretodictyidae,443791,ba66ff,3270,131690,Family,Tretodictyidae,accepted,131690,Tretodictyidae,Family
445811,Hexactinella,445810,ba66ff,3270,132110,Genus,Hexactinella,accepted,132110,Hexactinella,Genus
445812,Hexactinella ventilabrum,445811,ba66ff,3270,171805,Species,Hexactinella ventilabrum,accepted,171805,Hexactinella ventilabrum,Species
445813,Hexactinella ?ventilabrum,445812,ba66ff,3270,,Arbitrary,,,,,
445814,Geodia sp.,443751,ba66ff,3270,,Arbitrary,,,,,
445815,Hyalonema (Coscinonema),444576,ba66ff,3270,171430,Subgenus,Hyalonema (Coscinonema),accepted,171430,Hyalonema (Coscinonema),Subgenus
445816,Hyalonema (Coscinonemia) n. sp. 1,445815,ff6666,3270,,Arbitrary,,,,,
445817,Sceptrulophora incertae sedis,443791,ba66ff,3270,762365,Family,Sceptrulophora incertae sedis,temporary name,762365,Sceptrulophora incertae sedis,Family
445818,Lefroyella,445817,ba66ff,3270,171715,Genus,Lefroyella,accepted,171715,Lefroyella,Genus
445819,Leyfroyella sp. undet.,445818,ff6666,3270,,Arbitrary,,,,,
445820,Farrea medusiforma,445793,ba66ff,3270,577454,Species,Farrea medusiforma,accepted,577454,Farrea medusiforma,Species
445821,Farrea ?medusiforma,445820,ba66ff,3270,,Arbitrary,,,,,
445822,Farrea occa,445793,ba66ff,3270,134391,Species,Farrea occa,accepted,134391,Farrea occa,Species
445823,Farrea occa occa,445822,ba66ff,3270,171758,Subspecies,Farrea occa occa,accepted,171758,Farrea occa occa,Subspecies
445824,Farrea occa occa?,445823,ba66ff,3270,,Arbitrary,,,,,
445826,Euretinae,444570,ba66ff,3270,171685,Subfamily,Euretinae,accepted,171685,Euretinae,Subfamily
445827,Gymnorete,445826,ba66ff,3270,171711,Genus,Gymnorete,accepted,171711,Gymnorete,Genus
445828,Gymnorete stabulatum,445827,ba66ff,3270,577463,Species,Gymnorete stabulatum,accepted,577463,Gymnorete stabulatum,Species
445829,Periphragella,445807,ba66ff,3270,132105,Genus,Periphragella,accepted,132105,Periphragella,Genus
445830,Periphragella elisae,445829,ba66ff,3270,171675,Species,Periphragella elisae,accepted,171675,Periphragella elisae,Species
445831,Periphragella elisae?,445830,ba66ff,3270,,Arbitrary,,,,,
445832,SIA yellow (Enallopsammia?),443500,bbaaaa,3270,,Arbitrary,,,,,
445833,Portunidae,445064,f230b8,3270,106763,Family,Portunidae,accepted,106763,Portunidae,Family
445834,Hyalonema (Oonema),444576,ba66ff,3270,171506,Subgenus,Hyalonema (Oonema),accepted,171506,Hyalonema (Oonema),Subgenus
445835,Aphrocallistidae,443791,ba66ff,3270,131686,Family,Aphrocallistidae,accepted,131686,Aphrocallistidae,Family
445836,Aphrocallistes,445835,ba66ff,3270,132099,Genus,Aphrocallistes,accepted,132099,Aphrocallistes,Genus
445837,Aphrocallistes beatrix,445836,ba66ff,3270,134380,Species,Aphrocallistes beatrix,accepted,134380,Aphrocallistes beatrix,Species
445838,Aphrocallistes beatrix beatrix,445837,ba66ff,3270,195837,Subspecies,Aphrocallistes beatrix beatrix,accepted,195837,Aphrocallistes beatrix beatrix,Subspecies
445839,Calyptopora,443505,c50707,3270,174809,Genus,Calyptopora,accepted,174809,Calyptopora,Genus
445840,Calyptopora sp.,445839,c50707,3270,,Arbitrary,,,,,
445841,Dactylia,444753,ba66ff,3270,166257,Genus,Dactylia,accepted,166257,Dactylia,Genus
445842,Dactylia palmata,445841,ff6666,3270,166269,Species,Dactylia palmata,unaccepted,166273,Dactylia varia,Species
445843,Brucerolis,443578,f230b8,3270,413527,Genus,Brucerolis,accepted,413527,Brucerolis,Genus
445844,TAN1303 ASC transparent,443282,bbaaaa,3270,,Arbitrary,,,,,
445845,Lissodendoryx,444539,ba66ff,3270,131930,Genus,Lissodendoryx,accepted,131930,Lissodendoryx,Genus
445846,Lissodendoryx (Ectyodoryx),445845,ba66ff,3270,168908,Subgenus,Lissodendoryx (Ectyodoryx),accepted,168908,Lissodendoryx (Ectyodoryx),Subgenus
445847,Lissodendoryx (Lissodendoryx),445845,ba66ff,3270,168935,Subgenus,Lissodendoryx (Lissodendoryx),accepted,168935,Lissodendoryx (Lissodendoryx),Subgenus
445848,Cinachyra barbata_ERROR,444507,ff6666,3270,,Arbitrary,,,,,
445849,Hexactinosida_ERROR,443255,ff6666,3270,,Arbitrary,,,,,
445850,Homoieurete,444570,ba66ff,3270,577460,Genus,Homoieurete,accepted,577460,Homoieurete,Genus
445851,Homoieurete macquariense,445850,ba66ff,3270,577461,Species,Homoieurete macquariense,accepted,577461,Homoieurete macquariense,Species
445852,Actinostoloidea,444307,c50707,3270,888374,Superfamily,Actinostoloidea,accepted,888374,Actinostoloidea,Superfamily
445853,Actinostolidae,445852,bd0707,3270,100655,Family,Actinostolidae,accepted,100655,Actinostolidae,Family
445854,Pyuridae,445563,30c8f2,3270,103449,Family,Pyuridae,accepted,103449,Pyuridae,Family
445855,Culeolus,445854,30c8f2,3270,103517,Genus,Culeolus,accepted,103517,Culeolus,Genus
445856,Culeolus?,445855,30c8f2,3270,,Arbitrary,,,,,
445857,TAN1303 PTU pink,443498,c59c07,3270,,Arbitrary,,,,,
445858,Rosellidae,443784,ff6666,3270,,Arbitrary,,,,,
445860,Bubarida,443730,ba66ff,3270,845473,Order,Bubarida,accepted,845473,Bubarida,Order
445861,Dictyonellidae,445860,ba66ff,3270,131632,Family,Dictyonellidae,accepted,131632,Dictyonellidae,Family
445862,Acanthella,445861,ba66ff,3270,165648,Genus,Acanthella,accepted,165648,Acanthella,Genus
445863,Acanthella n. sp. 2,445862,ba66ff,3270,,Arbitrary,,,,,
445864,Hyalascus maui sp. nov,443785,ff6666,3270,,Arbitrary,,,,,
445865,Pennatulidae,444458,c50707,3270,128484,Family,Pennatulidae,accepted,128484,Pennatulidae,Family
445866,Pennatula,445865,c50707,3270,128495,Genus,Pennatula,accepted,128495,Pennatula,Genus
445867,Leptothecata,443502,c50707,3270,13552,Order,Leptothecata,accepted,13552,Leptothecata,Order
445868,Sertularioidea,445867,c50707,3270,1041959,Superfamily,Sertularioidea,accepted,1041959,Sertularioidea,Superfamily
445869,Sertulariidae,445868,c50707,3270,1614,Family,Sertulariidae,accepted,1614,Sertulariidae,Family
445870,Ghost shark,445181,bbaaaa,3270,,Arbitrary,,,,,
445871,Stylopathidae,443501,c50707,3270,266965,Family,Stylopathidae,accepted,266965,Stylopathidae,Family
445872,Stylopathes,445871,c50707,3270,267875,Genus,Stylopathes,accepted,267875,Stylopathes,Genus
445873,Stylopathes sp.?,445872,c50707,3270,,Arbitrary,,,,,
445874,Chaunacidae,444028,30c8f2,3270,125488,Family,Chaunacidae,accepted,125488,Chaunacidae,Family
445875,Chaunax,445874,30c8f2,3270,125796,Genus,Chaunax,accepted,125796,Chaunax,Genus
445876,Coffin fish,445875,bbaaaa,3270,,Arbitrary,,,,,
445877,Caulophacus,443784,ba66ff,3270,132112,Genus,Caulophacus,accepted,132112,Caulophacus,Genus
445878,Caulophacus sp.?,445877,ba66ff,3270,,Arbitrary,,,,,
445879,Scleractinia_branching_1,443500,bbaaaa,3270,,Arbitrary,,,,,
445880,Porifera_tubes_1,443267,bbaaaa,3270,,Arbitrary,,,,,
445881,Porifera_wrinkle_1,443267,bbaaaa,3270,,Arbitrary,,,,,
445882,Porifera_ball_1,443267,bbaaaa,3270,,Arbitrary,,,,,
445883,Porifera_ball_2,443267,bbaaaa,3270,,Arbitrary,,,,,
445884,Porifera_ball_3,443267,bbaaaa,3270,,Arbitrary,,,,,
445885,Chimney_yellow_1,443267,bbaaaa,3270,,Arbitrary,,,,,
445887,Crinoid (motile) black,443176,bbaaaa,3270,,Arbitrary,,,,,
445888,Gorgonian_pink_bushy_1,443499,bbaaaa,3270,,Arbitrary,,,,,
445889,Gorgonian_white_branched_1,443499,bbaaaa,3270,,Arbitrary,,,,,
445890,Porifera_leaf_1,443267,bbaaaa,3270,,Arbitrary,,,,,
445891,Foram_brains_1,443292,bbaaaa,3270,,Arbitrary,,,,,
445892,Porifera_ball_4,443267,bbaaaa,3270,,Arbitrary,,,,,
445893,Antipatharia_pink_1,443501,a69797,3270,,Arbitrary,,,,,
445894,Gorgonian_yellow_branching_1,443499,bbaaaa,3270,,Arbitrary,,,,,
445895,Pennatulacea_orange_1,443498,c59c07,3270,,Arbitrary,,,,,
445896,Asteroidea_1,443166,bbaaaa,3270,,Arbitrary,,,,,
445897,Porifera_stalked_1,443267,bbaaaa,3270,,Arbitrary,,,,,
445898,Porifera_stalked_2,443267,bbaaaa,3270,,Arbitrary,,,,,
445899,Gorgonian_white_fanlike_1,443499,bbaaaa,3270,,Arbitrary,,,,,
445900,Gorgonian_white_naked_1,443499,bbaaaa,3270,,Arbitrary,,,,,
445901,Alcyonacea_white_1,443497,bbaaaa,3270,,Arbitrary,,,,,
445902,Porifera_wrinkle_brown_1,443267,bbaaaa,3270,,Arbitrary,,,,,
445903,Porifera_yellow_blob_1,443267,bbaaaa,3270,,Arbitrary,,,,,
445904,Ophiuroid_white_1,443168,bbaaaa,3270,,Arbitrary,,,,,
445905,Ophiuroid_red_1,443168,bbaaaa,3270,,Arbitrary,,,,,
445906,Metallogorgia_1,445675,bbaaaa,3270,,Arbitrary,,,,,
445907,Keratoisididae,443824,c50707,3270,1544106,Family,Keratoisididae,accepted,1544106,Keratoisididae,Family
445908,Lepidisis,445907,c50707,3270,125307,Genus,Lepidisis,accepted,125307,Lepidisis,Genus
445909,Lepidisis_skinny_1,445908,bbaaaa,3270,,Arbitrary,,,,,
445910,Lepidisis_bushy_1,445908,bbaaaa,3270,,Arbitrary,,,,,
445911,Porifera_white_massive_1,443267,bbaaaa,3270,,Arbitrary,,,,,
445912,Crinoid (motile) yellow,443176,bbaaaa,3270,,Arbitrary,,,,,
445913,Crinoid (motile) green,443176,bbaaaa,3270,,Arbitrary,,,,,
445914,Gorgonian_white_branched_2,443499,bbaaaa,3270,,Arbitrary,,,,,
445915,Anthomastus_red_1,443827,c50707,3270,,Arbitrary,,,,,
445916,Bryozoan_small_bushy_1,443279,bbaaaa,3270,,Arbitrary,,,,,
445917,Porifera_ball_5,443267,bbaaaa,3270,,Arbitrary,,,,,
445918,Bryozoan_small_coral-like,443279,bbaaaa,3270,,Arbitrary,,,,,
445919,Goniasteridae_1,443358,bbaaaa,3270,,Arbitrary,,,,,
445920,Asteroidea_slim_white_1,443166,bbaaaa,3270,,Arbitrary,,,,,
445921,Porifera_unknown_1,443267,bbaaaa,3270,,Arbitrary,,,,,
445922,Primnoidae_1,443831,bbaaaa,3270,,Arbitrary,,,,,
445923,Echiura_bifurcated_1,443288,bbaaaa,3270,,Arbitrary,,,,,
445924,Antipatharia_white_1,443501,a69797,3270,,Arbitrary,,,,,
445925,Anemone_pink_1,443264,bbaaaa,3270,,Arbitrary,,,,,
445926,Stylasteridae_white_1,443505,bbaaaa,3270,,Arbitrary,,,,,
445927,Echiura_non-bifurcated_1,443288,bbaaaa,3270,,Arbitrary,,,,,
445928,Echinoida_dark_1,443171,bbaaaa,3270,,Arbitrary,,,,,
445929,Porifera_brown_cup_1,443267,bbaaaa,3270,,Arbitrary,,,,,
445930,Porifera_beige_tube_1,443267,bbaaaa,3270,,Arbitrary,,,,,
445931,Alcyonacea_small_white_1,443497,bbaaaa,3270,,Arbitrary,,,,,
445933,Cup coral_stalked_1,443812,bbaaaa,3270,,Arbitrary,,,,,
445934,Cup coral_1,443813,bbaaaa,3270,,Arbitrary,,,,,
445935,Anemone_pink_2,443264,bbaaaa,3270,,Arbitrary,,,,,
445936,Anemone_small_orange_1,443264,bbaaaa,3270,,Arbitrary,,,,,
445937,Porifera_white_dish_1,443267,bbaaaa,3270,,Arbitrary,,,,,
445938,Goniasteridae_2,443358,bbaaaa,3270,,Arbitrary,,,,,
445939,Ophiuroid_orange_1,443168,bbaaaa,3270,,Arbitrary,,,,,
445940,Asteroidea_white_small_1,443166,bbaaaa,3270,,Arbitrary,,,,,
445941,Asteroidea_slim_orange_1,443166,bbaaaa,3270,,Arbitrary,,,,,
445942,Asteroidea_v.small,443166,bbaaaa,3270,,Arbitrary,,,,,
445943,Crab_1,443187,bbaaaa,3270,,Arbitrary,,,,,
445944,Scaphopoda_1,443226,bbaaaa,3270,,Arbitrary,,,,,
445945,Holothurian_white_1,443173,bbaaaa,3270,,Arbitrary,,,,,
445946,Cerianthid_1,443859,bbaaaa,3270,,Arbitrary,,,,,
445947,Holothurian_little_pig_1,443173,bbaaaa,3270,,Arbitrary,,,,,
445948,Ophiuroid_white_2,443168,bbaaaa,3270,,Arbitrary,,,,,
445949,Asteroid_buried_1,443166,bbaaaa,3270,,Arbitrary,,,,,
445952,Buccinidae_1,443604,bbaaaa,3270,,Arbitrary,,,,,
445953,Echinoid_birthday_cake,443171,bbaaaa,3270,,Arbitrary,,,,,
445954,Echinoid_darK_star,443171,b8a7a7,3270,,Arbitrary,,,,,
445955,Ophiuroid_frilly_feeding,443168,bbaaaa,3270,,Arbitrary,,,,,
445956,Cerianthid_white_1,443859,bbaaaa,3270,,Arbitrary,,,,,
445957,Anemone_medium_orange_1,443264,bbaaaa,3270,,Arbitrary,,,,,
445958,Liponema_1,444316,bbaaaa,3270,,Arbitrary,,,,,
445959,Cirripedia_1,443287,bbaaaa,3270,,Arbitrary,,,,,
445960,Buccinidae_2,443604,bbaaaa,3270,,Arbitrary,,,,,
445961,Solasteridae_pale_pink_1,443378,bbaaaa,3270,,Arbitrary,,,,,
445962,Unknown,,b47eaf,3270,,Arbitrary,,,,,
445963,Siphon_1,445962,b47eaf,3270,,Arbitrary,,,,,
445964,Cerianthid_blood_red_1,443859,bbaaaa,3270,,Arbitrary,,,,,
445965,Asteroidea_large_yellow_1,443166,bbaaaa,3270,,Arbitrary,,,,,
445966,Anemone_red_1,443264,bbaaaa,3270,,Arbitrary,,,,,
445967,Holothurian_white_2,443173,bbaaaa,3270,,Arbitrary,,,,,
445968,Holothurain_pink_small_1,443173,bbaaaa,3270,,Arbitrary,,,,,
445969,Holothurian?_small_pink,443173,bbaaaa,3270,,Arbitrary,,,,,
445970,Inachidae_pink_1,443522,bbaaaa,3270,,Arbitrary,,,,,
445976,Antipatharia_bush_1,443501,bbaaaa,3270,,Arbitrary,,,,,
445977,Ophiuroid_white_skinny_1,443168,bbaaaa,3270,,Arbitrary,,,,,
445978,Porifera_stalked_3,443267,bbaaaa,3270,,Arbitrary,,,,,
445979,Porifera_white_allyum_1,443267,bbaaaa,3270,,Arbitrary,,,,,
445980,Metallogorgia_gold_1,445675,bbaaaa,3270,,Arbitrary,,,,,
445981,Porifera_ball_6,443267,bbaaaa,3270,,Arbitrary,,,,,
445982,Ophiuroid_white_small_1,443168,bbaaaa,3270,,Arbitrary,,,,,
445983,Porifera_stalked_4,443267,bbaaaa,3270,,Arbitrary,,,,,
445984,Zoanthid_colonised_stalk,443727,bbaaaa,3270,,Arbitrary,,,,,
445985,Lepidisis_pink_bushy_1,445908,bbaaaa,3270,,Arbitrary,,,,,
445986,Pennatulacea_skinny_1,443498,c59c07,3270,,Arbitrary,,,,,
445987,Porifera_mouldy_blob_1,443267,bbaaaa,3270,,Arbitrary,,,,,
445988,Gorgonacea_brown_bushy_1,443499,bbaaaa,3270,,Arbitrary,,,,,
445989,Gorgonacea_pink_antipath-like,443499,bbaaaa,3270,,Arbitrary,,,,,
445990,Porifera_stalked_5,443267,bbaaaa,3270,,Arbitrary,,,,,
445991,Anemone_peach_1,443264,bbaaaa,3270,,Arbitrary,,,,,
445992,Echiura_bifurcated_frilly_1,443288,bbaaaa,3270,,Arbitrary,,,,,
445993,Crinoid (motile) orange,443176,bbaaaa,3270,,Arbitrary,,,,,
445994,Isidae_beige_1,443795,bbaaaa,3270,,Arbitrary,,,,,
445995,Porifera_wrinkle_white,443267,bbaaaa,3270,,Arbitrary,,,,,
445996,Primnoidae_bushy_1,443831,bbaaaa,3270,,Arbitrary,,,,,
445997,Gorgonian_tree-like_white_1,443499,bbaaaa,3270,,Arbitrary,,,,,
445998,Gorgonian_green_bushy,443499,bbaaaa,3270,,Arbitrary,,,,,
445999,Lepidisis_white_furry,445908,bbaaaa,3270,,Arbitrary,,,,,
446000,Porifera_stalked_ball,443267,bbaaaa,3270,,Arbitrary,,,,,
446001,Holothurian_white_frilly,443173,bbaaaa,3270,,Arbitrary,,,,,
446002,Echinoid_white_test_long_spines,443171,bbaaaa,3270,,Arbitrary,,,,,
446003,Porifera_stalked_6,443267,bbaaaa,3270,,Arbitrary,,,,,
446004,Lithodidae_1,443529,bbaaaa,3270,,Arbitrary,,,,,
446005,Echinoid_pink_blob,443171,bbaaaa,3270,,Arbitrary,,,,,
446006,Crinoid_stalked_weird,443176,bbaaaa,3270,,Arbitrary,,,,,
446007,Anemone_peach_huge,443264,bbaaaa,3270,,Arbitrary,,,,,
446008,Porifera_white_spiky_ball,443267,bbaaaa,3270,,Arbitrary,,,,,
446009,Majidae_1,443539,bbaaaa,3270,,Arbitrary,,,,,
446010,Porifera_barrel_1,443267,bbaaaa,3270,,Arbitrary,,,,,
446012,Hydroid_fern_1,443273,bbaaaa,3270,,Arbitrary,,,,,
446013,Porifera_leafy_HUGE,443267,bbaaaa,3270,,Arbitrary,,,,,
446014,Solasteridae_six-armed_1,443378,bbaaaa,3270,,Arbitrary,,,,,
446015,Pennatulacea_white_1,443498,c59c07,3270,,Arbitrary,,,,,
446016,Porifera_barrel_2,443267,bbaaaa,3270,,Arbitrary,,,,,
446017,Lobster_1,443181,bbaaaa,3270,,Arbitrary,,,,,
446018,Asteroidea_2,443166,bbaaaa,3270,,Arbitrary,,,,,
446019,Gorgonian_fan-coral-like,443499,bbaaaa,3270,,Arbitrary,,,,,
446020,Cerianthid_2,443859,bbaaaa,3270,,Arbitrary,,,,,
446021,Stylasteridae_yellow_1,443505,bbaaaa,3270,,Arbitrary,,,,,
446022,Porifera_stalked_7,443267,bbaaaa,3270,,Arbitrary,,,,,
446023,Gorgonian_pink whispy,443499,bbaaaa,3270,,Arbitrary,,,,,
446024,Hydriod_white_skinny,443273,bbaaaa,3270,,Arbitrary,,,,,
446025,Antipatharia_bush_2,443501,bbaaaa,3270,,Arbitrary,,,,,
446026,Stylasteridae_pink_1,443505,bbaaaa,3270,,Arbitrary,,,,,
446027,Hormathidae_white,444315,bbaaaa,3270,,Arbitrary,,,,,
446028,Hydriod_brown_branching,443273,bbaaaa,3270,,Arbitrary,,,,,
446029,Antipatharia_skinny_white,443501,a69797,3270,,Arbitrary,,,,,
446030,Brisingid_huge,443225,bbaaaa,3270,,Arbitrary,,,,,
446031,Echinoid_spiky_pink,443171,bbaaaa,3270,,Arbitrary,,,,,
446032,Porifera_skirted,443267,bbaaaa,3270,,Arbitrary,,,,,
446033,Isidae_pink_bush,443795,bbaaaa,3270,,Arbitrary,,,,,
446034,Asteroidea_cushion_star,443166,bbaaaa,3270,,Arbitrary,,,,,
446035,Porifera_bells,443267,bbaaaa,3270,,Arbitrary,,,,,
446036,Antipatharia_black,443501,bbaaaa,3270,,Arbitrary,,,,,
446037,Porifera_tubes_2,443267,bbaaaa,3270,,Arbitrary,,,,,
446038,Primnoid_whip-like,443831,bbaaaa,3270,,Arbitrary,,,,,
446039,Isidae_whip-like,443795,bbaaaa,3270,,Arbitrary,,,,,
446040,Gorgonian_pink_fan,443499,bbaaaa,3270,,Arbitrary,,,,,
446041,Porifera_tube_translucent,443267,bbaaaa,3270,,Arbitrary,,,,,
446042,Porifera_hairy_spire,443267,bbaaaa,3270,,Arbitrary,,,,,
446043,Bryozoan_fluffy,443279,bbaaaa,3270,,Arbitrary,,,,,
446044,Cerianthid_3,443859,bbaaaa,3270,,Arbitrary,,,,,
446045,Crinoid (motile) brown skinny,443176,bbaaaa,3270,,Arbitrary,,,,,
446046,Asteroidea_cushion_star_2,443166,bbaaaa,3270,,Arbitrary,,,,,
446047,Pennatulacea_fluffy,443498,c59c07,3270,,Arbitrary,,,,,
446048,Ophiuroid_amphiuridae,443168,bbaaaa,3270,,Arbitrary,,,,,
446049,Bryozoan_tall_bushy,443279,bbaaaa,3270,,Arbitrary,,,,,
446050,Echinoid_dark_centre,443171,bbaaaa,3270,,Arbitrary,,,,,
446051,Holothurain_long_pink,443173,bbaaaa,3270,,Arbitrary,,,,,
446052,Porifera_fringed,443267,bbaaaa,3270,,Arbitrary,,,,,
446053,Porifera_white_cup,443267,bbaaaa,3270,,Arbitrary,,,,,
446054,Anemone_purple_grey,443264,bbaaaa,3270,,Arbitrary,,,,,
446055,Unknown_white_bushy,445962,b47eaf,3270,,Arbitrary,,,,,
446060,Chrysogorgia,443843,c50707,3270,125294,Genus,Chrysogorgia,accepted,125294,Chrysogorgia,Genus
446061,Chrysogorgia_1,446060,bbaaaa,3270,,Arbitrary,,,,,
446062,Primnoid_brown_fuzzy,443831,bbaaaa,3270,,Arbitrary,,,,,
446063,Gorgonean_brown_mess,443499,bbaaaa,3270,,Arbitrary,,,,,
446064,Crinoid_stalked_very_weird,443176,bbaaaa,3270,,Arbitrary,,,,,
446065,Lithodidae_2,443529,bbaaaa,3270,,Arbitrary,,,,,
446066,Porifera_veined,443267,bbaaaa,3270,,Arbitrary,,,,,
446067,Porifera_flowerhead,443267,bbaaaa,3270,,Arbitrary,,,,,
446068,Anemone_large_dark,443264,bbaaaa,3270,,Arbitrary,,,,,
446069,Cidaridae_1,443414,bbaaaa,3270,,Arbitrary,,,,,
446070,Shrimp 01 red,443193,bbaaaa,3270,,Arbitrary,,,,,
446071,Shrimp 02 pink,443193,b4a4a4,3270,,Arbitrary,,,,,
446072,Shrimp 03 white,443193,bbaaaa,3270,,Arbitrary,,,,,
446073,Shrimp 04 brown,443193,bbaaaa,3270,,Arbitrary,,,,,
446074,Shrimp 06 pink-white,443193,bbaaaa,3270,,Arbitrary,,,,,
446075,Shrimp,443193,bbaaaa,3270,,Arbitrary,,,,,
446076,Shrimp 05 approx 100,443193,bbaaaa,3270,,Arbitrary,,,,,
446077,Shrimp 05 htv small,443193,bbaaaa,3270,,Arbitrary,,,,,
446078,Echiura green 01,443288,bbaaaa,3270,,Arbitrary,,,,,
446079,Chaetopteridae,443864,94ff4d,3270,918,Family,Chaetopteridae,accepted,918,Chaetopteridae,Family
446080,Ascidian predatory,443282,bbaaaa,3270,,Arbitrary,,,,,
446081,Lepidisis sp,445908,c50707,3270,,Arbitrary,,,,,
446082,Polychaete? Star,443216,bbaaaa,3270,,Arbitrary,,,,,
446083,Solasteridae_large_yellow,443378,bbaaaa,3270,,Arbitrary,,,,,
446084,Anemone_white_1,443264,bbaaaa,3270,,Arbitrary,,,,,
446085,Paralomis sp,443531,f230b8,3270,,Arbitrary,,,,,
446086,Chaetopteridae n=50,446079,bbaaaa,3270,,Arbitrary,,,,,
446087,Iridogorgia,443843,c50707,3270,125295,Genus,Iridogorgia,accepted,125295,Iridogorgia,Genus
446088,Iridigorgia,446087,c59c07,3270,,Arbitrary,,,,,
446089,Anemone_large_orange,443264,bbaaaa,3270,,Arbitrary,,,,,
446090,V.osheai n = 50,445756,bbaaaa,3270,,Arbitrary,,,,,
446091,Filograninae,444478,94ff4d,3270,886860,Subfamily,Filograninae,accepted,886860,Filograninae,Subfamily
446092,Protula,446091,94ff4d,3270,129575,Genus,Protula,accepted,129575,Protula,Genus
446093,Farrea sp.,445793,ba66ff,3270,,Arbitrary,,,,,
446094,Limida,443687,f2d649,3270,1777,Order,Limida,accepted,1777,Limida,Order
446095,Limoidea,446094,f2d649,3270,246153,Superfamily,Limoidea,accepted,246153,Limoidea,Superfamily
446096,Limidae,446095,f2d649,3270,1778,Family,Limidae,accepted,1778,Limidae,Family
446097,Acesta,446096,f2d649,3270,138124,Genus,Acesta,accepted,138124,Acesta,Genus
446098,Acesta maui,446097,f2d649,3270,457862,Species,Acesta maui,accepted,457862,Acesta maui,Species
446099,Calliostoma sp.,443638,f2d649,3270,,Arbitrary,,,,,
446100,Fusitriton laudandus,443618,f2d649,3270,476493,Species,Fusitriton laudandus,accepted,476493,Fusitriton laudandus,Species
446101,manganese nodules,443114,f26f55,3270,,Arbitrary,,,,,
446102,Keratoisis,445907,c50707,3270,125306,Genus,Keratoisis,accepted,125306,Keratoisis,Genus
446103,Plexauridae,443794,c50707,3270,125277,Family,Plexauridae,accepted,125277,Plexauridae,Family
446104,Hoplichthyidae,444971,30c8f2,3270,196073,Family,Hoplichthyidae,accepted,196073,Hoplichthyidae,Family
446105,Hoplichthys,446104,30c8f2,3270,205533,Genus,Hoplichthys,accepted,205533,Hoplichthys,Genus
446106,Hoplichthys haswelli,446105,30c8f2,3270,278228,Species,Hoplichthys haswelli,accepted,278228,Hoplichthys haswelli,Species
446107,Deepsea flathead,446106,bbaaaa,3270,,Arbitrary,,,,,
446108,Azygopus,445427,30c8f2,3270,268474,Genus,Azygopus,accepted,268474,Azygopus,Genus
446109,Azygopus pinnifasciatus,446108,30c8f2,3270,279854,Species,Azygopus pinnifasciatus,accepted,279854,Azygopus pinnifasciatus,Species
446110,Spotted flounder,446109,bbaaaa,3270,,Arbitrary,,,,,
446111,Warehou,445244,bbaaaa,3270,,Arbitrary,,,,,
446112,Bellowsfish,445357,bbaaaa,3270,,Arbitrary,,,,,
446113,Snipefish,445357,bbaaaa,3270,,Arbitrary,,,,,
446114,Pteropeltarion,443512,f230b8,3270,439188,Genus,Pteropeltarion,accepted,439188,Pteropeltarion,Genus
446115,Pteropeltarion novaezelandiae,446114,f230b8,3270,440357,Species,Pteropeltarion novaezelandiae,accepted,440357,Pteropeltarion novaezelandiae,Species
446116,Aplousobranchia_ERROR,444741,f23131,3270,,Arbitrary,,,,,
446117,Botrylloides,445564,30c8f2,3270,103528,Genus,Botrylloides,accepted,103528,Botrylloides,Genus
446118,Botrylloides sp.,446117,30c8f2,3270,,Arbitrary,,,,,
446119,Didemnidae,444741,30c8f2,3270,103439,Family,Didemnidae,accepted,103439,Didemnidae,Family
446120,Didemnum,446119,30c8f2,3270,103456,Genus,Didemnum,accepted,103456,Didemnum,Genus
446121,Didemnid,446120,bbaaaa,3270,,Arbitrary,,,,,
446122,Diplosoma,446119,30c8f2,3270,103457,Genus,Diplosoma,accepted,103457,Diplosoma,Genus
446123,Molgulidae,445563,30c8f2,3270,103448,Family,Molgulidae,accepted,103448,Molgulidae,Family
446124,Molgula,446123,30c8f2,3270,103509,Genus,Molgula,accepted,103509,Molgula,Genus
446125,Molgula sp.,446124,30c8f2,3270,,Arbitrary,,,,,
446126,Polycitoridae,444741,30c8f2,3270,103440,Family,Polycitoridae,accepted,103440,Polycitoridae,Family
446127,Polyclinidae,444741,30c8f2,3270,103441,Family,Polyclinidae,accepted,103441,Polyclinidae,Family
446128,Synoicum,446127,30c8f2,3270,103479,Genus,Synoicum,accepted,103479,Synoicum,Genus
446129,Synoicum otagoensis,446128,30c8f2,3270,251473,Species,Synoicum otagoensis,accepted,251473,Synoicum otagoensis,Species
446130,Bryozoan - antler (Onchoporoides moseleyi?),443279,bbaaaa,3270,,Arbitrary,,,,,
446131,Bryozoan - yellow lacey,443279,bbaaaa,3270,,Arbitrary,,,,,
446132,Bitectipora retepora,444711,0dff6a,3270,471869,Species,Bitectipora retepora,accepted,471869,Bitectipora retepora,Species
446133,Celleporina,444713,0dff6a,3270,110875,Genus,Celleporina,accepted,110875,Celleporina,Genus
446134,Celleporina grandis,446133,0dff6a,3270,469548,Species,Celleporina grandis,accepted,469548,Celleporina grandis,Species
446135,Galeopsis,444713,0dff6a,3270,146815,Genus,Galeopsis,accepted,146815,Galeopsis,Genus
446136,Galeopsis n. sp. (open branched),446135,0dff6a,3270,,Arbitrary,,,,,
446137,Edwardsid,444305,bbaaaa,3270,,Arbitrary,,,,,
446138,Leiopathidae,443501,c50707,3270,266962,Family,Leiopathidae,accepted,266962,Leiopathidae,Family
446139,Leiopathes,446138,c50707,3270,103305,Genus,Leiopathes,accepted,103305,Leiopathes,Genus
446140,Odontaster,444162,2ee693,3270,123310,Genus,Odontaster,accepted,123310,Odontaster,Genus
446141,Odontaster benhami,446140,2ee693,3270,254911,Species,Odontaster benhami,accepted,254911,Odontaster benhami,Species
446142,Sclerasterias,443331,2ee693,3270,123225,Genus,Sclerasterias,accepted,123225,Sclerasterias,Genus
446143,Sclerasterias mollis,446142,2ee693,3270,291602,Species,Sclerasterias mollis,accepted,291602,Sclerasterias mollis,Species
446144,Goniocidaris parasol,443416,ff6666,3270,414194,Species,Goniocidaris parasol,alternative representation,568354,Goniocidaris (Aspidocidaris) parasol,Species
446145,Hygrosomatinae,444878,2ee693,3270,510896,Subfamily,Hygrosomatinae,accepted,510896,Hygrosomatinae,Subfamily
446146,Hygrosoma,446145,2ee693,3270,123400,Genus,Hygrosoma,accepted,123400,Hygrosoma,Genus
446147,Hygrosoma luculentum,446146,2ee693,3270,513347,Species,Hygrosoma luculentum,accepted,513347,Hygrosoma luculentum,Species
446148,Hygrosoma luculentum/Paramaretia peloria,446147,2ee693,3270,,Arbitrary,,,,,
446149,Lepidotheca,443505,c59c07,3270,231552,Genus,Lepidotheca,unaccepted,267683,Paraerrina,Genus
446150,Lepidotheca sp.,446149,c59c07,3270,,Arbitrary,,,,,
446151,Chonelasma lamella,445808,ba66ff,3270,171664,Species,Chonelasma lamella,accepted,171664,Chonelasma lamella,Species
446152,Coelosphaera,444539,ba66ff,3270,131916,Genus,Coelosphaera,accepted,131916,Coelosphaera,Genus
446153,Coelosphaera globosa,446152,ff6666,3270,175234,Species,Coelosphaera globosa,alternative representation,168829,Coelosphaera (Coelosphaera) globosa,Species
446154,Desmacididae,443742,ba66ff,3270,131654,Family,Desmacididae,accepted,131654,Desmacididae,Family
446155,Desmacidon,446154,ba66ff,3270,131943,Genus,Desmacidon,accepted,131943,Desmacidon,Genus
446156,Desmacidon mamillatum,446155,ba66ff,3270,169114,Species,Desmacidon mamillatum,accepted,169114,Desmacidon mamillatum,Species
446157,Desmacidon mammilatum,446156,ff6666,3270,,Arbitrary,,,,,
446158,Ecionemia,443753,ba66ff,3270,131990,Genus,Ecionemia,accepted,131990,Ecionemia,Genus
446159,Ecionemia novaezealandiae,446158,ba66ff,3270,701574,Species,Ecionemia novaezealandiae,accepted,701574,Ecionemia novaezealandiae,Species
446160,Xestospongia/Poecillastra,444806,a761f2,3270,,Arbitrary,,,,,
446161,Gracilechinus multidentatus/juvenile Paramaretia peloria,443440,2ee693,3270,,Arbitrary,,,,,
446162,Notopandalus magnoculus,444908,f230b8,3270,515440,Species,Notopandalus magnoculus,accepted,515440,Notopandalus magnoculus,Species
446163,Holothurian_purple,443173,bbaaaa,3270,,Arbitrary,,,,,
446164,Porifera_beige_leaf,443267,bbaaaa,3270,,Arbitrary,,,,,
446165,Gorgonian_green_fan,443499,bbaaaa,3270,,Arbitrary,,,,,
446166,Porifera_vase,443267,bbaaaa,3270,,Arbitrary,,,,,
446167,Crab_2,443187,bbaaaa,3270,,Arbitrary,,,,,
446168,Porifera_stalked_9,443267,bbaaaa,3270,,Arbitrary,,,,,
446169,Echinoderm_black,443163,bbaaaa,3270,,Arbitrary,,,,,
446170,Anemone_small_dark,443264,bbaaaa,3270,,Arbitrary,,,,,
446172,Porifera_stalked_8,443267,bbaaaa,3270,,Arbitrary,,,,,
446173,Porifera_daisy,443267,bbaaaa,3270,,Arbitrary,,,,,
446174,Porifera_mouldy_barrel,443267,bbaaaa,3270,,Arbitrary,,,,,
446175,Unknown_white_cones,445962,b47eaf,3270,,Arbitrary,,,,,
446176,Cidaridae_black,443414,bbaaaa,3270,,Arbitrary,,,,,
446177,Ascidiean_long_stalked,443282,bbaaaa,3270,,Arbitrary,,,,,
446178,Primnoid_stalked,443831,bbaaaa,3270,,Arbitrary,,,,,
446179,Porifera_brown_palm,443267,bbaaaa,3270,,Arbitrary,,,,,
446180,Holothurian_gravel,443173,bbaaaa,3270,,Arbitrary,,,,,
446181,Echinoid_dark_purple,443171,bbaaaa,3270,,Arbitrary,,,,,
446182,Porifera_grey,443267,bbaaaa,3270,,Arbitrary,,,,,
446183,Echinoid_red,443171,bbaaaa,3270,,Arbitrary,,,,,
446184,Antipatharia_purple-grey,443501,bbaaaa,3270,,Arbitrary,,,,,
446185,Hyalonema sp,444576,ba66ff,3270,,Arbitrary,,,,,
446186,Echinoid_beige,443171,bbaaaa,3270,,Arbitrary,,,,,
446187,Porifera_large_white_leaf,443267,bbaaaa,3270,,Arbitrary,,,,,
446188,Porifera_brainy_cup,443267,bbaaaa,3270,,Arbitrary,,,,,
446189,Porifera_large_mouldy_blob,443267,bbaaaa,3270,,Arbitrary,,,,,
446190,Synaphobranchidae,443324,30c8f2,3270,125436,Family,Synaphobranchidae,accepted,125436,Synaphobranchidae,Family
446191,Synaphobranchinae,446190,30c8f2,3270,151825,Subfamily,Synaphobranchinae,accepted,151825,Synaphobranchinae,Subfamily
446192,Diastobranchus,446191,30c8f2,3270,158655,Genus,Diastobranchus,accepted,158655,Diastobranchus,Genus
446193,Diastobranchus capensis,446192,30c8f2,3270,158656,Species,Diastobranchus capensis,accepted,158656,Diastobranchus capensis,Species
446194,Coelorinchus oliverianus,445360,30c8f2,3270,280324,Species,Coelorinchus oliverianus,accepted,280324,Coelorinchus oliverianus,Species
446195,Psychrolutidae,443996,30c8f2,3270,125594,Family,Psychrolutidae,accepted,125594,Psychrolutidae,Family
446196,Basketwork eel,446193,bbaaaa,3270,,Arbitrary,,,,,
446197,Olivers Rattail,446194,bbaaaa,3270,,Arbitrary,,,,,
446198,Toadfish,446195,bbaaaa,3270,,Arbitrary,,,,,
446199,Chalk patch,443114,f26f55,3270,,Arbitrary,,,,,
446200,Skates,443320,bbaaaa,3270,,Arbitrary,,,,,
446201,Black sand,443114,f26f55,3270,,Arbitrary,,,,,
446202,Salmacina,446091,94ff4d,3270,129578,Genus,Salmacina,accepted,129578,Salmacina,Genus
446203,Salmacina australis,446202,94ff4d,3270,338077,Species,Salmacina australis,accepted,338077,Salmacina australis,Species
446204,Brisingidae,443225,2ee693,3270,123119,Family,Brisingidae,accepted,123119,Brisingidae,Family
446205,Brisinga,446204,2ee693,3270,123210,Genus,Brisinga,accepted,123210,Brisinga,Genus
446206,Brisinga chathamica,446205,2ee693,3270,254867,Species,Brisinga chathamica,accepted,254867,Brisinga chathamica,Species
446207,Rattail bite mark,443297,640cf2,3270,,Arbitrary,,,,,
446209,Narkidae,445168,30c8f2,3270,196076,Family,Narkidae,accepted,196076,Narkidae,Family
446210,Numbfish,446209,bbaaaa,3270,,Arbitrary,,,,,
446211,Coelorinchus fasciatus,445360,30c8f2,3270,280277,Species,Coelorinchus fasciatus,accepted,280277,Coelorinchus fasciatus,Species
446212,Banded Rattail (Coelorinchus fasciatus),446211,bbaaaa,3270,,Arbitrary,,,,,
446216,Asteroid resting place,443297,600ce9,3270,,Arbitrary,,,,,
446219,Notacanthiformes,443154,30c8f2,3270,10294,Order,Notacanthiformes,accepted,10294,Notacanthiformes,Order
446220,Notacanthidae,446219,30c8f2,3270,125501,Family,Notacanthidae,accepted,125501,Notacanthidae,Family
446221,Notacanthus,446220,30c8f2,3270,125840,Genus,Notacanthus,accepted,125840,Notacanthus,Genus
446222,Notacanthus sexspinis,446221,30c8f2,3270,221411,Species,Notacanthus sexspinis,accepted,221411,Notacanthus sexspinis,Species
446224,Spineback eel,446222,bbaaaa,3270,,Arbitrary,,,,,
446225,Bythaelurus,445087,30c8f2,3270,296218,Genus,Bythaelurus,accepted,296218,Bythaelurus,Genus
446226,Bythaelurus dawsoni,446225,30c8f2,3270,316764,Species,Bythaelurus dawsoni,accepted,316764,Bythaelurus dawsoni,Species
446227,Dawsons catshark,446226,bbaaaa,3270,,Arbitrary,,,,,
446228,Coelorinchus cookianus,445360,30c8f2,3270,280271,Species,Coelorinchus cookianus,accepted,280271,Coelorinchus cookianus,Species
446229,Cooks rattail,446228,bbaaaa,3270,,Arbitrary,,,,,
446230,Protoptilidae,444458,c50707,3270,128485,Family,Protoptilidae,accepted,128485,Protoptilidae,Family
446231,Hyalascus track,443297,640cf2,3270,,Arbitrary,,,,,
446232,Etmopteridae,445080,30c8f2,3270,267045,Family,Etmopteridae,accepted,267045,Etmopteridae,Family
446233,Etmopterus,446232,30c8f2,3270,105775,Genus,Etmopterus,accepted,105775,Etmopterus,Genus
446234,shark (Etmopterus sp.),446233,bbaaaa,3270,,Arbitrary,,,,,
446235,flathead resting place,443297,640cf2,3270,,Arbitrary,,,,,
446236,Anthoptilidae,444458,c50707,3270,128480,Family,Anthoptilidae,accepted,128480,Anthoptilidae,Family
446237,Coelorinchus maurofasciatus,445360,30c8f2,3270,280311,Species,Coelorinchus maurofasciatus,accepted,280311,Coelorinchus maurofasciatus,Species
446238,Dark banded rattail,446237,bbaaaa,3270,,Arbitrary,,,,,
446239,Mora,444033,30c8f2,3270,125769,Genus,Mora,accepted,125769,Mora,Genus
446240,Mora moro,446239,30c8f2,3270,126497,Species,Mora moro,accepted,126497,Mora moro,Species
446241,Ribaldo,446240,bbaaaa,3270,,Arbitrary,,,,,
446242,Bathypectinura,445602,2ee693,3270,123543,Genus,Bathypectinura,accepted,123543,Bathypectinura,Genus
446243,Bathypectinura heros,446242,2ee693,3270,124814,Species,Bathypectinura heros,accepted,124814,Bathypectinura heros,Species
446244,Brochiraja,444120,30c8f2,3270,268598,Genus,Brochiraja,accepted,268598,Brochiraja,Genus
446245,Brochiraja sp.,446244,30c8f2,3270,,Arbitrary,,,,,
446246,Coelorinchus aspercephalus,445360,30c8f2,3270,280252,Species,Coelorinchus aspercephalus,accepted,280252,Coelorinchus aspercephalus,Species
446247,Oblique banded rattail,446246,bbaaaa,3270,,Arbitrary,,,,,
446248,Priapulida,443147,ffb433,3270,101063,Phylum,Priapulida,accepted,101063,Priapulida,Phylum
446249,Priapulida (Penis worm),446248,bbaaaa,3270,,Arbitrary,,,,,
446250,Acanthascus,443784,ba66ff,3270,171966,Genus,Acanthascus,accepted,171966,Acanthascus,Genus
446251,Acanthascus (Rhabdocalyptus),446250,ba66ff,3270,171972,Subgenus,Acanthascus (Rhabdocalyptus),accepted,171972,Acanthascus (Rhabdocalyptus),Subgenus
446252,Rossellidae Acanthascus (Rhabdocalyptus) sp. 1,446251,ba66ff,3270,,Arbitrary,,,,,
446254,Ambophthalmos,446195,30c8f2,3270,234553,Genus,Ambophthalmos,accepted,234553,Ambophthalmos,Genus
446255,Ambophthalmos angustus,446254,30c8f2,3270,279357,Species,Ambophthalmos angustus,accepted,279357,Ambophthalmos angustus,Species
446256,pale toadfish,446255,bbaaaa,3270,,Arbitrary,,,,,
446257,Opisthoteuthis spp.,443666,f2d649,3270,,Arbitrary,,,,,
446258,Notophycis,444033,30c8f2,3270,234577,Genus,Notophycis,accepted,234577,Notophycis,Genus
446259,Notophycis marginata,446258,30c8f2,3270,234703,Species,Notophycis marginata,accepted,234703,Notophycis marginata,Species
446260,Dwarf cod (Notophycis marginata),446259,bbaaaa,3270,,Arbitrary,,,,,
446261,Southern conger (Conger verreauxi),445263,bbaaaa,3270,,Arbitrary,,,,,
446262,Gadidae,443313,30c8f2,3270,125469,Family,Gadidae,accepted,125469,Gadidae,Family
446263,Micromesistius,446262,30c8f2,3270,125735,Genus,Micromesistius,accepted,125735,Micromesistius,Genus
446264,Micromesistius australis,446263,30c8f2,3270,234781,Species,Micromesistius australis,accepted,234781,Micromesistius australis,Species
446265,Southern blue whiting,446264,bbaaaa,3270,,Arbitrary,,,,,
446266,Silverside (Argentina elongata),445213,bbaaaa,3270,,Arbitrary,,,,,
446267,Neophrynichthys,446195,30c8f2,3270,270014,Genus,Neophrynichthys,accepted,270014,Neophrynichthys,Genus
446268,Neophrynichthys latus,446267,30c8f2,3270,281699,Species,Neophrynichthys latus,accepted,281699,Neophrynichthys latus,Species
446269,Dark toadfish (Neophrynichthys latus),446268,bbaaaa,3270,,Arbitrary,,,,,
446270,Neophrynichthys heterospilos,446267,30c8f2,3270,281698,Species,Neophrynichthys heterospilos,accepted,281698,Neophrynichthys heterospilos,Species
446271,Variable spotted toadfish (Neophrynichthys heterospilos),446270,bbaaaa,3270,,Arbitrary,,,,,
446272,Zygochlamys,444915,f2d649,3270,236716,Genus,Zygochlamys,accepted,236716,Zygochlamys,Genus
446273,Zygochlamys delicatula,446272,f2d649,3270,393701,Species,Zygochlamys delicatula,accepted,393701,Zygochlamys delicatula,Species
446274,Queen scallop,446273,bbaaaa,3270,,Arbitrary,,,,,
446275,Jacquinotia,443540,f230b8,3270,439463,Genus,Jacquinotia,accepted,439463,Jacquinotia,Genus
446276,Jacquinotia edwardsii,446275,f230b8,3270,442003,Species,Jacquinotia edwardsii,accepted,442003,Jacquinotia edwardsii,Species
446277,Giant spider crab,446276,bbaaaa,3270,,Arbitrary,,,,,
446278,Bryozoan hash,443279,bbaaaa,3270,,Arbitrary,,,,,
446279,Geryonidae,445064,f230b8,3270,106762,Family,Geryonidae,accepted,106762,Geryonidae,Family
446280,Nectocarcinus,446279,f230b8,3270,439668,Genus,Nectocarcinus,accepted,439668,Nectocarcinus,Genus
446281,Nectocarcinus bennetti,446280,f230b8,3270,442731,Species,Nectocarcinus bennetti,accepted,442731,Nectocarcinus bennetti,Species
446282,Smooth red swimming crab,446281,bbaaaa,3270,,Arbitrary,,,,,
446283,Nototodarus sloanii,445070,f2d649,3270,342378,Species,Nototodarus sloanii,accepted,342378,Nototodarus sloanii,Species
446284,NZ southern arrow squid,446283,bbaaaa,3270,,Arbitrary,,,,,
446285,Lucigadus,444018,30c8f2,3270,269742,Genus,Lucigadus,accepted,269742,Lucigadus,Genus
446286,Lucigadus nigromaculatus,446285,30c8f2,3270,281418,Species,Lucigadus nigromaculatus,accepted,281418,Lucigadus nigromaculatus,Species
446287,Black spot rattail (Lucigadus nigromaculatus),446286,bbaaaa,3270,,Arbitrary,,,,,
446288,Rhombosolea tapirina,445437,30c8f2,3270,282603,Species,Rhombosolea tapirina,accepted,282603,Rhombosolea tapirina,Species
446289,Greenback flounder (Rhombosolea tapirina),446288,bbaaaa,3270,,Arbitrary,,,,,
446290,Zoarcinae,444136,30c8f2,3270,267129,Subfamily,Zoarcinae,accepted,267129,Zoarcinae,Subfamily
446291,Zoarces,446290,30c8f2,3270,126108,Genus,Zoarces,accepted,126108,Zoarces,Genus
446292,Zoarces viviparus,446291,30c8f2,3270,127123,Species,Zoarces viviparus,accepted,127123,Zoarces viviparus,Species
446293,Campbell eelpout,446292,bbaaaa,3270,,Arbitrary,,,,,
446294,Skate egg case,443297,640cf2,3270,,Arbitrary,,,,,
446295,Pyrosomatida,443299,30c8f2,3270,137213,Order,Pyrosomatida,accepted,137213,Pyrosomatida,Order
446296,Pyrosomatidae,446295,30c8f2,3270,137216,Family,Pyrosomatidae,accepted,137216,Pyrosomatidae,Family
446297,Pyrosomatinae,446296,30c8f2,3270,719849,Subfamily,Pyrosomatinae,accepted,719849,Pyrosomatinae,Subfamily
446298,Pyrosoma,446297,30c8f2,3270,137224,Genus,Pyrosoma,accepted,137224,Pyrosoma,Genus
446299,Pyrosoma atlanticum,446298,30c8f2,3270,137250,Species,Pyrosoma atlanticum,accepted,137250,Pyrosoma atlanticum,Species
446300,Nectocarcinus antarcticus,446280,f230b8,3270,442730,Species,Nectocarcinus antarcticus,accepted,442730,Nectocarcinus antarcticus,Species
446301,Nectocarcinus antarcticus (Hairy red swimming crab),446300,bbaaaa,3270,,Arbitrary,,,,,
446302,Amphinomida,443245,94ff4d,3270,893,Order,Amphinomida,accepted,893,Amphinomida,Order
446303,Amphinomidae,446302,94ff4d,3270,960,Family,Amphinomidae,accepted,960,Amphinomidae,Family
446304,Archinominae,446303,94ff4d,3270,863341,Subfamily,Archinominae,accepted,863341,Archinominae,Subfamily
446305,Chloeia,446304,94ff4d,3270,129184,Genus,Chloeia,accepted,129184,Chloeia,Genus
446306,Chloeia sp. (Fire worm),446305,bbaaaa,3270,,Arbitrary,,,,,
446308,Red bandfish_ERROR,444989,ff0000,3270,,Arbitrary,,,,,
446309,Beryx,445219,30c8f2,3270,125700,Genus,Beryx,accepted,125700,Beryx,Genus
446310,Beryx splendens,446309,30c8f2,3270,126395,Species,Beryx splendens,accepted,126395,Beryx splendens,Species
446311,Alfonsino,446310,bbaaaa,3270,,Arbitrary,,,,,
446312,Baracudina,443158,e645b5,3270,,Arbitrary,,,,,
446313,Etmopterus granulosus,446233,30c8f2,3270,215607,Species,Etmopterus granulosus,accepted,215607,Etmopterus granulosus,Species
446314,Baxters dogfish,446313,bbaaaa,3270,,Arbitrary,,,,,
446315,Helicolenus barathri,445452,30c8f2,3270,274764,Species,Helicolenus barathri,accepted,274764,Helicolenus barathri,Species
446316,Bigeye seaperch,446315,bbaaaa,3270,,Arbitrary,,,,,
446317,Epigonidae,445129,30c8f2,3270,125535,Family,Epigonidae,accepted,125535,Epigonidae,Family
446318,Epigonus,446317,30c8f2,3270,125967,Genus,Epigonus,accepted,125967,Epigonus,Genus
446319,Epigonus telescopus,446318,30c8f2,3270,126858,Species,Epigonus telescopus,accepted,126858,Epigonus telescopus,Species
446320,Black deepsea cardinalfish,446319,bbaaaa,3270,,Arbitrary,,,,,
446321,Mesovagus,444018,30c8f2,3270,1310251,Genus,Mesovagus,accepted,1310251,Mesovagus,Genus
446322,Mesovagus antipodum,446321,30c8f2,3270,1524323,Species,Mesovagus antipodum,accepted,1524323,Mesovagus antipodum,Species
446323,Black javelinfish,446322,bbaaaa,3270,,Arbitrary,,,,,
446324,Oreosomatinae,443311,30c8f2,3270,267160,Subfamily,Oreosomatinae,accepted,267160,Oreosomatinae,Subfamily
446325,Allocyttus,446324,30c8f2,3270,126246,Genus,Allocyttus,accepted,126246,Allocyttus,Genus
446326,Allocyttus niger,446325,30c8f2,3270,234810,Species,Allocyttus niger,accepted,234810,Allocyttus niger,Species
446327,Black oreo,446326,bbaaaa,3270,,Arbitrary,,,,,
446328,Psychrolutes,446195,30c8f2,3270,126169,Genus,Psychrolutes,accepted,126169,Psychrolutes,Genus
446329,Psychrolutes microporos,446328,30c8f2,3270,274676,Species,Psychrolutes microporos,accepted,274676,Psychrolutes microporos,Species
446330,Blobfish,446329,bbaaaa,3270,,Arbitrary,,,,,
446331,Brochiraja leviveneta,446244,30c8f2,3270,279995,Species,Brochiraja leviveneta,accepted,279995,Brochiraja leviveneta,Species
446332,Blue skate,446331,bbaaaa,3270,,Arbitrary,,,,,
446333,Bythitidae,445397,30c8f2,3270,125503,Family,Bythitidae,accepted,125503,Bythitidae,Family
446334,Megacataetyx,446333,30c8f2,3270,1310250,Genus,Megacataetyx,accepted,1310250,Megacataetyx,Genus
446335,Megacataetyx niki,446334,30c8f2,3270,1524203,Species,Megacataetyx niki,accepted,1524203,Megacataetyx niki,Species
446336,Brown cusk,446335,bbaaaa,3270,,Arbitrary,,,,,
446337,Cardinal fish,446317,bbaaaa,3270,,Arbitrary,,,,,
446338,Macrourus carinatus,444025,30c8f2,3270,217773,Species,Macrourus carinatus,accepted,217773,Macrourus carinatus,Species
446339,Carinate rattail,446338,bbaaaa,3270,,Arbitrary,,,,,
446340,Catshark,445087,bbaaaa,3270,,Arbitrary,,,,,
446341,Halosauridae,446219,30c8f2,3270,125500,Family,Halosauridae,accepted,125500,Halosauridae,Family
446342,Halosaurus,446341,30c8f2,3270,125839,Genus,Halosaurus,accepted,125839,Halosaurus,Genus
446343,Halosaurus pectoralis,446342,30c8f2,3270,272743,Species,Halosaurus pectoralis,accepted,272743,Halosaurus pectoralis,Species
446344,Common halosaur,446343,bbaaaa,3270,,Arbitrary,,,,,
446345,Common warehou,445246,bbaaaa,3270,,Arbitrary,,,,,
446346,Nomeidae,443982,30c8f2,3270,125548,Family,Nomeidae,accepted,125548,Nomeidae,Family
446347,Cubehead,446346,bbaaaa,3270,,Arbitrary,,,,,
446348,Bathysauridae,443892,30c8f2,3270,266998,Family,Bathysauridae,accepted,266998,Bathysauridae,Family
446349,Deepsea lizardfish,446348,bbaaaa,3270,,Arbitrary,,,,,
446350,Brochiraja asperula,446244,30c8f2,3270,279994,Species,Brochiraja asperula,accepted,279994,Brochiraja asperula,Species
446351,Deepsea smooth skate,446350,bbaaaa,3270,,Arbitrary,,,,,
446352,Dogfish,445081,bbaaaa,3270,,Arbitrary,,,,,
446353,Nettastomatidae,443324,30c8f2,3270,125433,Family,Nettastomatidae,accepted,125433,Nettastomatidae,Family
446354,Duckbill eel,446353,bbaaaa,3270,,Arbitrary,,,,,
446355,Brochiraja microspinifera,446244,30c8f2,3270,279996,Species,Brochiraja microspinifera,accepted,279996,Brochiraja microspinifera,Species
446356,Dwarf skate,446355,bbaaaa,3270,,Arbitrary,,,,,
446357,Euclichthyidae,443313,30c8f2,3270,267012,Family,Euclichthyidae,accepted,267012,Euclichthyidae,Family
446358,Eucla cod,446357,bbaaaa,3270,,Arbitrary,,,,,
446359,Ipnopidae,443892,30c8f2,3270,125444,Family,Ipnopidae,accepted,125444,Ipnopidae,Family
446360,Bathypterois,446359,30c8f2,3270,125669,Genus,Bathypterois,accepted,125669,Bathypterois,Genus
446361,Bathypterois longifilis,446360,30c8f2,3270,158859,Species,Bathypterois longifilis,accepted,158859,Bathypterois longifilis,Species
446362,Feelerfish,446361,bbaaaa,3270,,Arbitrary,,,,,
446363,Bathygadinae,443314,30c8f2,3270,154231,Subfamily,Bathygadinae,accepted,154231,Bathygadinae,Subfamily
446364,Gadomus,446363,30c8f2,3270,125750,Genus,Gadomus,accepted,125750,Gadomus,Genus
446365,Gadomus aoteanus,446364,30c8f2,3270,272360,Species,Gadomus aoteanus,accepted,272360,Gadomus aoteanus,Species
446366,Filamentous rattail,446365,bbaaaa,3270,,Arbitrary,,,,,
446367,Finless flounder,443885,bbaaaa,3270,,Arbitrary,,,,,
446368,Frogmouth,445875,bbaaaa,3270,,Arbitrary,,,,,
446369,Frostfish_ERROR,445499,d30d0d,3270,,Arbitrary,,,,,
446370,Lepidion inosimae,444039,30c8f2,3270,272481,Species,Lepidion inosimae,accepted,272481,Lepidion inosimae,Species
446371,Giant lepidon,446370,bbaaaa,3270,,Arbitrary,,,,,
446372,Hake,445366,bbaaaa,3270,,Arbitrary,,,,,
446373,Coelorinchus horribilis,445360,30c8f2,3270,280287,Species,Coelorinchus horribilis,accepted,280287,Coelorinchus horribilis,Species
446374,Horrible rattail,446373,bbaaaa,3270,,Arbitrary,,,,,
446375,Coryphaenoides dossenus,444019,30c8f2,3270,272328,Species,Coryphaenoides dossenus,accepted,272328,Coryphaenoides dossenus,Species
446376,Humpback rattail,446375,bbaaaa,3270,,Arbitrary,,,,,
446377,Helicolenus percoides,445452,30c8f2,3270,274770,Species,Helicolenus percoides,accepted,274770,Helicolenus percoides,Species
446378,Jock Stewart,446377,bbaaaa,3270,,Arbitrary,,,,,
446379,Johnsons cod,444038,bbaaaa,3270,,Arbitrary,,,,,
446380,Kayiomaru rattail,443158,e645b5,3270,,Arbitrary,,,,,
446381,Rhinochimaeridae,445182,30c8f2,3270,105697,Family,Rhinochimaeridae,accepted,105697,Rhinochimaeridae,Family
446382,Harriotta,446381,30c8f2,3270,105735,Genus,Harriotta,accepted,105735,Harriotta,Genus
446383,Harriotta raleighana,446382,30c8f2,3270,105829,Species,Harriotta raleighana,accepted,105829,Harriotta raleighana,Species
446384,Longnose ghost shark,446383,bbaaaa,3270,,Arbitrary,,,,,
446385,Malacosteinae,443923,30c8f2,3270,154693,Subfamily,Malacosteinae,accepted,154693,Malacosteinae,Subfamily
446386,Malacosteus,446385,30c8f2,3270,126213,Genus,Malacosteus,accepted,126213,Malacosteus,Genus
446387,Malacosteus australis,446386,30c8f2,3270,398364,Species,Malacosteus australis,accepted,398364,Malacosteus australis,Species
446388,Loosejaw,446387,bbaaaa,3270,,Arbitrary,,,,,
446389,Etmopterus lucifer,446233,30c8f2,3270,215604,Species,Etmopterus lucifer,accepted,215604,Etmopterus lucifer,Species
446390,Lucifers dogfish,446389,bbaaaa,3270,,Arbitrary,,,,,
446391,Paraulopus,444983,30c8f2,3270,270275,Genus,Paraulopus,accepted,270275,Paraulopus,Genus
446392,Paraulopus okamurai,446391,30c8f2,3270,282134,Species,Paraulopus okamurai,accepted,282134,Paraulopus okamurai,Species
446393,Magpie cucumberfish,446392,bbaaaa,3270,,Arbitrary,,,,,
446394,Coelorinchus matamua,445360,30c8f2,3270,280309,Species,Coelorinchus matamua,accepted,280309,Coelorinchus matamua,Species
446395,Mahia rattail,446394,bbaaaa,3270,,Arbitrary,,,,,
446396,Pleuronectinae,445426,26f1ff,3270,154687,Subfamily,Pleuronectinae,accepted,154687,Pleuronectinae,Subfamily
446397,Pseudopleuronectes,446396,26f1ff,3270,154701,Genus,Pseudopleuronectes,accepted,154701,Pseudopleuronectes,Genus
446398,Pseudopleuronectes yokohamae,446397,26f1ff,3270,275360,Species,Pseudopleuronectes yokohamae,accepted,275360,Pseudopleuronectes yokohamae,Species
446399,Marbled flounder,446398,bbaaaa,3270,,Arbitrary,,,,,
446400,Moray cod,444041,bbaaaa,3270,,Arbitrary,,,,,
446401,Guttigadus,444033,30c8f2,3270,158973,Genus,Guttigadus,accepted,158973,Guttigadus,Genus
446402,Guttigadus nudicephalus,446401,30c8f2,3270,275877,Species,Guttigadus nudicephalus,accepted,275877,Guttigadus nudicephalus,Species
446403,Nakedhead codling,446402,bbaaaa,3270,,Arbitrary,,,,,
446404,Coelorinchus innotabilis,445360,30c8f2,3270,280291,Species,Coelorinchus innotabilis,accepted,280291,Coelorinchus innotabilis,Species
446405,Notable rattail,446404,bbaaaa,3270,,Arbitrary,,,,,
446406,Callionymiformes,443154,30c8f2,3270,1517496,Order,Callionymiformes,accepted,1517496,Callionymiformes,Order
446407,Callionymidae,446406,30c8f2,3270,125522,Family,Callionymidae,accepted,125522,Callionymidae,Family
446408,Foetorepus,446407,30c8f2,3270,159622,Genus,Foetorepus,accepted,159622,Foetorepus,Genus
446409,Foetorepus phasis,446408,30c8f2,3270,276349,Species,Foetorepus phasis,accepted,276349,Foetorepus phasis,Species
446410,Orange dragonet,446409,bbaaaa,3270,,Arbitrary,,,,,
446411,Lepidoperca,444977,30c8f2,3270,269637,Genus,Lepidoperca,accepted,269637,Lepidoperca,Genus
446412,Lepidoperca aurantia,446411,30c8f2,3270,281296,Species,Lepidoperca aurantia,accepted,281296,Lepidoperca aurantia,Species
446413,Orange perch,446412,bbaaaa,3270,,Arbitrary,,,,,
446414,Hydrolagus bemisi,445184,30c8f2,3270,271405,Species,Hydrolagus bemisi,accepted,271405,Hydrolagus bemisi,Species
446415,Pale ghost shark,446414,bbaaaa,3270,,Arbitrary,,,,,
446416,Trachyrincinae,443314,30c8f2,3270,154234,Subfamily,Trachyrincinae,accepted,154234,Trachyrincinae,Subfamily
446417,Idiolophorhynchus,446416,30c8f2,3270,269484,Genus,Idiolophorhynchus,accepted,269484,Idiolophorhynchus,Genus
446418,Idiolophorhynchus andriashevi,446417,30c8f2,3270,281156,Species,Idiolophorhynchus andriashevi,accepted,281156,Idiolophorhynchus andriashevi,Species
446419,Pineapple rattail,446418,bbaaaa,3270,,Arbitrary,,,,,
446420,Chaunax russatus,445875,30c8f2,3270,835042,Species,Chaunax russatus,accepted,835042,Chaunax russatus,Species
446421,Pink frogmouth,446420,bbaaaa,3270,,Arbitrary,,,,,
446422,Somniosidae,445080,30c8f2,3270,267047,Family,Somniosidae,accepted,267047,Somniosidae,Family
446423,Scymnodon,446422,30c8f2,3270,105778,Genus,Scymnodon,accepted,105778,Scymnodon,Genus
446424,Scymnodon macracanthus,446423,30c8f2,3270,299100,Species,Scymnodon macracanthus,accepted,299100,Scymnodon macracanthus,Species
446425,Plunket shark,446424,bbaaaa,3270,,Arbitrary,,,,,
446426,Stichaeidae,444135,30c8f2,3270,125566,Family,Stichaeidae,accepted,125566,Stichaeidae,Family
446427,Prickleback,446426,bbaaaa,3270,,Arbitrary,,,,,
446428,Coelorinchus trachycarus,445360,30c8f2,3270,280350,Species,Coelorinchus trachycarus,accepted,280350,Coelorinchus trachycarus,Species
446429,Roughhead rattail,446428,bbaaaa,3270,,Arbitrary,,,,,
446430,Scaly gurnard_ERROR,445505,db1414,3270,,Arbitrary,,,,,
446431,Symphurinae,445727,30c8f2,3270,154689,Subfamily,Symphurinae,accepted,154689,Symphurinae,Subfamily
446432,Symphurus,446431,30c8f2,3270,126113,Genus,Symphurus,accepted,126113,Symphurus,Genus
446433,Symphurus thermophilus,446432,30c8f2,3270,398703,Species,Symphurus thermophilus,accepted,398703,Symphurus thermophilus,Species
446434,Seamount tonguefish,446433,bbaaaa,3270,,Arbitrary,,,,,
446435,Coryphaenoides serrulatus,444019,30c8f2,3270,272352,Species,Coryphaenoides serrulatus,accepted,272352,Coryphaenoides serrulatus,Species
446436,Serrulate rattail,446435,bbaaaa,3270,,Arbitrary,,,,,
446437,Seriolella punctata,445245,30c8f2,3270,282758,Species,Seriolella punctata,accepted,282758,Seriolella punctata,Species
446438,Silver warehou,446437,bbaaaa,3270,,Arbitrary,,,,,
446439,Slickhead,443890,bbaaaa,3270,,Arbitrary,,,,,
446440,Lepidion microcephalus,444039,30c8f2,3270,272482,Species,Lepidion microcephalus,accepted,272482,Lepidion microcephalus,Species
446441,Smallheaded cod,446440,bbaaaa,3270,,Arbitrary,,,,,
446442,Pseudocyttinae,443311,30c8f2,3270,267161,Subfamily,Pseudocyttinae,accepted,267161,Pseudocyttinae,Subfamily
446443,Pseudocyttus,446442,30c8f2,3270,126248,Genus,Pseudocyttus,accepted,126248,Pseudocyttus,Genus
446444,Pseudocyttus maculatus,446443,30c8f2,3270,127424,Species,Pseudocyttus maculatus,accepted,127424,Pseudocyttus maculatus,Species
446445,Smooth oreo,446444,bbaaaa,3270,,Arbitrary,,,,,
446446,Snake eel_ERROR,445167,ed0202,3270,,Arbitrary,,,,,
446447,Centrophoridae,445080,30c8f2,3270,105713,Family,Centrophoridae,accepted,105713,Centrophoridae,Family
446448,Deania,446447,30c8f2,3270,105771,Genus,Deania,accepted,105771,Deania,Genus
446449,Deania calceus,446448,30c8f2,3270,298167,Species,Deania calceus,accepted,298167,Deania calceus,Species
446450,Shovelnose dogfish,446449,bbaaaa,3270,,Arbitrary,,,,,
446451,Simenchelyinae,446190,30c8f2,3270,267050,Subfamily,Simenchelyinae,accepted,267050,Simenchelyinae,Subfamily
446452,Simenchelys,446451,30c8f2,3270,125655,Genus,Simenchelys,accepted,125655,Simenchelys,Genus
446453,Simenchelys parasitica,446452,30c8f2,3270,126327,Species,Simenchelys parasitica,accepted,126327,Simenchelys parasitica,Species
446454,Snubnose eel,446453,bbaaaa,3270,,Arbitrary,,,,,
446455,Pseudophycis barbata,445378,30c8f2,3270,282469,Species,Pseudophycis barbata,accepted,282469,Pseudophycis barbata,Species
446456,Southern bastard cod,446455,bbaaaa,3270,,Arbitrary,,,,,
446457,Neocyttus,446324,30c8f2,3270,126247,Genus,Neocyttus,accepted,126247,Neocyttus,Genus
446458,Neocyttus rhomboidalis,446457,30c8f2,3270,217959,Species,Neocyttus rhomboidalis,accepted,217959,Neocyttus rhomboidalis,Species
446459,Spiky oreo,446458,bbaaaa,3270,,Arbitrary,,,,,
446460,Sebastolobinae,445450,30c8f2,3270,154408,Subfamily,Sebastolobinae,accepted,154408,Sebastolobinae,Subfamily
446461,Trachyscorpia,446460,30c8f2,3270,126176,Genus,Trachyscorpia,accepted,126176,Trachyscorpia,Genus
446462,Trumpeter,445339,bbaaaa,3270,,Arbitrary,,,,,
446463,Bythitinae,446333,30c8f2,3270,154743,Subfamily,Bythitinae,accepted,154743,Bythitinae,Subfamily
446464,Cataetyx,446463,30c8f2,3270,125849,Genus,Cataetyx,accepted,125849,Cataetyx,Genus
446465,Cataetyx chthamalorhynchus,446464,30c8f2,3270,220358,Species,Cataetyx chthamalorhynchus,accepted,220358,Cataetyx chthamalorhynchus,Species
446466,White brotula,446465,bbaaaa,3270,,Arbitrary,,,,,
446467,Trachyrincus,446416,30c8f2,3270,125759,Genus,Trachyrincus,accepted,125759,Trachyrincus,Genus
446468,Trachyrincus aphyodes,446467,30c8f2,3270,272444,Species,Trachyrincus aphyodes,accepted,272444,Trachyrincus aphyodes,Species
446469,White rattail,446468,bbaaaa,3270,,Arbitrary,,,,,
446470,Seriolella caerulea,445245,30c8f2,3270,282756,Species,Seriolella caerulea,accepted,282756,Seriolella caerulea,Species
446471,White warehou,446470,bbaaaa,3270,,Arbitrary,,,,,
446472,Rhinochimaera,446381,30c8f2,3270,105736,Genus,Rhinochimaera,accepted,105736,Rhinochimaera,Genus
446473,Rhinochimaera pacifica,446472,30c8f2,3270,271420,Species,Rhinochimaera pacifica,accepted,271420,Rhinochimaera pacifica,Species
446474,Widenose chimaera,446473,bbaaaa,3270,,Arbitrary,,,,,
446475,Yellow cod,445000,bbaaaa,3270,,Arbitrary,,,,,
446476,Pterygotrigla pauli,444973,30c8f2,3270,277048,Species,Pterygotrigla pauli,accepted,277048,Pterygotrigla pauli,Species
446477,Yellowspotted gurnard,446476,bbaaaa,3270,,Arbitrary,,,,,
446478,Plumularioidea,445867,c50707,3270,731048,Superfamily,Plumularioidea,accepted,731048,Plumularioidea,Superfamily
446479,Aglaopheniidae,446478,c50707,3270,1605,Family,Aglaopheniidae,accepted,1605,Aglaopheniidae,Family
446480,Lytocarpia,446479,c50707,3270,117002,Genus,Lytocarpia,accepted,117002,Lytocarpia,Genus
446481,Lytocarpia sp.,446480,c50707,3270,,Arbitrary,,,,,
446482,Funiculinidae,444458,c50707,3270,128481,Family,Funiculinidae,accepted,128481,Funiculinidae,Family
446483,Funiculina,446482,c50707,3270,128490,Genus,Funiculina,accepted,128490,Funiculina,Genus
446484,Funiculina sp.,446483,c50707,3270,,Arbitrary,,,,,
446485,Astrothorax,444250,2ee693,3270,204653,Genus,Astrothorax,accepted,204653,Astrothorax,Genus
446486,Astrothorax waitei,446485,2ee693,3270,214611,Species,Astrothorax waitei,accepted,214611,Astrothorax waitei,Species
446487,Bathymodiolus sp.,445057,f2d649,3270,,Arbitrary,,,,,
446488,Homolidae,444891,f230b8,3270,106744,Family,Homolidae,accepted,106744,Homolidae,Family
446489,Oxynotidae,445080,30c8f2,3270,267046,Family,Oxynotidae,accepted,267046,Oxynotidae,Family
446490,Oxynotus,446489,30c8f2,3270,105776,Genus,Oxynotus,accepted,105776,Oxynotus,Genus
446491,Oxynotus bruniensis,446490,30c8f2,3270,271648,Species,Oxynotus bruniensis,accepted,271648,Oxynotus bruniensis,Species
446492,Prickly dogfish,446491,bbaaaa,3270,,Arbitrary,,,,,
446493,Tentorium,444550,ba66ff,3270,132053,Genus,Tentorium,accepted,132053,Tentorium,Genus
446494,Tentorium papillatum,446493,ba66ff,3270,170689,Species,Tentorium papillatum,accepted,170689,Tentorium papillatum,Species
446495,Narella,443831,c50707,3270,125319,Genus,Narella,accepted,125319,Narella,Genus
446496,Narella sp.,446495,c50707,3270,,Arbitrary,,,,,
446497,Tokoprymno,443831,c50707,3270,173565,Genus,Tokoprymno,accepted,173565,Tokoprymno,Genus
446498,Tokoprymno sp.,446497,c50707,3270,,Arbitrary,,,,,
446499,Siboglinidae,443866,94ff4d,3270,129096,Family,Siboglinidae,accepted,129096,Siboglinidae,Family
446500,Frenulate worms,446499,bbaaaa,3270,,Arbitrary,,,,,
446501,Imparidentia,443698,f2d649,3270,869600,Superorder,Imparidentia,accepted,869600,Imparidentia,Superorder
446502,Venerida,446501,f2d649,3270,217,Order,Venerida,accepted,217,Venerida,Order
446503,Glossoidea,446502,f2d649,3270,14637,Superfamily,Glossoidea,accepted,14637,Glossoidea,Superfamily
446504,Vesicomyidae,446503,f2d649,3270,23140,Family,Vesicomyidae,accepted,23140,Vesicomyidae,Family
446505,Pliocardiinae,446504,f2d649,3270,1059317,Subfamily,Pliocardiinae,accepted,1059317,Pliocardiinae,Subfamily
446506,Calyptogena,446505,f2d649,3270,367971,Genus,Calyptogena,accepted,367971,Calyptogena,Genus
446507,Calyptogena sp.,446506,f2d649,3270,,Arbitrary,,,,,
446508,Protobranchia,443274,f2d649,3270,106,Subclass,Protobranchia,accepted,106,Protobranchia,Subclass
446509,Solemyida,446508,f2d649,3270,22629,Order,Solemyida,accepted,22629,Solemyida,Order
446510,Solemyoidea,446509,f2d649,3270,22630,Superfamily,Solemyoidea,accepted,22630,Solemyoidea,Superfamily
446511,Solemyidae,446510,f2d649,3270,22632,Family,Solemyidae,accepted,22632,Solemyidae,Family
446512,Acharacinae,446511,f2d649,3270,889627,Subfamily,Acharacinae,accepted,889627,Acharacinae,Subfamily
446513,Acharax,446512,f2d649,3270,293237,Genus,Acharax,accepted,293237,Acharax,Genus
446514,Acharax clarificata,446513,f2d649,3270,599353,Species,Acharax clarificata,accepted,599353,Acharax clarificata,Species
446515,Amblyraja hyperborea,444118,30c8f2,3270,105863,Species,Amblyraja hyperborea,accepted,105863,Amblyraja hyperborea,Species
446516,Amblyraja cf. hyperborea,446515,30c8f2,3270,,Arbitrary,,,,,
446517,Antarctoneptunea,443608,f2d649,3270,196924,Genus,Antarctoneptunea,accepted,196924,Antarctoneptunea,Genus
446518,Antarctoneptunea benthicola,446517,f2d649,3270,1023279,Species,Antarctoneptunea benthicola,accepted,1023279,Antarctoneptunea benthicola,Species
446519,Aristeidae,443557,f230b8,3270,106725,Family,Aristeidae,accepted,106725,Aristeidae,Family
446520,Munidopsidae,443196,f230b8,3270,562642,Family,Munidopsidae,accepted,562642,Munidopsidae,Family
446521,Munidopsis,446520,f230b8,3270,106836,Genus,Munidopsis,accepted,106836,Munidopsis,Genus
446522,Halcampidae,444314,c50707,3270,100667,Family,Halcampidae,accepted,100667,Halcampidae,Family
446523,Ctenostomatida,444352,0dff6a,3270,110723,Order,Ctenostomatida,accepted,110723,Ctenostomatida,Order
446524,Stolonifera,446523,0dff6a,3270,153683,Suborder,Stolonifera,accepted,153683,Stolonifera,Suborder
446525,Anthoptilum,446236,c50707,3270,128489,Genus,Anthoptilum,accepted,128489,Anthoptilum,Genus
446526,Trachylinae,443272,c50707,3270,22754,Subclass,Trachylinae,accepted,22754,Trachylinae,Subclass
446527,Trachymedusae,446526,c50707,3270,16350,Order,Trachymedusae,accepted,16350,Trachymedusae,Order
446528,Rhopalonematidae,446527,c50707,3270,16842,Family,Rhopalonematidae,accepted,16842,Rhopalonematidae,Family
446529,Crossota,446528,c50707,3270,117216,Genus,Crossota,accepted,117216,Crossota,Genus
446530,Brissidae,443454,2ee693,3270,123173,Family,Brissidae,accepted,123173,Brissidae,Family
446531,Brissopsinae,446530,2ee693,3270,510878,Subfamily,Brissopsinae,accepted,510878,Brissopsinae,Subfamily
446532,Brissopsis,446531,2ee693,3270,123418,Genus,Brissopsis,accepted,123418,Brissopsis,Genus
446533,Brissopsis oldhami,446532,2ee693,3270,414240,Species,Brissopsis oldhami,accepted,414240,Brissopsis oldhami,Species
446534,Trachyrincus longirostris,446467,30c8f2,3270,272446,Species,Trachyrincus longirostris,accepted,272446,Trachyrincus longirostris,Species
446535,Coryphaenoides subserrulatus,444019,30c8f2,3270,217761,Species,Coryphaenoides subserrulatus,accepted,217761,Coryphaenoides subserrulatus,Species
446536,Halosauropsis,446341,30c8f2,3270,125838,Genus,Halosauropsis,accepted,125838,Halosauropsis,Genus
446537,Halosauropsis macrochir,446536,30c8f2,3270,126639,Species,Halosauropsis macrochir,accepted,126639,Halosauropsis macrochir,Species
446538,Astrorhizida,443293,7cd5b4,3270,394016,Order,Astrorhizida,accepted,394016,Astrorhizida,Order
446539,Astrorhizina,446538,7cd5b4,3270,736979,Suborder,Astrorhizina,accepted,736979,Astrorhizina,Suborder
446540,Astrorhizoidea,446539,7cd5b4,3270,465767,Superfamily,Astrorhizoidea,accepted,465767,Astrorhizoidea,Superfamily
446541,Rhabdamminidae,446540,7cd5b4,3270,414878,Family,Rhabdamminidae,accepted,414878,Rhabdamminidae,Family
446542,Bathysiphoninae,446541,7cd5b4,3270,737017,Subfamily,Bathysiphoninae,accepted,737017,Bathysiphoninae,Subfamily
446543,Bathysiphon,446542,7cd5b4,3270,112300,Genus,Bathysiphon,accepted,112300,Bathysiphon,Genus
446544,Haliclona (Halichoclona),444533,ba66ff,3270,166575,Subgenus,Haliclona (Halichoclona),accepted,166575,Haliclona (Halichoclona),Subgenus
446545,Haliclona (Halichoclona) sonnae,446544,ba66ff,3270,1338667,Species,Haliclona (Halichoclona) sonnae,accepted,1338667,Haliclona (Halichoclona) sonnae,Species
446546,Lamellibrachia,446499,94ff4d,3270,129107,Genus,Lamellibrachia,accepted,129107,Lamellibrachia,Genus
446547,Lamellibrachia columna,446546,94ff4d,3270,265813,Species,Lamellibrachia columna,accepted,265813,Lamellibrachia columna,Species
446548,Polyacanthonotus,446220,30c8f2,3270,125841,Genus,Polyacanthonotus,accepted,125841,Polyacanthonotus,Genus
446549,Polyacanthonotus rissoanus,446548,30c8f2,3270,126645,Species,Polyacanthonotus rissoanus,accepted,126645,Polyacanthonotus rissoanus,Species
446550,Harriotta haeckeli,446382,f23131,3270,105828,Species,Harriotta haeckeli,unaccepted,105829,Harriotta raleighana,Species
446551,Notoraja,444120,30c8f2,3270,270053,Genus,Notoraja,accepted,270053,Notoraja,Genus
446552,Notacanthus chemnitzii,446221,30c8f2,3270,126643,Species,Notacanthus chemnitzii,accepted,126643,Notacanthus chemnitzii,Species
446553,Lepidion schmidti,444039,30c8f2,3270,126496,Species,Lepidion schmidti,accepted,126496,Lepidion schmidti,Species
446554,Four-Rayed Rattail,446535,bbaaaa,3270,,Arbitrary,,,,,
446555,Nezumia,444018,30c8f2,3270,125754,Genus,Nezumia,accepted,125754,Nezumia,Genus
446556,Nezumia namatahi,446555,30c8f2,3270,272420,Species,Nezumia namatahi,accepted,272420,Nezumia namatahi,Species
446557,Sternoptychidae,443922,30c8f2,3270,125603,Family,Sternoptychidae,accepted,125603,Sternoptychidae,Family
446558,Maurolicinae,446557,30c8f2,3270,154224,Subfamily,Maurolicinae,accepted,154224,Maurolicinae,Subfamily
446559,Maurolicus,446558,30c8f2,3270,126197,Genus,Maurolicus,accepted,126197,Maurolicus,Genus
446560,Maurolicus australis,446559,30c8f2,3270,274968,Species,Maurolicus australis,accepted,274968,Maurolicus australis,Species
446561,Pearlside (Maurolicus australis),446560,bbaaaa,3270,,Arbitrary,,,,,
446562,Cutthroat eel,446190,bbaaaa,3270,,Arbitrary,,,,,
446563,Actinoscyphiidae,444314,c50707,3270,100654,Family,Actinoscyphiidae,accepted,100654,Actinoscyphiidae,Family
446564,Phelliactis,444315,c50707,3270,100762,Genus,Phelliactis,accepted,100762,Phelliactis,Genus
446565,Heteropolypus,443826,c50707,3270,345446,Genus,Heteropolypus,accepted,345446,Heteropolypus,Genus
446566,Acanella,445907,c50707,3270,125303,Genus,Acanella,accepted,125303,Acanella,Genus
446567,Distichoptilum,446230,c50707,3270,128497,Genus,Distichoptilum,accepted,128497,Distichoptilum,Genus
446568,Distichoptilum gracile,446567,c50707,3270,128524,Species,Distichoptilum gracile,accepted,128524,Distichoptilum gracile,Species
446569,Lipkiidae,443552,f230b8,3270,1067596,Family,Lipkiidae,accepted,1067596,Lipkiidae,Family
446570,Lipkius,446569,f230b8,3270,513970,Genus,Lipkius,accepted,513970,Lipkius,Genus
446571,Lipkius holthuisi,446570,f230b8,3270,514301,Species,Lipkius holthuisi,accepted,514301,Lipkius holthuisi,Species
446572,Astromesites,443348,2ee693,3270,291686,Genus,Astromesites,accepted,291686,Astromesites,Genus
446573,Astromesites primigenius,446572,2ee693,3270,291688,Species,Astromesites primigenius,accepted,291688,Astromesites primigenius,Species
446574,Diplopteraster,443375,2ee693,3270,123331,Genus,Diplopteraster,accepted,123331,Diplopteraster,Genus
446575,Diplopteraster sp.,446574,2ee693,3270,,Arbitrary,,,,,
446576,Pentagonasterinae,443358,2ee693,3270,196205,Subfamily,Pentagonasterinae,accepted,196205,Pentagonasterinae,Subfamily
446577,Pentagonaster,446576,2ee693,3270,123302,Genus,Pentagonaster,accepted,123302,Pentagonaster,Genus
446578,Pentagonaster pulchellus,446577,2ee693,3270,254778,Species,Pentagonaster pulchellus,accepted,254778,Pentagonaster pulchellus,Species
446579,Mediaster sladeni,443363,2ee693,3270,291645,Species,Mediaster sladeni,accepted,291645,Mediaster sladeni,Species
446580,Clarkcomidae,443396,0cf2c4,3270,1116874,Family,Clarkcomidae,accepted,1116874,Clarkcomidae,Family
446581,Clarkcoma,446580,0cf2c4,3270,242487,Genus,Clarkcoma,accepted,242487,Clarkcoma,Genus
446582,Clarkcoma bollonsi,446581,0cf2c4,3270,243239,Species,Clarkcoma bollonsi,accepted,243239,Clarkcoma bollonsi,Species
446583,Ophionereidina,443398,2ee693,3270,1062667,Suborder,Ophionereidina,accepted,1062667,Ophionereidina,Suborder
446584,Ophionereidoidea,446583,2ee693,3270,1077084,Superfamily,Ophionereidoidea,accepted,1077084,Ophionereidoidea,Superfamily
446585,Ophionereididae,446584,2ee693,3270,123199,Family,Ophionereididae,accepted,123199,Ophionereididae,Family
446586,Ophiochiton,446585,2ee693,3270,123552,Genus,Ophiochiton,accepted,123552,Ophiochiton,Genus
446587,Ophiochiton lentus,446586,2ee693,3270,243553,Species,Ophiochiton lentus,accepted,243553,Ophiochiton lentus,Species
446588,Ophiactoidea,443399,2ee693,3270,1079036,Superfamily,Ophiactoidea,accepted,1079036,Ophiactoidea,Superfamily
446589,Ophiactidae,446588,2ee693,3270,123207,Family,Ophiactidae,accepted,123207,Ophiactidae,Family
446590,Oneirophanta sp.,444233,2ee693,3270,,Arbitrary,,,,,
446591,Ellipinion,443673,2ee693,3270,123511,Genus,Ellipinion,accepted,123511,Ellipinion,Genus
446592,Ellipinion sp.,446591,2ee693,3270,,Arbitrary,,,,,
446593,Benthogone,443475,2ee693,3270,123522,Genus,Benthogone,accepted,123522,Benthogone,Genus
446594,Benthogone sp.,446593,2ee693,3270,,Arbitrary,,,,,
446595,Goniocidaris umbraculum,443416,e62d2d,3270,414196,Species,Goniocidaris umbraculum,alternative representation,513297,Goniocidaris (Goniocidaris) umbraculum,Species
446596,Caenopedina otagoensis,443445,2ee693,3270,512988,Species,Caenopedina otagoensis,accepted,512988,Caenopedina otagoensis,Species
446597,Hygrosoma sp.,446146,2ee693,3270,,Arbitrary,,,,,
446598,Sperosomatinae,444878,2ee693,3270,510905,Subfamily,Sperosomatinae,accepted,510905,Sperosomatinae,Subfamily
446599,Sperosoma,446598,2ee693,3270,123402,Genus,Sperosoma,accepted,123402,Sperosoma,Genus
446600,Sperosoma sp.,446599,2ee693,3270,,Arbitrary,,,,,
446601,Caenopedina porphyrogigas,443445,2ee693,3270,456755,Species,Caenopedina porphyrogigas,accepted,456755,Caenopedina porphyrogigas,Species
446602,Urechinidae,444211,2ee693,3270,123169,Family,Urechinidae,accepted,123169,Urechinidae,Family
446603,Urechinus,446602,2ee693,3270,123409,Genus,Urechinus,accepted,123409,Urechinus,Genus
446604,Urechinus sp.,446603,2ee693,3270,,Arbitrary,,,,,
446605,Sepiolidae,444968,f2d649,3270,11725,Family,Sepiolidae,accepted,11725,Sepiolidae,Family
446606,Heteroteuthinae,446605,f2d649,3270,877778,Subfamily,Heteroteuthinae,accepted,877778,Heteroteuthinae,Subfamily
446607,Iridoteuthis,446606,f2d649,3270,341436,Genus,Iridoteuthis,accepted,341436,Iridoteuthis,Genus
446608,Iridoteuthis maoria,446607,f24a4a,3270,342351,Species,Iridoteuthis maoria,unaccepted,410404,Stoloteuthis maoria,Species
446609,Chondrocladia,444775,ba66ff,3270,131894,Genus,Chondrocladia,accepted,131894,Chondrocladia,Genus
446610,Chondrocladia sp.,446609,ba66ff,3270,,Arbitrary,,,,,
446611,Dactylia varia,445841,ba66ff,3270,166273,Species,Dactylia varia,accepted,166273,Dactylia varia,Species
446612,Scopalinida,443730,ba66ff,3270,845472,Order,Scopalinida,accepted,845472,Scopalinida,Order
446613,Scopalinidae,446612,ba66ff,3270,598620,Family,Scopalinidae,accepted,598620,Scopalinidae,Family
446614,Stylissa,446613,ba66ff,3270,131781,Genus,Stylissa,accepted,131781,Stylissa,Genus
446615,Stylissa sp.,446614,ba66ff,3270,,Arbitrary,,,,,
446616,Ciocalypta sp.,444772,ba66ff,3270,,Arbitrary,,,,,
446617,Lamellomorpha australis,444736,ba66ff,3270,1334592,Species,Lamellomorpha australis,accepted,1334592,Lamellomorpha australis,Species
446618,Cymbastela,443769,ba66ff,3270,165527,Genus,Cymbastela,accepted,165527,Cymbastela,Genus
446619,Cymbastela lamellata,446618,ba66ff,3270,1027221,Species,Cymbastela lamellata,accepted,1027221,Cymbastela lamellata,Species
446620,Poecillastra ducitriaena,444559,ba66ff,3270,1335191,Species,Poecillastra ducitriaena,accepted,1335191,Poecillastra ducitriaena,Species
446621,Euplectella imperialis,443789,ba66ff,3270,171901,Species,Euplectella imperialis,accepted,171901,Euplectella imperialis,Species
446622,Chonelasma australe,445808,ba66ff,3270,577465,Species,Chonelasma australe,accepted,577465,Chonelasma australe,Species
446623,Rossella antarctica,444578,ba66ff,3270,172090,Species,Rossella antarctica,accepted,172090,Rossella antarctica,Species
446624,Farrea ananchorata,445793,ba66ff,3270,577457,Species,Farrea ananchorata,accepted,577457,Farrea ananchorata,Species
446625,Anomochone,445810,ba66ff,3270,171792,Genus,Anomochone,accepted,171792,Anomochone,Genus
446626,Anomochone expansa,446625,ba66ff,3270,171793,Species,Anomochone expansa,accepted,171793,Anomochone expansa,Species
446627,Aulocalyx,445787,ba66ff,3270,171608,Genus,Aulocalyx,accepted,171608,Aulocalyx,Genus
446628,Aulocalyx australis,446627,ba66ff,3270,577477,Species,Aulocalyx australis,accepted,577477,Aulocalyx australis,Species
446629,Bolosominae,443787,ba66ff,3270,171836,Subfamily,Bolosominae,accepted,171836,Bolosominae,Subfamily
446630,Chonelasma biscopulatum,445808,ba66ff,3270,577466,Species,Chonelasma biscopulatum,accepted,577466,Chonelasma biscopulatum,Species
446631,Ijimalophus,444627,ba66ff,3270,1423588,Genus,Ijimalophus,accepted,1423588,Ijimalophus,Genus
446632,Ijimalophus reflexus,446631,ba66ff,3270,1424563,Species,Ijimalophus reflexus,accepted,1424563,Ijimalophus reflexus,Species
446633,Ijimalophus cf. reflexus,446632,ba66ff,3270,,Arbitrary,,,,,
446634,Malacosaccus,443788,ba66ff,3270,132116,Genus,Malacosaccus,accepted,132116,Malacosaccus,Genus
446635,Malacosaccus microglobus,446634,ba66ff,3270,1287710,Species,Malacosaccus microglobus,accepted,1287710,Malacosaccus microglobus,Species
446636,Ampharetidae,444476,94ff4d,3270,981,Family,Ampharetidae,accepted,981,Ampharetidae,Family
446637,Bassanago,445007,30c8f2,3270,268499,Genus,Bassanago,accepted,268499,Bassanago,Genus
446638,Bassanago hirsutus,446637,30c8f2,3270,279866,Species,Bassanago hirsutus,accepted,279866,Bassanago hirsutus,Species
446639,Hairy conger,446638,bbaaaa,3270,,Arbitrary,,,,,
446640,Lanternshark,446232,bbaaaa,3270,,Arbitrary,,,,,
446641,Siphonophorae,443502,c50707,3270,1371,Order,Siphonophorae,accepted,1371,Siphonophorae,Order
446642,Siphonophore,446641,bbaaaa,3270,,Arbitrary,,,,,
446643,Saccocalyx,446629,ba66ff,3270,171844,Genus,Saccocalyx,accepted,171844,Saccocalyx,Genus
446644,Saccocalyx tetractinus,446643,ba66ff,3270,1287781,Species,Saccocalyx tetractinus,accepted,1287781,Saccocalyx tetractinus,Species
446645,Triadopathes,445871,c50707,3270,267918,Genus,Triadopathes,accepted,267918,Triadopathes,Genus
446646,Bathyraja shuntovi,444121,30c8f2,3270,271533,Species,Bathyraja shuntovi,accepted,271533,Bathyraja shuntovi,Species
446647,Longnose deepsea skate,446646,bbaaaa,3270,,Arbitrary,,,,,
446648,Paractinopoda,443172,2ee693,3270,1393260,Subclass,Paractinopoda,accepted,1393260,Paractinopoda,Subclass
446649,Apodida,446648,2ee693,3270,123108,Order,Apodida,accepted,123108,Apodida,Order
446650,ANT bright purple 25,443264,bbaaaa,3270,,Arbitrary,,,,,
446651,Foram black glossy,443292,bbaaaa,3270,,Arbitrary,,,,,
446652,Rhynchonelliformea,443276,bbe62e,3270,104018,Subphylum,Rhynchonelliformea,accepted,104018,Rhynchonelliformea,Subphylum
446653,Rhynchonellata,446652,bbe62e,3270,104020,Class,Rhynchonellata,accepted,104020,Rhynchonellata,Class
446654,Terebratulida,446653,bbe62e,3270,104023,Order,Terebratulida,accepted,104023,Terebratulida,Order
446655,Terebratellidina,446654,bbe62e,3270,235251,Suborder,Terebratellidina,accepted,235251,Terebratellidina,Suborder
446656,Terebratelloidea,446655,bbe62e,3270,235331,Superfamily,Terebratelloidea,accepted,235331,Terebratelloidea,Superfamily
446657,Terebratellidae,446656,bbe62e,3270,235332,Family,Terebratellidae,accepted,235332,Terebratellidae,Family
446658,Terebratellinae,446657,bbe62e,3270,235333,Subfamily,Terebratellinae,accepted,235333,Terebratellinae,Subfamily
446659,Neothyris,446658,bbe62e,3270,235341,Genus,Neothyris,accepted,235341,Neothyris,Genus
446660,Neothyris lenticularis,446659,bbe62e,3270,235676,Species,Neothyris lenticularis,accepted,235676,Neothyris lenticularis,Species
446661,Actinoscyphia,446563,c50707,3270,100707,Genus,Actinoscyphia,accepted,100707,Actinoscyphia,Genus
446662,Ophiura,444261,2ee693,3270,123574,Genus,Ophiura,accepted,123574,Ophiura,Genus
446663,Psolus,444243,2ee693,3270,146121,Genus,Psolus,accepted,146121,Psolus,Genus
446664,Psolus antarcticus,446663,2ee693,3270,174103,Species,Psolus antarcticus,accepted,174103,Psolus antarcticus,Species
446665,Fannyella,443831,c50707,3270,267435,Genus,Fannyella,accepted,267435,Fannyella,Genus
446666,Paraconotrochus,443802,c50707,3270,267677,Genus,Paraconotrochus,accepted,267677,Paraconotrochus,Genus
446667,Paraconotrochus antarcticus,446666,c50707,3270,290632,Species,Paraconotrochus antarcticus,accepted,290632,Paraconotrochus antarcticus,Species
446668,Muraenolepis evseenkoi,444043,30c8f2,3270,712466,Species,Muraenolepis evseenkoi,accepted,712466,Muraenolepis evseenkoi,Species
446669,Polymastia invaginata,444790,ba66ff,3270,170639,Species,Polymastia invaginata,accepted,170639,Polymastia invaginata,Species
446670,Ophlitaspongiinae,444776,ba66ff,3270,167842,Subfamily,Ophlitaspongiinae,accepted,167842,Ophlitaspongiinae,Subfamily
446671,Artemisina,446670,ba66ff,3270,131866,Genus,Artemisina,accepted,131866,Artemisina,Genus
446672,Artemisina jovis,446671,ba66ff,3270,175136,Species,Artemisina jovis,accepted,175136,Artemisina jovis,Species
446673,Inflatella coelosphaeroides,444540,ba66ff,3270,168898,Species,Inflatella coelosphaeroides,accepted,168898,Inflatella coelosphaeroides,Species
446674,Chonelasma choanoides,445808,ba66ff,3270,171662,Species,Chonelasma choanoides,accepted,171662,Chonelasma choanoides,Species
446675,Lefroyella ceramensis,445818,ba66ff,3270,171716,Species,Lefroyella ceramensis,accepted,171716,Lefroyella ceramensis,Species
446676,Lefroyella cf. ceramensis,446675,ba66ff,3270,,Arbitrary,,,,,
446677,Cornulum,444808,ba66ff,3270,131862,Genus,Cornulum,accepted,131862,Cornulum,Genus
446678,Cornulum antarcticum,446677,ba66ff,3270,737513,Species,Cornulum antarcticum,accepted,737513,Cornulum antarcticum,Species
446679,Carpophyllum maschalocarpum,444653,7cd5b4,3270,373377,Species,Carpophyllum maschalocarpum,accepted,373377,Carpophyllum maschalocarpum,Species
446680,Coralline algae,444678,bbaaaa,3270,,Arbitrary,,,,,
446681,Distromium,445027,7cd5b4,3270,204154,Genus,Distromium,accepted,204154,Distromium,Genus
446682,Seirococcaceae,444651,7cd5b4,3270,325417,Family,Seirococcaceae,accepted,325417,Seirococcaceae,Family
446683,Marginariella,446682,7cd5b4,3270,369864,Genus,Marginariella,accepted,369864,Marginariella,Genus
446684,Marginariella sp.?,446683,7cd5b4,3270,,Arbitrary,,,,,
446686,Prasinodermatophyta,444670,f25124,3270,1648792,Phylum (Division),Prasinodermatophyta,accepted,1648792,Prasinodermatophyta,Phylum (Division)
446687,Palmophyllophyceae,446686,f25124,3270,1648794,Class,Palmophyllophyceae,accepted,1648794,Palmophyllophyceae,Class
446688,Palmophyllales,446687,f25124,3270,599682,Order,Palmophyllales,accepted,599682,Palmophyllales,Order
446689,Palmophyllaceae,446688,f25124,3270,599683,Family,Palmophyllaceae,accepted,599683,Palmophyllaceae,Family
446690,Palmophyllum,446689,f25124,3270,144281,Genus,Palmophyllum,accepted,144281,Palmophyllum,Genus
446691,Palmophyllum umbracola,446690,f25124,3270,373401,Species,Palmophyllum umbracola,accepted,373401,Palmophyllum umbracola,Species
446692,Rhodolith,444662,bbaaaa,3270,,Arbitrary,,,,,
446693,Aplidium,446127,30c8f2,3270,103471,Genus,Aplidium,accepted,103471,Aplidium,Genus
446694,Aplidium knoxi,446693,30c8f2,3270,249875,Species,Aplidium knoxi,accepted,249875,Aplidium knoxi,Species
446695,Clionaida,443730,ba66ff,3270,845506,Order,Clionaida,accepted,845506,Clionaida,Order
446696,Clionaidae,446695,ba66ff,3270,170417,Family,Clionaidae,accepted,170417,Clionaidae,Family
446697,Cliona,446696,ba66ff,3270,132026,Genus,Cliona,accepted,132026,Cliona,Genus
446698,Cliona celata,446697,b966fe,3270,134121,Species,Cliona celata,accepted,134121,Cliona celata,Species
446699,Cliona cf. celata,446698,b966fe,3270,,Arbitrary,,,,,
446700,Didemnum densum,446120,30c8f2,3270,250494,Species,Didemnum densum,accepted,250494,Didemnum densum,Species
446701,Didemnum jucundum,446120,30c8f2,3270,250528,Species,Didemnum jucundum,accepted,250528,Didemnum jucundum,Species
446702,Holozoidae,444741,30c8f2,3270,154135,Family,Holozoidae,accepted,154135,Holozoidae,Family
446703,Hypsistozoa,446702,30c8f2,3270,249544,Genus,Hypsistozoa,accepted,249544,Hypsistozoa,Genus
446704,Hypsistozoa fasmeriana,446703,30c8f2,3270,250706,Species,Hypsistozoa fasmeriana,accepted,250706,Hypsistozoa fasmeriana,Species
446705,Leptoclinides,446119,30c8f2,3270,103458,Genus,Leptoclinides,accepted,103458,Leptoclinides,Genus
446706,Leptoclinides novaezelandiae,446705,30c8f2,3270,250753,Species,Leptoclinides novaezelandiae,accepted,250753,Leptoclinides novaezelandiae,Species
446707,Polyclinum,446127,30c8f2,3270,103474,Genus,Polyclinum,accepted,103474,Polyclinum,Genus
446708,Polyclinum novaezelandiae,446707,30c8f2,3270,251107,Species,Polyclinum novaezelandiae,accepted,251107,Polyclinum novaezelandiae,Species
446709,Clavelinidae,444741,30c8f2,3270,103438,Family,Clavelinidae,accepted,103438,Clavelinidae,Family
446710,Pycnoclavella,446709,30c8f2,3270,103454,Genus,Pycnoclavella,accepted,103454,Pycnoclavella,Genus
446711,Pycnoclavella kottae,446710,30c8f2,3270,266050,Species,Pycnoclavella kottae,accepted,266050,Pycnoclavella kottae,Species
446712,Diplosoma velatum,446122,30c8f2,3270,250420,Species,Diplosoma velatum,accepted,250420,Diplosoma velatum,Species
446713,Corynactis,444311,c50707,3270,100785,Genus,Corynactis,accepted,100785,Corynactis,Genus
446714,Corynactis australis,446713,c50707,3270,283834,Species,Corynactis australis,accepted,283834,Corynactis australis,Species
446715,Parazoanthidae,445686,c50707,3270,100689,Family,Parazoanthidae,accepted,100689,Parazoanthidae,Family
446716,Parazoanthus,446715,c50707,3270,100793,Genus,Parazoanthus,accepted,100793,Parazoanthus,Genus
446717,Parazoanthus sp.,446716,c50707,3270,,Arbitrary,,,,,
446718,Myriopathidae,443501,f22b24,3270,266963,Family,Myriopathidae,accepted,266963,Myriopathidae,Family
446719,Antipathella,446718,f22b24,3270,267233,Genus,Antipathella,accepted,267233,Antipathella,Genus
446720,Antipathella fiordensis,446719,f22b24,3270,289445,Species,Antipathella fiordensis,accepted,289445,Antipathella fiordensis,Species
446721,Antipathella sp.,446719,f22b24,3270,,Arbitrary,,,,,
446722,Lillipathes,443850,c50707,3270,267553,Genus,Lillipathes,accepted,267553,Lillipathes,Genus
446723,Lillipathes lillei,446722,c50707,3270,290291,Species,Lillipathes lillei,accepted,290291,Lillipathes lillei,Species
446724,Lillipathes lilliei,446723,c59c07,3270,,Arbitrary,,,,,
446725,Stichopathes,443857,c50707,3270,103308,Genus,Stichopathes,accepted,103308,Stichopathes,Genus
446726,Stichopathes sp.,446725,c50707,3270,,Arbitrary,,,,,
446727,Stylopathes tenuispina,445872,c50707,3270,589751,Species,Stylopathes tenuispina,accepted,589751,Stylopathes tenuispina,Species
446728,Caryophyllia,443802,c50707,3270,135085,Genus,Caryophyllia,accepted,135085,Caryophyllia,Genus
446729,Monomyces,443817,c50707,3270,135116,Genus,Monomyces,accepted,135116,Monomyces,Genus
446730,Monomyces rubrum,446729,c50707,3270,287039,Species,Monomyces rubrum,accepted,287039,Monomyces rubrum,Species
446731,Oculinidae,443801,c50707,3270,135078,Family,Oculinidae,accepted,135078,Oculinidae,Family
446732,Oculina,446731,c50707,3270,135124,Genus,Oculina,accepted,135124,Oculina,Genus
446733,Oculina virgosa,446732,c50707,3270,287103,Species,Oculina virgosa,accepted,287103,Oculina virgosa,Species
446734,Ellisellidae,443824,c50707,3270,125274,Family,Ellisellidae,accepted,125274,Ellisellidae,Family
446735,Metafannyella,443831,c50707,3270,409513,Genus,Metafannyella,accepted,409513,Metafannyella,Genus
446736,Metafannyella moseleyi,446735,c50707,3270,1774508,Species,Metafannyella moseleyi,accepted,1774508,Metafannyella moseleyi,Species
446737,Perissogorgia,443831,c50707,3270,267723,Genus,Perissogorgia,accepted,267723,Perissogorgia,Genus
446738,Perissogorgia vitrea,446737,c50707,3270,290724,Species,Perissogorgia vitrea,accepted,290724,Perissogorgia vitrea,Species
446739,Perissogorgia sp.,446737,c50707,3270,,Arbitrary,,,,,
446740,Melithaeidae,443794,c50707,3270,196230,Family,Melithaeidae,accepted,196230,Melithaeidae,Family
446741,Alcyonium,443852,c50707,3270,125284,Genus,Alcyonium,accepted,125284,Alcyonium,Genus
446742,Alcyonium sp.,446741,c50707,3270,,Arbitrary,,,,,
446743,Eleutherobia,443852,c50707,3270,203986,Genus,Eleutherobia,accepted,203986,Eleutherobia,Genus
446744,Eleutherobia sp.,446743,c50707,3270,,Arbitrary,,,,,
446745,Eleutherobia splendens,446743,c50707,3270,287767,Species,Eleutherobia splendens,accepted,287767,Eleutherobia splendens,Species
446746,Eleutherobia cf. splendens,446745,c50707,3270,,Arbitrary,,,,,
446747,Lytocarpia spiralis,446480,c50707,3270,284180,Species,Lytocarpia spiralis,accepted,284180,Lytocarpia spiralis,Species
446748,Terebratulidina,446654,bbe62e,3270,235210,Suborder,Terebratulidina,accepted,235210,Terebratulidina,Suborder
446749,Terebratuloidea,446748,bbe62e,3270,235211,Superfamily,Terebratuloidea,accepted,235211,Terebratuloidea,Superfamily
446750,Terebratulidae,446749,bbe62e,3270,104035,Family,Terebratulidae,accepted,104035,Terebratulidae,Family
446751,Terebratulinae,446750,bbe62e,3270,235212,Subfamily,Terebratulinae,accepted,235212,Terebratulinae,Subfamily
446752,Liothyrella,446751,bbe62e,3270,231829,Genus,Liothyrella,accepted,231829,Liothyrella,Genus
446753,Liothyrella sp.,446752,bbe62e,3270,,Arbitrary,,,,,
446754,Candidae,444361,0dff6a,3270,110734,Family,Candidae,accepted,110734,Candidae,Family
446755,Catenicelloidea,444354,00f234,3270,393231,Superfamily,Catenicelloidea,accepted,393231,Catenicelloidea,Superfamily
446756,Catenicellidae,446755,00f234,3270,393232,Family,Catenicellidae,accepted,393232,Catenicellidae,Family
446757,Cinctiporidae,444392,0dff6a,3270,467943,Family,Cinctiporidae,accepted,467943,Cinctiporidae,Family
446758,Cinctipora,446757,0dff6a,3270,468606,Genus,Cinctipora,accepted,468606,Cinctipora,Genus
446759,Cinctipora elegans,446758,0dff6a,3270,472127,Species,Cinctipora elegans,accepted,472127,Cinctipora elegans,Species
446760,Cerioporina,444379,ff0f0f,3270,238295,Suborder,Cerioporina,accepted,238295,Cerioporina,Suborder
446761,Heteroporidae,446760,ff0f0f,3270,248341,Family,Heteroporidae,accepted,248341,Heteroporidae,Family
446762,Heteropora,446761,ff0f0f,3270,248342,Genus,Heteropora,accepted,248342,Heteropora,Genus
446763,Heteropora neozelanica,446762,ff0f0f,3270,471602,Species,Heteropora neozelanica,unaccepted,573181,Tetrocycloecia neozelanica,Species
446764,Iodictyum,444401,0dff6a,3270,391469,Genus,Iodictyum,accepted,391469,Iodictyum,Genus
446765,Iodictyum yaldwyni,446764,0dff6a,3270,471623,Species,Iodictyum yaldwyni,accepted,471623,Iodictyum yaldwyni,Species
446766,Margarettidae,444717,0dff6a,3270,110761,Family,Margarettidae,accepted,110761,Margarettidae,Family
446767,Margaretta,446766,0dff6a,3270,110937,Genus,Margaretta,accepted,110937,Margaretta,Genus
446768,Margaretta barbata,446767,0dff6a,3270,469942,Species,Margaretta barbata,accepted,469942,Margaretta barbata,Species
446769,Thalamoporellina,444353,0dff6a,3270,827609,Suborder,Thalamoporellina,accepted,827609,Thalamoporellina,Suborder
446770,Thalamoporelloidea,446769,0dff6a,3270,827612,Superfamily,Thalamoporelloidea,accepted,827612,Thalamoporelloidea,Superfamily
446771,Steginoporellidae,446770,0dff6a,3270,196092,Family,Steginoporellidae,accepted,196092,Steginoporellidae,Family
446772,Steginoporella,446771,0dff6a,3270,204810,Genus,Steginoporella,accepted,204810,Steginoporella,Genus
446773,Steginoporella neozelanica,446772,0dff6a,3270,471413,Species,Steginoporella neozelanica,accepted,471413,Steginoporella neozelanica,Species
446774,Steginoporella perplexa,446772,0dff6a,3270,471425,Species,Steginoporella perplexa,accepted,471425,Steginoporella perplexa,Species
446775,Buccinulum,443611,f2d649,3270,137700,Genus,Buccinulum,accepted,137700,Buccinulum,Genus
446776,Buccinulum pertinax,446775,f2d649,3270,491393,Species,Buccinulum pertinax,accepted,491393,Buccinulum pertinax,Species
446777,Maurea,443637,f2d649,3270,465583,Genus,Maurea,accepted,465583,Maurea,Genus
446778,Maurea waikanae,446777,f2d649,3270,759503,Species,Maurea waikanae,accepted,759503,Maurea waikanae,Species
446779,Talochlamys,444915,f2d649,3270,236713,Genus,Talochlamys,accepted,236713,Talochlamys,Genus
446780,Talochlamys gemmulata,446779,f2d649,3270,393593,Species,Talochlamys gemmulata,accepted,393593,Talochlamys gemmulata,Species
446781,Acanthella dendyi,445862,ba66ff,3270,410697,Species,Acanthella dendyi,accepted,410697,Acanthella dendyi,Species
446782,Antho,446670,ba66ff,3270,131865,Genus,Antho,accepted,131865,Antho,Genus
446783,Antho (Antho),446782,ba66ff,3270,167877,Subgenus,Antho (Antho),accepted,167877,Antho (Antho),Subgenus
446784,Antho (Antho) brondstedi,446783,ba66ff,3270,167881,Species,Antho (Antho) brondstedi,accepted,167881,Antho (Antho) brondstedi,Species
446785,Biemnida,443730,ba66ff,3270,736911,Order,Biemnida,accepted,736911,Biemnida,Order
446786,Biemnidae,446785,ba66ff,3270,150266,Family,Biemnidae,accepted,150266,Biemnidae,Family
446787,Biemna,446786,ba66ff,3270,131897,Genus,Biemna,accepted,131897,Biemna,Genus
446788,Biemna rufescens,446787,ba66ff,3270,168284,Species,Biemna rufescens,accepted,168284,Biemna rufescens,Species
446789,Callyspongia annulata,444754,ba66ff,3270,166064,Species,Callyspongia annulata,accepted,166064,Callyspongia annulata,Species
446790,Callyspongia cf. annulata,446789,ba66ff,3270,,Arbitrary,,,,,
446791,Callyspongia ramosa,444754,ff6666,3270,166143,Species,Callyspongia ramosa,unaccepted,1424111,Callyspongia (Callyspongia) nuda,Species
446792,Cinachyrella,443775,ba66ff,3270,171287,Genus,Cinachyrella,accepted,171287,Cinachyrella,Genus
446793,Cinachyrella sp.,446792,ba66ff,3270,,Arbitrary,,,,,
446794,Clathria (Thalysias),444779,ba66ff,3270,167703,Subgenus,Clathria (Thalysias),accepted,167703,Clathria (Thalysias),Subgenus
446795,Clathria (Thalysias) coriocrassus,446794,ba66ff,3270,167721,Species,Clathria (Thalysias) coriocrassus,accepted,167721,Clathria (Thalysias) coriocrassus,Species
446796,Clathria terraenovae,444779,ff6666,3270,175227,Species,Clathria terraenovae,alternative representation,167579,Clathria (Clathria) terraenovae,Species
446797,Clathria (Microciona),444779,ba66ff,3270,167605,Subgenus,Clathria (Microciona),accepted,167605,Clathria (Microciona),Subgenus
446798,Clathria (Microciona) scotti,446797,ba66ff,3270,167680,Species,Clathria (Microciona) scotti,accepted,167680,Clathria (Microciona) scotti,Species
446799,Clathria scotti,446798,ba66ff,3270,,Arbitrary,,,,,
446800,Darwinella,444523,ba66ff,3270,131740,Genus,Darwinella,accepted,131740,Darwinella,Genus
446801,Darwinella gardineri,446800,ba66ff,3270,132308,Species,Darwinella gardineri,accepted,132308,Darwinella gardineri,Species
446802,Darwinella cf. gardineri,446801,ba66ff,3270,,Arbitrary,,,,,
446803,Darwinella oxeata,446800,ba66ff,3270,164871,Species,Darwinella oxeata,accepted,164871,Darwinella oxeata,Species
446804,Dendrilla sp.,444524,ba66ff,3270,,Arbitrary,,,,,
446805,Dysidea sp.,444528,ba66ff,3270,,Arbitrary,,,,,
446806,Ecionemia alata,446158,ba66ff,3270,701569,Species,Ecionemia alata,accepted,701569,Ecionemia alata,Species
446807,Geodia rex,443751,ba66ff,3270,414490,Species,Geodia rex,accepted,414490,Geodia rex,Species
446808,Haliclona sp.,444533,ba66ff,3270,,Arbitrary,,,,,
446809,Haliclona (Gellius) regia,444821,ba66ff,3270,166554,Species,Haliclona (Gellius) regia,accepted,166554,Haliclona (Gellius) regia,Species
446810,Homaxinella erecta,444537,ba66ff,3270,184525,Species,Homaxinella erecta,accepted,184525,Homaxinella erecta,Species
446811,Hymedesmia,444555,ba66ff,3270,131950,Genus,Hymedesmia,accepted,131950,Hymedesmia,Genus
446812,Hymedesmia (Stylopus),446811,ba66ff,3270,169279,Subgenus,Hymedesmia (Stylopus),accepted,169279,Hymedesmia (Stylopus),Subgenus
446813,Hymedesmia (Stylopus) australis,446812,ba66ff,3270,239395,Species,Hymedesmia (Stylopus) australis,accepted,239395,Hymedesmia (Stylopus) australis,Species
446814,Leucettusa tubulosa,444846,ff6666,3270,164729,Species,Leucettusa tubulosa,unaccepted,1657925,Rowella tubulosa,Species
446815,Mycale novaezealandiae,444543,ff6666,3270,192564,Species,Mycale novaezealandiae,alternative representation,168650,Mycale (Mycale) novaezealandiae,Species
446817,Myxilla (Ectyomyxilla),444546,ff6666,3270,169427,Subgenus,Myxilla (Ectyomyxilla),accepted,169427,Myxilla (Ectyomyxilla),Subgenus
446818,Myxilla (Ectyomyxilla) ramosa,446817,ff6666,3270,169439,Species,Myxilla (Ectyomyxilla) ramosa,unaccepted,1424209,Myxilla (Ectyomyxilla) janeae,Species
446819,Desmanthidae,445860,ba66ff,3270,131680,Family,Desmanthidae,accepted,131680,Desmanthidae,Family
446820,Petromica,446819,ba66ff,3270,131813,Genus,Petromica,accepted,131813,Petromica,Genus
446821,Petromica sp.,446820,ba66ff,3270,,Arbitrary,,,,,
446822,Pleroma sp.,444751,ba66ff,3270,,Arbitrary,,,,,
446823,Podospongiidae,443742,ba66ff,3270,168707,Family,Podospongiidae,accepted,168707,Podospongiidae,Family
446824,Podospongia,446823,ba66ff,3270,132040,Genus,Podospongia,accepted,132040,Podospongia,Genus
446825,Podospongia virga,446824,ba66ff,3270,578735,Species,Podospongia virga,accepted,578735,Podospongia virga,Species
446826,Polymastia aurantia,444790,ba66ff,3270,246102,Species,Polymastia aurantia,accepted,246102,Polymastia aurantia,Species
446827,Polymastia massalis,444790,ba66ff,3270,170648,Species,Polymastia massalis,accepted,170648,Polymastia massalis,Species
446828,Calcarea?,444630,ba66ff,3270,,Arbitrary,,,,,
446829,Calyx sp.?,444501,ba66ff,3270,,Arbitrary,,,,,
446830,Phloeodictyidae?,444500,ba66ff,3270,,Arbitrary,,,,,
446831,Psammocinia sp.,444831,ba66ff,3270,,Arbitrary,,,,,
446832,Psammocinia beresfordae,444831,ba66ff,3270,165063,Species,Psammocinia beresfordae,accepted,165063,Psammocinia beresfordae,Species
446833,Raspailia (Raspaxilla),444786,ba66ff,3270,168134,Subgenus,Raspailia (Raspaxilla),accepted,168134,Raspailia (Raspaxilla),Subgenus
446834,Raspailia (Raspaxilla) inaequalis,446833,ba66ff,3270,987077,Species,Raspailia (Raspaxilla) inaequalis,accepted,987077,Raspailia (Raspaxilla) inaequalis,Species
446835,Crateromorpha,443784,ba66ff,3270,172068,Genus,Crateromorpha,accepted,172068,Crateromorpha,Genus
446837,Reidispongia,443733,ba66ff,3270,171161,Genus,Reidispongia,accepted,171161,Reidispongia,Genus
446838,Reidispongia coerulea,446837,ba66ff,3270,171162,Species,Reidispongia coerulea,accepted,171162,Reidispongia coerulea,Species
446839,Siphonochalina,444753,ba66ff,3270,131827,Genus,Siphonochalina,accepted,131827,Siphonochalina,Genus
446840,Siphonochalina sp.,446839,ba66ff,3270,,Arbitrary,,,,,
446842,Stelletta maori,444738,ba66ff,3270,169959,Species,Stelletta maori,accepted,169959,Stelletta maori,Species
446843,Stryphnus,443753,ba66ff,3270,131995,Genus,Stryphnus,accepted,131995,Stryphnus,Genus
446844,Stryphnus ariena,446843,ba66ff,3270,701600,Species,Stryphnus ariena,accepted,701600,Stryphnus ariena,Species
446845,Stryphnus levis,446843,ba66ff,3270,701580,Species,Stryphnus levis,accepted,701580,Stryphnus levis,Species
446846,Stryphnus sp.,446843,ba66ff,3270,,Arbitrary,,,,,
446847,Tedania diversirhaphidiophora,444566,ba66ff,3270,194286,Species,Tedania diversirhaphidiophora,alternative representation,169559,Tedania (Tedania) diversirhaphidiophora,Species
446848,Tedania diversiraphidiophora,446847,ff6666,3270,,Arbitrary,,,,,
446849,Tethyopsis mortenseni,443754,ba66ff,3270,170028,Species,Tethyopsis mortenseni,accepted,170028,Tethyopsis mortenseni,Species
446850,Tetilla,443775,ba66ff,3270,132095,Genus,Tetilla,accepted,132095,Tetilla,Genus
446851,Tetilla australis,446850,ba66ff,3270,171370,Species,Tetilla australis,accepted,171370,Tetilla australis,Species
446852,Xestospongia novaezealandiae,444806,ba66ff,3270,166895,Species,Xestospongia novaezealandiae,accepted,166895,Xestospongia novaezealandiae,Species
446853,Xestospongia novaezelandiae,446852,ff6666,3270,,Arbitrary,,,,,
446854,Raspailia n. sp.,444786,ba66ff,3270,,Arbitrary,,,,,
446855,Asterininae,444185,2ee693,3270,1424618,Subfamily,Asterininae,accepted,1424618,Asterininae,Subfamily
446856,Knightaster,446855,2ee693,3270,291671,Genus,Knightaster,accepted,291671,Knightaster,Genus
446857,Knightaster sp.,446856,2ee693,3270,,Arbitrary,,,,,
446858,Ophidiaster,444858,2ee693,3270,123314,Genus,Ophidiaster,accepted,123314,Ophidiaster,Genus
446859,Ophidiaster macknighti,446858,2ee693,3270,291674,Species,Ophidiaster macknighti,accepted,291674,Ophidiaster macknighti,Species
446860,Diplodontias,444162,40ff96,3270,177910,Genus,Diplodontias,accepted,177910,Diplodontias,Genus
446861,Diplodontias miliaris,446860,40ff96,3270,291660,Species,Diplodontias miliaris,accepted,291660,Diplodontias miliaris,Species
446862,Diadema,445032,2ee693,3270,123395,Genus,Diadema,accepted,123395,Diadema,Genus
446863,Diadema palmeri,446862,2ee693,3270,414213,Species,Diadema palmeri,accepted,414213,Diadema palmeri,Species
446864,Pseudechinus huttoni,443449,2ee693,3270,414220,Species,Pseudechinus huttoni,accepted,414220,Pseudechinus huttoni,Species
446865,Astrobrachion,444874,2ee693,3270,242380,Genus,Astrobrachion,accepted,242380,Astrobrachion,Genus
446866,Astrobrachion constrictum,446865,2ee693,3270,243146,Species,Astrobrachion constrictum,accepted,243146,Astrobrachion constrictum,Species
446867,Astrobrachion contrictum,446866,e62d2d,3270,,Arbitrary,,,,,
446868,Ophiopsammus sp.,445603,2ee693,3270,,Arbitrary,,,,,
446869,Holothuriida,443462,2ee693,3270,1036233,Order,Holothuriida,accepted,1036233,Holothuriida,Order
446870,Holothuriidae,446869,2ee693,3270,731943,Family,Holothuriidae,accepted,731943,Holothuriidae,Family
446871,Holothuria,446870,2ee693,3270,123456,Genus,Holothuria,accepted,123456,Holothuria,Genus
446872,Holothuria integra,446871,e62d2d,3270,732347,Species,Holothuria integra,alternative representation,241878,Holothuria (Vaneyothuria) integra,Species
446873,Dendrilla cf. rosea,444818,ba66ff,3270,,Arbitrary,,,,,
446874,Xestospongia coralloides,444806,ba66ff,3270,166882,Species,Xestospongia coralloides,accepted,166882,Xestospongia coralloides,Species
446875,Suberites australiensis,443764,ba66ff,3270,170836,Species,Suberites australiensis,accepted,170836,Suberites australiensis,Species
446876,Suberites perfectus,443764,ba66ff,3270,170864,Species,Suberites perfectus,accepted,170864,Suberites perfectus,Species
446877,Suberites cf. perfectus,446876,ba66ff,3270,,Arbitrary,,,,,
446878,Aaptos conferta,445045,ba66ff,3270,170733,Species,Aaptos conferta,accepted,170733,Aaptos conferta,Species
446879,Hamigera,444555,ba66ff,3270,131947,Genus,Hamigera,accepted,131947,Hamigera,Genus
446880,Hamigera tarangaensis,446879,ba66ff,3270,169132,Species,Hamigera tarangaensis,accepted,169132,Hamigera tarangaensis,Species
446881,Styela plicata,445565,30c8f2,3270,103936,Species,Styela plicata,accepted,103936,Styela plicata,Species
446882,Sycozoa,446702,30c8f2,3270,103469,Genus,Sycozoa,accepted,103469,Sycozoa,Genus
446883,Sycozoa sigillinoides,446882,30c8f2,3270,173399,Species,Sycozoa sigillinoides,accepted,173399,Sycozoa sigillinoides,Species
446884,Pararhaphoxya,443769,ba66ff,3270,165567,Genus,Pararhaphoxya,accepted,165567,Pararhaphoxya,Genus
446885,Pararhaphoxya sinclairi,446884,ba66ff,3270,410700,Species,Pararhaphoxya sinclairi,accepted,410700,Pararhaphoxya sinclairi,Species
446886,Clathrinidae,444844,ba66ff,3270,131619,Family,Clathrinidae,accepted,131619,Clathrinidae,Family
446887,Clathrina,446886,ba66ff,3270,131729,Genus,Clathrina,accepted,131729,Clathrina,Genus
446888,Clathrina sp.,446887,ba66ff,3270,,Arbitrary,,,,,
446889,Desmacidon sp.,446155,ba66ff,3270,,Arbitrary,,,,,
446890,Thorectandra,444835,ba66ff,3270,131770,Genus,Thorectandra,accepted,131770,Thorectandra,Genus
446891,Thorectandra papillosus,446890,ba66ff,3270,1042654,Species,Thorectandra papillosus,accepted,1042654,Thorectandra papillosus,Species
446892,Chelonaplysilla,444523,ba66ff,3270,131739,Genus,Chelonaplysilla,accepted,131739,Chelonaplysilla,Genus
446893,Chelonaplysilla violacea,446892,ba66ff,3270,164869,Species,Chelonaplysilla violacea,accepted,164869,Chelonaplysilla violacea,Species
446894,Guitarridae,443742,ba66ff,3270,131646,Family,Guitarridae,accepted,131646,Guitarridae,Family
446895,Tetrapocillon,446894,ba66ff,3270,168410,Genus,Tetrapocillon,accepted,168410,Tetrapocillon,Genus
446896,Tetrapocillon novaezealandiae,446895,ba66ff,3270,168414,Species,Tetrapocillon novaezealandiae,accepted,168414,Tetrapocillon novaezealandiae,Species
446897,Callyspongia latituba,444754,ba66ff,3270,166119,Species,Callyspongia latituba,accepted,166119,Callyspongia latituba,Species
446898,Cenolia,444870,2ee693,3270,246686,Genus,Cenolia,accepted,246686,Cenolia,Genus
446899,Cenolia novaezealandiae,446898,2ee693,3270,1389717,Species,Cenolia novaezealandiae,accepted,1389717,Cenolia novaezealandiae,Species
446900,Menipea,446754,0dff6a,3270,173123,Genus,Menipea,accepted,173123,Menipea,Genus
446901,Menipea vectifera,446900,0dff6a,3270,471146,Species,Menipea vectifera,accepted,471146,Menipea vectifera,Species
446902,Tumbleweed sponge,443267,bbaaaa,3270,,Arbitrary,,,,,
446903,Acanthogorgiidae,443794,c50707,3270,125272,Family,Acanthogorgiidae,accepted,125272,Acanthogorgiidae,Family
446904,Arntzia,443831,c50707,3270,267237,Genus,Arntzia,accepted,267237,Arntzia,Genus
446905,Arntzia gracilis,446904,c50707,3270,289455,Species,Arntzia gracilis,accepted,289455,Arntzia gracilis,Species
446906,Inferiolabiata,443505,c50707,3270,231558,Genus,Inferiolabiata,unaccepted,267683,Paraerrina,Genus
446907,Inferiolabiata labiata,446906,be9607,3270,289283,Species,Inferiolabiata labiata,unaccepted,1782248,Paraerrina labiata,Species
446908,Balanomorpha,445751,f230b8,3270,106039,Order,Balanomorpha,accepted,106039,Balanomorpha,Order
446909,Coronuloidea,446908,f230b8,3270,106043,Superfamily,Coronuloidea,accepted,106043,Coronuloidea,Superfamily
446910,Bathylasmatidae,446909,f230b8,3270,106064,Family,Bathylasmatidae,accepted,106064,Bathylasmatidae,Family
446911,Bathylasmatinae,446910,f230b8,3270,106078,Subfamily,Bathylasmatinae,accepted,106078,Bathylasmatinae,Subfamily
446912,Bathylasma,446911,f230b8,3270,106134,Genus,Bathylasma,accepted,106134,Bathylasma,Genus
446913,Scalpelloidea,445752,f230b8,3270,1422306,Superfamily,Scalpelloidea,accepted,1422306,Scalpelloidea,Superfamily
446914,Scalpellidae,446913,f230b8,3270,106055,Family,Scalpellidae,accepted,106055,Scalpellidae,Family
446915,Valvifera,443234,f230b8,3270,13800,Suborder,Valvifera,accepted,13800,Valvifera,Suborder
446916,Chaetiliidae,446915,f230b8,3270,118281,Family,Chaetiliidae,accepted,118281,Chaetiliidae,Family
446917,Glyptonotus,446916,f230b8,3270,174801,Genus,Glyptonotus,accepted,174801,Glyptonotus,Genus
446918,Asellota,443234,f230b8,3270,13794,Suborder,Asellota,accepted,13794,Asellota,Suborder
446919,Janiroidea,446918,f230b8,3270,155716,Superfamily,Janiroidea,accepted,155716,Janiroidea,Superfamily
446920,Munnopsidae,446919,f230b8,3270,118264,Family,Munnopsidae,accepted,118264,Munnopsidae,Family
446921,Eurycopinae,446920,f230b8,3270,325351,Subfamily,Eurycopinae,accepted,325351,Eurycopinae,Subfamily
446922,Macroptychaster accrescens,444177,2ee693,3270,234930,Species,Macroptychaster accrescens,accepted,234930,Macroptychaster accrescens,Species
446923,Pergamaster,443358,2ee693,3270,172587,Genus,Pergamaster,accepted,172587,Pergamaster,Genus
446924,Peribolaster macleani,445613,2ee693,3270,172764,Species,Peribolaster macleani,accepted,172764,Peribolaster macleani,Species
446925,Odontaster meridionalis,446140,2ee693,3270,172774,Species,Odontaster meridionalis,accepted,172774,Odontaster meridionalis,Species
446926,Lophaster,443378,2ee693,3270,123337,Genus,Lophaster,accepted,123337,Lophaster,Genus
446927,Lophaster gaini,446926,2ee693,3270,172785,Species,Lophaster gaini,accepted,172785,Lophaster gaini,Species
446928,Abatus,444202,2ee693,3270,160735,Genus,Abatus,accepted,160735,Abatus,Genus
446929,Adapedonta,446501,f2d649,3270,869601,Order,Adapedonta,accepted,869601,Adapedonta,Order
446930,Hiatelloidea,446929,f2d649,3270,14624,Superfamily,Hiatelloidea,accepted,14624,Hiatelloidea,Superfamily
446931,Hiatellidae,446930,f2d649,3270,251,Family,Hiatellidae,accepted,251,Hiatellidae,Family
446932,Hiatella,446931,f2d649,3270,138068,Genus,Hiatella,accepted,138068,Hiatella,Genus
446933,Neobuccinum,443605,f2d649,3270,196931,Genus,Neobuccinum,accepted,196931,Neobuccinum,Genus
446934,Neobuccinum eatoni,446933,f2d649,3270,197303,Species,Neobuccinum eatoni,accepted,197303,Neobuccinum eatoni,Species
446935,Pleurobranchida,444449,f2d649,3270,1059020,Order,Pleurobranchida,accepted,1059020,Pleurobranchida,Order
446936,Pleurobranchoidea,446935,f2d649,3270,412548,Superfamily,Pleurobranchoidea,accepted,412548,Pleurobranchoidea,Superfamily
446937,Pleurobranchidae,446936,f2d649,3270,1755,Family,Pleurobranchidae,accepted,1755,Pleurobranchidae,Family
446938,Bathyberthella,446937,f2d649,3270,196969,Genus,Bathyberthella,accepted,196969,Bathyberthella,Genus
446939,Bathyberthella antarctica,446938,f2d649,3270,197058,Species,Bathyberthella antarctica,accepted,197058,Bathyberthella antarctica,Species
446940,Bathydoridoidei,444451,f2bf18,3270,1056908,Infraorder,Bathydoridoidei,accepted,1056908,Bathydoridoidei,Infraorder
446941,Bathydoridoidea,446940,f2bf18,3270,412556,Superfamily,Bathydoridoidea,accepted,412556,Bathydoridoidea,Superfamily
446942,Bathydorididae,446941,f2bf18,3270,22991,Family,Bathydorididae,accepted,22991,Bathydorididae,Family
446943,Bathydoris,446942,f2bf18,3270,137691,Genus,Bathydoris,accepted,137691,Bathydoris,Genus
446944,Bathydoris hodgsoni,446943,f2bf18,3270,197061,Species,Bathydoris hodgsoni,accepted,197061,Bathydoris hodgsoni,Species
446945,Callozostron,443831,c50707,3270,173448,Genus,Callozostron,accepted,173448,Callozostron,Genus
446946,Suberites microstomus,443764,ba66ff,3270,170859,Species,Suberites microstomus,accepted,170859,Suberites microstomus,Species
446947,Suberites microstomus?,446946,ba66ff,3270,,Arbitrary,,,,,
446948,Myxilla mollis,444546,ff6666,3270,192652,Species,Myxilla mollis,alternative representation,169478,Myxilla (Myxilla) mollis,Species
446949,?Myxilla mollis,446948,ff6666,3270,,Arbitrary,,,,,
446950,Isodictyidae,443742,ba66ff,3270,131648,Family,Isodictyidae,accepted,131648,Isodictyidae,Family
446951,Isodictya,446950,ba66ff,3270,131905,Genus,Isodictya,accepted,131905,Isodictya,Genus
446952,Muusoctopus,443648,f2d649,3270,527126,Genus,Muusoctopus,accepted,527126,Muusoctopus,Genus
446953,Odontaster validus,446140,2ee693,3270,172775,Species,Odontaster validus,accepted,172775,Odontaster validus,Species
446954,Notasterias,443331,2ee693,3270,172533,Genus,Notasterias,accepted,172533,Notasterias,Genus
446955,Thracioidea,443699,f2d649,3270,382318,Superfamily,Thracioidea,accepted,382318,Thracioidea,Superfamily
446956,Laternulidae,446955,f2d649,3270,2092,Family,Laternulidae,accepted,2092,Laternulidae,Family
446957,Laternula,446956,f2d649,3270,138106,Genus,Laternula,accepted,138106,Laternula,Genus
446958,Laternula elliptica,446957,f2d649,3270,197217,Species,Laternula elliptica,accepted,197217,Laternula elliptica,Species
446959,Sphaerotylus,444550,ba66ff,3270,132051,Genus,Sphaerotylus,accepted,132051,Sphaerotylus,Genus
446960,Sphaerotylus antarcticus,446959,ba66ff,3270,170680,Species,Sphaerotylus antarcticus,accepted,170680,Sphaerotylus antarcticus,Species
446961,Niphatidae,443778,ba66ff,3270,131637,Family,Niphatidae,accepted,131637,Niphatidae,Family
446962,Hemigellius,446961,ba66ff,3270,131843,Genus,Hemigellius,accepted,131843,Hemigellius,Genus
446963,Hemigellius fimbriatus,446962,ba66ff,3270,166758,Species,Hemigellius fimbriatus,accepted,166758,Hemigellius fimbriatus,Species
446964,Homaxinella balfourensis,444537,ba66ff,3270,170758,Species,Homaxinella balfourensis,accepted,170758,Homaxinella balfourensis,Species
446965,Microxina,446961,ba66ff,3270,166763,Genus,Microxina,accepted,166763,Microxina,Genus
446966,Microxina benedeni,446965,ba66ff,3270,166764,Species,Microxina benedeni,accepted,166764,Microxina benedeni,Species
446967,?Microxina benedeni,446966,ba66ff,3270,,Arbitrary,,,,,
446968,Isodictya setifera,446951,ba66ff,3270,168471,Species,Isodictya setifera,accepted,168471,Isodictya setifera,Species
446969,Haliclona scotti,444533,ff6666,3270,166455,Species,Haliclona scotti,alternative representation,1716117,Haliclona (Rhizoniera) scotti,Species
446970,Suberites caminatus,443764,ba66ff,3270,134273,Species,Suberites caminatus,accepted,134273,Suberites caminatus,Species
446971,Pilidiophora,443213,f28f0c,3270,1320351,Class,Pilidiophora,accepted,1320351,Pilidiophora,Class
446972,Heteronemertea,446971,f28f0c,3270,122305,Order,Heteronemertea,accepted,122305,Heteronemertea,Order
446973,Lineidae,446972,f28f0c,3270,122314,Family,Lineidae,accepted,122314,Lineidae,Family
446974,Parborlasia,446973,f28f0c,3270,147829,Genus,Parborlasia,accepted,147829,Parborlasia,Genus
446975,Parborlasia corrugatus,446974,f40b0b,3270,1776775,Species,Parborlasia corrugatus,incorrect grammatical agreement of specific epithet,155836,Parborlasia corrugata,Species
446976,Cnemidocarpa,445564,30c8f2,3270,103530,Genus,Cnemidocarpa,accepted,103530,Cnemidocarpa,Genus
446977,Cnemidocarpa verrucosa,446976,30c8f2,3270,173893,Species,Cnemidocarpa verrucosa,accepted,173893,Cnemidocarpa verrucosa,Species
446978,Staurocucumis liouvillei,444247,2ee693,3270,325442,Species,Staurocucumis liouvillei,accepted,325442,Staurocucumis liouvillei,Species
446979,Hemimycale,444555,ba66ff,3270,131948,Genus,Hemimycale,accepted,131948,Hemimycale,Genus
446980,Hemimycale topsenti,446979,ba66ff,3270,1460699,Species,Hemimycale topsenti,accepted,1460699,Hemimycale topsenti,Species
446981,Distaplia,446702,30c8f2,3270,103464,Genus,Distaplia,accepted,103464,Distaplia,Genus
446982,Distaplia cylindrica,446981,30c8f2,3270,173392,Species,Distaplia cylindrica,accepted,173392,Distaplia cylindrica,Species
446983,Mopseidae,443824,c50707,3270,1544107,Family,Mopseidae,accepted,1544107,Mopseidae,Family
446984,Ganeriinae,444185,2ee693,3270,370975,Subfamily,Ganeriinae,accepted,370975,Ganeriinae,Subfamily
446985,Perknaster,446984,2ee693,3270,172579,Genus,Perknaster,accepted,172579,Perknaster,Genus
446986,Heliometrinae,444863,2ee693,3270,340801,Subfamily,Heliometrinae,accepted,340801,Heliometrinae,Subfamily
446987,Promachocrinus,446986,2ee693,3270,173828,Genus,Promachocrinus,accepted,173828,Promachocrinus,Genus
446988,Promachocrinus kerguelensis,446987,2ee693,3270,173830,Species,Promachocrinus kerguelensis,accepted,173830,Promachocrinus kerguelensis,Species
446989,Staurocucumis turqueti,444247,2ee693,3270,529672,Species,Staurocucumis turqueti,accepted,529672,Staurocucumis turqueti,Species
446990,Icefish nest,443297,640cf2,3270,,Arbitrary,,,,,
446991,Mycale acerata,444543,ff6666,3270,175118,Species,Mycale acerata,alternative representation,168672,Mycale (Oxymycale) acerata,Species
446992,Clathria (Axosuberites),444779,ba66ff,3270,167470,Subgenus,Clathria (Axosuberites),accepted,167470,Clathria (Axosuberites),Subgenus
446993,Clathria (Axosuberites) nidificata,446992,ba66ff,3270,167479,Species,Clathria (Axosuberites) nidificata,accepted,167479,Clathria (Axosuberites) nidificata,Species
446994,Clathria nidificata,446993,ba66ff,3270,,Arbitrary,,,,,
446995,Velutinoidea,443614,f2d649,3270,387339,Superfamily,Velutinoidea,accepted,387339,Velutinoidea,Superfamily
446996,Velutinidae,446995,f2d649,3270,143,Family,Velutinidae,accepted,143,Velutinidae,Family
446997,Marseniopsinae,446996,f2d649,3270,1614200,Subfamily,Marseniopsinae,accepted,1614200,Marseniopsinae,Subfamily
446998,Marseniopsis,446997,f2d649,3270,196957,Genus,Marseniopsis,accepted,196957,Marseniopsis,Genus
446999,Marseniopsis mollis,446998,f2d649,3270,197269,Species,Marseniopsis mollis,accepted,197269,Marseniopsis mollis,Species
447000,Marseniopsis mollis?,446999,f2d649,3270,,Arbitrary,,,,,
447001,Leucascidae,444844,ba66ff,3270,131621,Family,Leucascidae,accepted,131621,Leucascidae,Family
447002,Leucascus,447001,ba66ff,3270,164740,Genus,Leucascus,accepted,164740,Leucascus,Genus
447003,Leucascus leptoraphis,447002,ba66ff,3270,720264,Species,Leucascus leptoraphis,accepted,720264,Leucascus leptoraphis,Species
447004,Tritonioidea,444944,f2d649,3270,412595,Superfamily,Tritonioidea,accepted,412595,Tritonioidea,Superfamily
447005,Tritoniidae,447004,f2d649,3270,183,Family,Tritoniidae,accepted,183,Tritoniidae,Family
447006,Tritoniinae,447005,f2d649,3270,1669234,Subfamily,Tritoniinae,accepted,1669234,Tritoniinae,Subfamily
447007,Tritoniella,447006,f2d649,3270,196984,Genus,Tritoniella,accepted,196984,Tritoniella,Genus
447008,Tritoniella belli,447007,f2d649,3270,197498,Species,Tritoniella belli,accepted,197498,Tritoniella belli,Species
447009,ASC stalked 01 TAN2101,443282,bbaaaa,3270,,Arbitrary,,,,,
447010,Desmarestiales,444650,7cd5b4,3270,21237,Order,Desmarestiales,accepted,21237,Desmarestiales,Order
447011,Desmarestiaceae,447010,7cd5b4,3270,143705,Family,Desmarestiaceae,accepted,143705,Desmarestiaceae,Family
447012,Himantothallus,447011,7cd5b4,3270,325516,Genus,Himantothallus,accepted,325516,Himantothallus,Genus
447013,Himantothallus grandifolius,447012,7cd5b4,3270,325517,Species,Himantothallus grandifolius,accepted,325517,Himantothallus grandifolius,Species
447014,Algae fleshy TAN2101,444678,bbaaaa,3270,,Arbitrary,,,,,
447016,ASC stalked 02 TAN2101,443282,bbaaaa,3270,,Arbitrary,,,,,
447017,Marseniopsis syowaensis,446998,f2d649,3270,197273,Species,Marseniopsis syowaensis,accepted,197273,Marseniopsis syowaensis,Species
447018,Branchiocerianthus,444334,c50707,3270,117058,Genus,Branchiocerianthus,accepted,117058,Branchiocerianthus,Genus
447019,Euplectella plumosa,443789,ba66ff,3270,1474673,Species,Euplectella plumosa,accepted,1474673,Euplectella plumosa,Species
447020,Euplectella cf. plumosa,447019,ba66ff,3270,,Arbitrary,,,,,
447021,Euplectella semisimplex,443789,ba66ff,3270,1287696,Species,Euplectella semisimplex,accepted,1287696,Euplectella semisimplex,Species
447022,Euplectella cf. semisimplex,447021,ba66ff,3270,,Arbitrary,,,,,
447023,Rhabdodictyum,445787,ba66ff,3270,132101,Genus,Rhabdodictyum,accepted,132101,Rhabdodictyum,Genus
447024,Hyalonema (Thamnonemiella),444576,ba66ff,3270,171546,Subgenus,Hyalonema (Thamnonemiella),accepted,171546,Hyalonema (Thamnonemiella),Subgenus
447025,Hyalonema (Thamnonemiella?),447024,ba66ff,3270,,Arbitrary,,,,,
447026,Eurete,445826,ba66ff,3270,132104,Genus,Eurete,accepted,132104,Eurete,Genus
447027,Anthenoides,443358,2ee693,3270,178060,Genus,Anthenoides,accepted,178060,Anthenoides,Genus
447028,Hoplocarida,443180,f230b8,3270,1087,Subclass,Hoplocarida,accepted,1087,Hoplocarida,Subclass
447029,Stomatopoda,447028,f230b8,3270,14355,Order,Stomatopoda,accepted,14355,Stomatopoda,Order
447030,Unipeltata,447029,f230b8,3270,148540,Suborder,Unipeltata,accepted,148540,Unipeltata,Suborder
447031,Gonodactyloidea,447030,f230b8,3270,155825,Superfamily,Gonodactyloidea,accepted,155825,Gonodactyloidea,Superfamily
447032,Odontodactylidae,447031,f230b8,3270,196129,Family,Odontodactylidae,accepted,196129,Odontodactylidae,Family
447033,Odontodactylus,447032,f230b8,3270,203960,Genus,Odontodactylus,accepted,203960,Odontodactylus,Genus
447034,Odontodactylus hawaiiensis,447033,f230b8,3270,408966,Species,Odontodactylus hawaiiensis,accepted,408966,Odontodactylus hawaiiensis,Species
447035,Polyprion americanus,445486,30c8f2,3270,126998,Species,Polyprion americanus,accepted,126998,Polyprion americanus,Species
447036,Paracis,446903,c39a07,3270,267673,Genus,Paracis,junior homonym,1665601,Neoacis,Genus
447037,Paracis?,447036,c39a07,3270,,Arbitrary,,,,,
447038,Villogorgia,446903,c50707,3270,125316,Genus,Villogorgia,accepted,125316,Villogorgia,Genus
447039,Villogorgia?,447038,c50707,3270,,Arbitrary,,,,,
447040,Metanarella,443831,c50707,3270,719486,Genus,Metanarella,accepted,719486,Metanarella,Genus
447041,Coscinasterias,443331,2ee693,3270,123220,Genus,Coscinasterias,accepted,123220,Coscinasterias,Genus
447042,Coscinasterias muricata,447041,2ee693,3270,291596,Species,Coscinasterias muricata,accepted,291596,Coscinasterias muricata,Species
447043,Desmacellida,443730,ba66ff,3270,845474,Order,Desmacellida,accepted,845474,Desmacellida,Order
447044,Desmacellidae,447043,ba66ff,3270,131645,Family,Desmacellidae,accepted,131645,Desmacellidae,Family
447045,Microtylostylifer,447044,ba66ff,3270,168314,Genus,Microtylostylifer,accepted,168314,Microtylostylifer,Genus
447046,Alternatipathes,443850,c50707,3270,994317,Genus,Alternatipathes,accepted,994317,Alternatipathes,Genus
447051,Ctenophora,443147,176bab,3270,1248,Phylum,Ctenophora,accepted,1248,Ctenophora,Phylum
447052,Stauropathes,443850,c50707,3270,267854,Genus,Stauropathes,accepted,267854,Stauropathes,Genus
447053,Stauropathes?,447052,c50707,3270,,Arbitrary,,,,,
447054,Calyptogena x10,446506,bbaaaa,3270,,Arbitrary,,,,,
447055,Calyptogena x50,446506,bbaaaa,3270,,Arbitrary,,,,,
447056,Calyptogena x100,446506,bbaaaa,3270,,Arbitrary,,,,,
447057,Calyptogena x500,446506,bbaaaa,3270,,Arbitrary,,,,,
447058,Bathymodiolus x10,445057,bbaaaa,3270,,Arbitrary,,,,,
447059,Bathymodiolus x50,445057,bbaaaa,3270,,Arbitrary,,,,,
447060,Bathymodiolus x100,445057,bbaaaa,3270,,Arbitrary,,,,,
447061,Bathymodiolus x500,445057,bbaaaa,3270,,Arbitrary,,,,,
447062,Lamellibrachia columna x10,446547,bbaaaa,3270,,Arbitrary,,,,,
447063,Lamellibrachia columna x50,446547,bbaaaa,3270,,Arbitrary,,,,,
447064,Lamellibrachia columna x100,446547,bbaaaa,3270,,Arbitrary,,,,,
447065,Lamellibrachia columna x500,446547,bbaaaa,3270,,Arbitrary,,,,,
447066,Munidopsis x10,446521,bbaaaa,3270,,Arbitrary,,,,,
447067,Munidopsis x50,446521,bbaaaa,3270,,Arbitrary,,,,,
447068,Munidopsis x100,446521,bbaaaa,3270,,Arbitrary,,,,,
447069,Munidopsis x500,446521,bbaaaa,3270,,Arbitrary,,,,,
447070,Barnacles x 10,443287,bbaaaa,3270,,Arbitrary,,,,,
447071,Barnacles x 50,443287,bbaaaa,3270,,Arbitrary,,,,,
447072,Barnacles x 100,443287,bbaaaa,3270,,Arbitrary,,,,,
447073,Barnacles x 500,443287,bbaaaa,3270,,Arbitrary,,,,,
447074,x10,445549,560b93,3270,,Arbitrary,,,,,
447075,x50,445549,560b93,3270,,Arbitrary,,,,,
447076,x100,445549,560b93,3270,,Arbitrary,,,,,
447077,x500,445549,560b93,3270,,Arbitrary,,,,,
447078,Pasiphaeoidea,443192,f230b8,3270,106717,Superfamily,Pasiphaeoidea,accepted,106717,Pasiphaeoidea,Superfamily
447079,Pasiphaeidae,447078,f230b8,3270,106790,Family,Pasiphaeidae,accepted,106790,Pasiphaeidae,Family
447080,Pasiphaea,447079,f230b8,3270,107052,Genus,Pasiphaea,accepted,107052,Pasiphaea,Genus
447081,Lepidoperca tasmanica,446411,30c8f2,3270,281304,Species,Lepidoperca tasmanica,accepted,281304,Lepidoperca tasmanica,Species
447082,Waveyline perch,447081,bbaaaa,3270,,Arbitrary,,,,,
447083,Astrostole,443331,2ee693,3270,255045,Genus,Astrostole,accepted,255045,Astrostole,Genus
447084,Pleurobranchaeidae,446936,f2d649,3270,412554,Family,Pleurobranchaeidae,accepted,412554,Pleurobranchaeidae,Family
447085,Pleurobranchaea,447084,f2d649,3270,138363,Genus,Pleurobranchaea,accepted,138363,Pleurobranchaea,Genus
447086,Pleurobranchaea maculata,447085,f2d649,3270,531612,Species,Pleurobranchaea maculata,accepted,531612,Pleurobranchaea maculata,Species
447087,Anthothela,443852,c50707,3270,125324,Genus,Anthothela,accepted,125324,Anthothela,Genus
447088,Aristaeomorpha,446519,f230b8,3270,158325,Genus,Aristaeomorpha,accepted,158325,Aristaeomorpha,Genus
447089,Aristaeomorpha foliacea,447088,f230b8,3270,158326,Species,Aristaeomorpha foliacea,accepted,158326,Aristaeomorpha foliacea,Species
447090,Babamunida,443561,f230b8,3270,387290,Genus,Babamunida,accepted,387290,Babamunida,Genus
447091,Babamunida javieri,447090,f230b8,3270,392185,Species,Babamunida javieri,accepted,392185,Babamunida javieri,Species
447092,Babamunida cf. javieri,447091,f230b8,3270,,Arbitrary,,,,,
447093,Oligotrema,446123,30c8f2,3270,146730,Genus,Oligotrema,accepted,146730,Oligotrema,Genus
447094,Oligotrema lyra,447093,30c8f2,3270,103942,Species,Oligotrema lyra,accepted,103942,Oligotrema lyra,Species
447095,Bellonella,443852,c50707,3270,267263,Genus,Bellonella,accepted,267263,Bellonella,Genus
447096,Nidaliidae,443794,c50707,3270,196169,Family,Nidaliidae,accepted,196169,Nidaliidae,Family
447097,Paraminabea,443825,c50707,3270,267691,Genus,Paraminabea,accepted,267691,Paraminabea,Genus
447098,Taeniurops,445175,30c8f2,3270,712240,Genus,Taeniurops,accepted,712240,Taeniurops,Genus
447099,Taeniurops meyeni,447098,30c8f2,3270,712972,Species,Taeniurops meyeni,accepted,712972,Taeniurops meyeni,Species
447100,Blotched Fantail Ray,447099,bbaaaa,3270,,Arbitrary,,,,,
447101,Seriola dumerili,445232,30c8f2,3270,126816,Species,Seriola dumerili,accepted,126816,Seriola dumerili,Species
447102,Great amberjack?,447101,bbaaaa,3270,,Arbitrary,,,,,
447103,Lutjanidae,444985,30c8f2,3270,151453,Family,Lutjanidae,accepted,151453,Lutjanidae,Family
447104,Lutjanus,447103,30c8f2,3270,159791,Genus,Lutjanus,accepted,159791,Lutjanus,Genus
447105,Lutjanus kasmira,447104,30c8f2,3270,218482,Species,Lutjanus kasmira,accepted,218482,Lutjanus kasmira,Species
447106,Common bluestripe snapper,447105,bbaaaa,3270,,Arbitrary,,,,,
447107,Parupeneus multifasciatus,445390,30c8f2,3270,277820,Species,Parupeneus multifasciatus,accepted,277820,Parupeneus multifasciatus,Species
447108,Manybar Goatfish,447107,bbaaaa,3270,,Arbitrary,,,,,
447109,Zanclidae,445248,30c8f2,3270,151428,Family,Zanclidae,accepted,151428,Zanclidae,Family
447110,Zanclus,447109,30c8f2,3270,204304,Genus,Zanclus,accepted,204304,Zanclus,Genus
447111,Zanclus cornutus,447110,30c8f2,3270,220083,Species,Zanclus cornutus,accepted,220083,Zanclus cornutus,Species
447112,Moorish idol,447111,bbaaaa,3270,,Arbitrary,,,,,
447113,Synchiropus,446407,30c8f2,3270,125932,Genus,Synchiropus,accepted,125932,Synchiropus,Genus
447114,Synchiropus splendidus,447113,30c8f2,3270,273264,Species,Synchiropus splendidus,accepted,273264,Synchiropus splendidus,Species
447115,Deepwater dragonet,447114,bbaaaa,3270,,Arbitrary,,,,,
447116,Paraulopus nigripinnis,446391,30c8f2,3270,282131,Species,Paraulopus nigripinnis,accepted,282131,Paraulopus nigripinnis,Species
447117,Tropical Cucumberfish,447116,bbaaaa,3270,,Arbitrary,,,,,
447118,Tropical snapper unspecified,443158,e645b5,3270,,Arbitrary,,,,,
447119,Tropical cardinalfish,443158,e645b5,3270,,Arbitrary,,,,,
447120,Tropical snapper Lethrinidae or Lutjanidae,443158,e645b5,3270,,Arbitrary,,,,,
447121,Unspecified halosaur,446341,bbaaaa,3270,,Arbitrary,,,,,
447122,Thoracotremata,443507,f230b8,3270,106682,Subsection,Thoracotremata,accepted,106682,Thoracotremata,Subsection
447123,Grapsoidea,447122,f230b8,3270,106706,Superfamily,Grapsoidea,accepted,106706,Grapsoidea,Superfamily
447124,Xenograpsidae,447123,f230b8,3270,439147,Family,Xenograpsidae,accepted,439147,Xenograpsidae,Family
447125,Siganidae,445248,30c8f2,3270,125562,Family,Siganidae,accepted,125562,Siganidae,Family
447126,Rabbitfish,447125,bbaaaa,3270,,Arbitrary,,,,,
447127,Heniochus,445249,30c8f2,3270,203886,Genus,Heniochus,accepted,203886,Heniochus,Genus
447128,Heniochus sp.,447127,30c8f2,3270,,Arbitrary,,,,,
447129,Tonguefish (Symphurus sp.),446432,bbaaaa,3270,,Arbitrary,,,,,
447130,Grapsidae,447123,f230b8,3270,106772,Family,Grapsidae,accepted,106772,Grapsidae,Family
447131,Cyrtomaia,443524,f230b8,3270,203984,Genus,Cyrtomaia,accepted,203984,Cyrtomaia,Genus
447132,Micropygoida,445030,2ee693,3270,510528,Order,Micropygoida,accepted,510528,Micropygoida,Order
447133,Micropygidae,447132,2ee693,3270,510784,Family,Micropygidae,accepted,510784,Micropygidae,Family
447134,Micropyga,447133,2ee693,3270,512435,Genus,Micropyga,accepted,512435,Micropyga,Genus
447135,Micropyga sp.,447134,2ee693,3270,,Arbitrary,,,,,
447136,Butterflyfish,445249,bbaaaa,3270,,Arbitrary,,,,,
447137,Carcharhinidae,445086,30c8f2,3270,105689,Family,Carcharhinidae,accepted,105689,Carcharhinidae,Family
447138,Carcharhinus,447137,30c8f2,3270,105719,Genus,Carcharhinus,accepted,105719,Carcharhinus,Genus
447139,shark (Carcharhinus sp. ),447138,bbaaaa,3270,,Arbitrary,,,,,
447140,unspecified Roughy (Hoplostethus sp.),443307,bbaaaa,3270,,Arbitrary,,,,,
447141,Platycephalidae,444971,30c8f2,3270,125593,Family,Platycephalidae,accepted,125593,Platycephalidae,Family
447142,Onigocia,447141,30c8f2,3270,205789,Genus,Onigocia,accepted,205789,Onigocia,Genus
447143,Flathead (Onegocia sp.),447142,bbaaaa,3270,,Arbitrary,,,,,
447144,Damselfish (Pomacentrid),445135,bbaaaa,3270,,Arbitrary,,,,,
447145,Heniochus acuminatus,447127,30c8f2,3270,218765,Species,Heniochus acuminatus,accepted,218765,Heniochus acuminatus,Species
447146,Pennant coralfish,447145,bbaaaa,3270,,Arbitrary,,,,,
447147,Aphanipathidae,443501,c50707,3270,266960,Family,Aphanipathidae,accepted,266960,Aphanipathidae,Family
447148,Anozopathes,447147,c50707,3270,1514476,Genus,Anozopathes,accepted,1514476,Anozopathes,Genus
447149,Anozopathes?,447148,c50707,3270,,Arbitrary,,,,,
447150,Stylopathes?,445872,c50707,3270,,Arbitrary,,,,,
447151,Tridopathes?,446645,c49b07,3270,,Arbitrary,,,,,
447152,Tylopathes,445871,c50707,3270,267934,Genus,Tylopathes,accepted,267934,Tylopathes,Genus
447153,Tylopathes?,447152,c50707,3270,,Arbitrary,,,,,
447154,Aphanipathinae,447147,c50707,3270,723397,Subfamily,Aphanipathinae,accepted,723397,Aphanipathinae,Subfamily
447155,Asteriopathes,447154,c50707,3270,267240,Genus,Asteriopathes,accepted,267240,Asteriopathes,Genus
447156,Asteriopathes?,447155,c50707,3270,,Arbitrary,,,,,
447157,Oculinidae?,446731,c50707,3270,,Arbitrary,,,,,
447158,Aphanostichopathes,447147,c50707,3270,1514479,Genus,Aphanostichopathes,accepted,1514479,Aphanostichopathes,Genus
447159,Aphanostichopathes?,447158,c50707,3270,,Arbitrary,,,,,
447160,Naked column anemone,443264,bbaaaa,3270,,Arbitrary,,,,,
447161,Himantothallus grandifolius (drifting),447013,bbaaaa,3270,,Arbitrary,,,,,
447163,HIGHLIGHT,445549,560b93,3270,,Arbitrary,,,,,
447164,Staurozoa,443256,c50707,3270,265044,Class,Staurozoa,accepted,265044,Staurozoa,Class
447165,Algae fleshy TAN2101 (drifting),447014,bbaaaa,3270,,Arbitrary,,,,,
447168,Antigoniidae,445248,30c8f2,3270,1517543,Family,Antigoniidae,accepted,1517543,Antigoniidae,Family
447169,Antigonia,447168,30c8f2,3270,126242,Genus,Antigonia,accepted,126242,Antigonia,Genus
447170,Antigonia sp.,447169,30c8f2,3270,,Arbitrary,,,,,
447171,Paracaesio,447103,30c8f2,3270,206169,Genus,Paracaesio,accepted,206169,Paracaesio,Genus
447172,Paracaesio xanthura,447171,f23131,3270,218502,Species,Paracaesio xanthura,misspelling - incorrect subsequent spelling,401693,Paracaesio xanthurus,Species
447173,Aulostomidae,445355,30c8f2,3270,154576,Family,Aulostomidae,accepted,154576,Aulostomidae,Family
447174,Aulostomus,447173,30c8f2,3270,205363,Genus,Aulostomus,accepted,205363,Aulostomus,Genus
447175,Aulostomus chinensis,447174,30c8f2,3270,217964,Species,Aulostomus chinensis,accepted,217964,Aulostomus chinensis,Species
447176,Epinephelus amblycephalus,445482,30c8f2,3270,273834,Species,Epinephelus amblycephalus,accepted,273834,Epinephelus amblycephalus,Species
447177,Epinephalus amblycephalus,447176,f23131,3270,,Arbitrary,,,,,
447178,?Berycidae,445219,30c8f2,3270,,Arbitrary,,,,,
447179,Lethrinidae,444985,30c8f2,3270,151458,Family,Lethrinidae,accepted,151458,Lethrinidae,Family
447180,Monotaxis,447179,30c8f2,3270,206935,Genus,Monotaxis,accepted,206935,Monotaxis,Genus
447181,Monotaxis heterodon,447180,30c8f2,3270,1042872,Species,Monotaxis heterodon,accepted,1042872,Monotaxis heterodon,Species
447182,?Monotaxis heterodon,447181,30c8f2,3270,,Arbitrary,,,,,
447183,Holocentriformes,443154,30c8f2,3270,1517488,Order,Holocentriformes,accepted,1517488,Holocentriformes,Order
447184,Holocentridae,447183,30c8f2,3270,125458,Family,Holocentridae,accepted,125458,Holocentridae,Family
447185,Holocentrinae,447184,30c8f2,3270,267057,Subfamily,Holocentrinae,accepted,267057,Holocentrinae,Subfamily
447186,Sargocentron,447185,30c8f2,3270,125704,Genus,Sargocentron,accepted,125704,Sargocentron,Genus
447187,Neobythitinae,445398,30c8f2,3270,154740,Subfamily,Neobythitinae,accepted,154740,Neobythitinae,Subfamily
447188,Dicrolene,447187,30c8f2,3270,159129,Genus,Dicrolene,accepted,159129,Dicrolene,Genus
447189,Dicrolene sp.?,447188,30c8f2,3270,,Arbitrary,,,,,
447190,Lethrinus,447179,30c8f2,3270,206059,Genus,Lethrinus,accepted,206059,Lethrinus,Genus
447191,Lethrinus atkinsoni,447190,30c8f2,3270,278632,Species,Lethrinus atkinsoni,accepted,278632,Lethrinus atkinsoni,Species
447192,Lampriformes,443154,30c8f2,3270,10310,Order,Lampriformes,accepted,10310,Lampriformes,Order
447193,Trachipteridae,447192,30c8f2,3270,125483,Family,Trachipteridae,accepted,125483,Trachipteridae,Family
447194,Trachipterus,447193,30c8f2,3270,125788,Genus,Trachipterus,accepted,125788,Trachipterus,Genus
447195,Trachipterus trachypterus,447194,30c8f2,3270,126528,Species,Trachipterus trachypterus,accepted,126528,Trachipterus trachypterus,Species
447196,silver ribbonfish shape,447195,bbaaaa,3270,,Arbitrary,,,,,
447197,Pseudochromidae,445134,30c8f2,3270,151438,Family,Pseudochromidae,accepted,151438,Pseudochromidae,Family
447198,Pseudochrominae,447197,30c8f2,3270,151765,Subfamily,Pseudochrominae,accepted,151765,Pseudochrominae,Subfamily
447199,Pseudochromis,447198,30c8f2,3270,205515,Genus,Pseudochromis,accepted,205515,Pseudochromis,Genus
447200,Dottyback,447199,bbaaaa,3270,,Arbitrary,,,,,
447201,Parupeneus sp.,445390,30c8f2,3270,,Arbitrary,,,,,
447202,Malacanthidae,444985,30c8f2,3270,151447,Family,Malacanthidae,accepted,151447,Malacanthidae,Family
447203,Malacanthinae,447202,30c8f2,3270,151772,Subfamily,Malacanthinae,accepted,151772,Malacanthinae,Subfamily
447204,Hoplolatilus,447203,30c8f2,3270,205418,Genus,Hoplolatilus,accepted,205418,Hoplolatilus,Genus
447205,Hoplolatilus luteus,447204,30c8f2,3270,278090,Species,Hoplolatilus luteus,accepted,278090,Hoplolatilus luteus,Species
447206,Hoploatilus luteus?,447205,f23131,3270,,Arbitrary,,,,,
447207,Pteroidichthys,445455,30c8f2,3270,270645,Genus,Pteroidichthys,accepted,270645,Pteroidichthys,Genus
447208,Pteroidichthys sp,447207,30c8f2,3270,,Arbitrary,,,,,
447209,Chromis circumaurea,445136,30c8f2,3270,345846,Species,Chromis circumaurea,accepted,345846,Chromis circumaurea,Species
447210,Chromis circummaurea,447209,f23131,3270,,Arbitrary,,,,,
447211,Ogcocephalidae,444028,30c8f2,3270,125495,Family,Ogcocephalidae,accepted,125495,Ogcocephalidae,Family
447212,Batfish?,447211,bbaaaa,3270,,Arbitrary,,,,,
447213,Green bladed algae,444678,bbaaaa,3270,,Arbitrary,,,,,
447214,Lamniformes,445085,30c8f2,3270,10209,Order,Lamniformes,accepted,10209,Lamniformes,Order
447215,Lamnidae,447214,30c8f2,3270,105702,Family,Lamnidae,accepted,105702,Lamnidae,Family
447216,Lamna,447215,30c8f2,3270,105744,Genus,Lamna,accepted,105744,Lamna,Genus
447217,Lamna nasus,447216,30c8f2,3270,105841,Species,Lamna nasus,accepted,105841,Lamna nasus,Species
447218,Porbeagle shark,447217,bbaaaa,3270,,Arbitrary,,,,,
447219,Araeosoma sp.6,444880,2ee693,3270,,Arbitrary,,,,,
447220,Araeosoma sp.1,444880,2ee693,3270,,Arbitrary,,,,,
447221,Scyphozoa,443271,c50707,3270,135220,Class,Scyphozoa,accepted,135220,Scyphozoa,Class
447222,Coronamedusae,447221,c50707,3270,135223,Subclass,Coronamedusae,accepted,135223,Coronamedusae,Subclass
447223,Coronatae,447222,c50707,3270,851649,Order,Coronatae,accepted,851649,Coronatae,Order
447224,Periphyllidae,447223,c50707,3270,135233,Family,Periphyllidae,accepted,135233,Periphyllidae,Family
447225,Periphylla,447224,c50707,3270,135252,Genus,Periphylla,accepted,135252,Periphylla,Genus
447226,Periphylla periphylla,447225,c50707,3270,135294,Species,Periphylla periphylla,accepted,135294,Periphylla periphylla,Species
447227,Anthoptilum sp.1,446525,c50707,3270,,Arbitrary,,,,,
447228,Ophiurida sp.6,443389,2ee693,3270,,Arbitrary,,,,,
447229,Geodidae sp.,443749,ba66ff,3270,,Arbitrary,,,,,
447230,Novodiniidae,443225,2ee693,3270,1724198,Family,Novodiniidae,accepted,1724198,Novodiniidae,Family
447231,Novodinia,447230,2ee693,3270,123213,Genus,Novodinia,accepted,123213,Novodinia,Genus
447232,Novodiva sp.,447231,e62d2d,3270,,Arbitrary,,,,,
447233,Hyocrinida,444860,17e6ae,3270,246674,Order,Hyocrinida,accepted,246674,Hyocrinida,Order
447234,Hyocrinidae,447233,17e6ae,3270,123155,Family,Hyocrinidae,accepted,123155,Hyocrinidae,Family
447235,Hyocrinus,447234,17e6ae,3270,340805,Genus,Hyocrinus,accepted,340805,Hyocrinus,Genus
447236,Hyocrinus sp.,447235,17e6ae,3270,,Arbitrary,,,,,
447237,Heterocarpus,443550,f230b8,3270,107042,Genus,Heterocarpus,accepted,107042,Heterocarpus,Genus
447238,Heterocarpus sp.,447237,f230b8,3270,,Arbitrary,,,,,
447239,Synoicum?,446128,30c8f2,3270,,Arbitrary,,,,,
447240,Sharks,445080,bbaaaa,3270,,Arbitrary,,,,,
447241,Shark egg case,443297,640cf2,3270,,Arbitrary,,,,,
447242,Myxilla novaezealandiae,444546,ff6666,3270,192655,Species,Myxilla novaezealandiae,alternative representation,169481,Myxilla (Myxilla) novaezealandiae,Species
447243,Myxilla novaezelandiae,447242,ff6666,3270,,Arbitrary,,,,,
447244,Mycale novaezelandiae,446815,ff6666,3270,,Arbitrary,,,,,
447245,Jaspis sp.,444829,ba66ff,3270,,Arbitrary,,,,,
447246,Red bladed algae (drifting),445545,bbaaaa,3270,,Arbitrary,,,,,
447247,Crustose coralline algae,446680,bbaaaa,3270,,Arbitrary,,,,,
447248,Non-geniculate coralline algae,446680,bbaaaa,3270,,Arbitrary,,,,,
447249,Coraline algae UNI 01 (BOI),446680,bbaaaa,3270,,Arbitrary,,,,,
447250,Coraline algae UNI 02 (BOI),446680,bbaaaa,3270,,Arbitrary,,,,,
447251,Burrow (large),443682,640cf2,3270,,Arbitrary,,,,,
447252,Burrow (small),443682,640cf2,3270,,Arbitrary,,,,,
447253,Paired burrow,443682,640cf2,3270,,Arbitrary,,,,,
447254,rayed burrow,443682,640cf2,3270,,Arbitrary,,,,,
447255,Rayed Burrow,443682,640cf2,3270,,Arbitrary,,,,,
447256,Ring of burrows,443682,640cf2,3270,,Arbitrary,,,,,
447257,Scampi burrow,443682,640cf2,3270,,Arbitrary,,,,,
